IDITEM;IDBRAND;IDTYPE;IDCATEGORY;ARTNR;PARTNR;DESCRIPTION;TEXT1;TEXT2;TEXT3;TEXT4;TEXT5;TEXT6;TEXT7;TEXT8;TEXT9;TEXT10;NUMBER1;NUMBER2;NUMBER3;NUMBER4;NUMBER5;NUMBER6;NUMBER7;NUMBER8;NUMBER9;NUMBER10;BOOL1;BOOL2;BOOL3;BOOL4;BOOL5;BOOL6;BOOL7;BOOL8;BOOL9;BOOL10;TIMESTAMP
90000930;20000728;group;2009;;;849;;;;;;;;;;;;;;;;;;;;;;;;;;;;;;;20.02.2026
40055207;20000264;item;145142000;0734 A 003;;Fax L 200;;;;;;;;;;;200;;;;;;;;;;;;T;;;;;;;;20.02.2026
40055208;20000264;item;145142000;6653 A 004;;Fax L 280;;;;;;;;;;;280;;;;;;;;;;;;T;;;;;;;;20.02.2026
40054978;20000264;item;145131000;;;S 800;;;;;;;;;;;800;;;;;;;;;;;;T;;;;;;;;20.02.2026
40056997;20000264;item;145131000;7887 A 006;;S 830 D;;;;;;;;;;;830;;;;;;;;;;;;T;;;;;;;;20.02.2026
40055264;20001400;item;145142000;;;T-Fax 8300;;;;;;;;;;;8300;;;;;;;;;;;;T;;;;;;;;20.02.2026
40056448;20000264;item;145131000;;;S 820 D;;;;;;;;;;;820;;;;;;;;;;;;F;;;;;;;;20.02.2026
40056449;20000264;item;145131000;6873 A 006;;S 900;;;;;;;;;;;900;;;;;;;;;;;;T;;;;;;;;20.02.2026
40056450;20000264;item;145131000;6887 A 006;;S 9000;;;;;;;;;;;9000;;;;;;;;;;;;T;;;;;;;;20.02.2026
40056329;20001400;item;145142000;;;T-Fax 8600;;;;;;;;;;;8600;;;;;;;;;;;;F;;;;;;;;20.02.2026
40057073;20000264;item;145142000;;;Fax L 240;;;;;;;;;;;240;;;;;;;;;;;;T;;;;;;;;20.02.2026
40057074;20000264;item;145142000;7960 A 004;;Fax L 290;;;;;;;;;;;290;;;;;;;;;;;;F;;;;;;;;20.02.2026
40057075;20000264;item;145142000;7961 A 004;;Fax L 360;;;;;;;;;;;360;;;;;;;;;;;;T;;;;;;;;20.02.2026
40055423;20000264;item;145123000;;;Multipass L 6000;;;;;;;;;;;6000;;;;;;;;;;;;T;;;;;;;;20.02.2026
40054036;20000264;item;145142000;0686 A 006;;Fax L 350;;;;;;;;;;;350;;;;;;;;;;;;T;;;;;;;;20.02.2026
40056056;20000264;item;145123000;;;CFX L 3500 iF;;;;;;;;;;;3500;;;;;;;;;;;;T;;;;;;;;20.02.2026
31000136;20000264;group;2007;;;TX;;;;;;;;;;;2;;;;;;;;;;;;;;;;;;;;20.02.2026
31000137;20000264;group;2007;;;Typemate;;;;;;;;;;;2;;;;;;;;;;;;;;;;;;;;20.02.2026
31000138;20000264;group;2007;;;Typestar;;;;;;;;;;;2;;;;;;;;;;;;;;;;;;;;20.02.2026
31000139;20000264;group;2007;;;VP;;;;;;;;;;;2;;;;;;;;;;;;;;;;;;;;20.02.2026
31000140;20000264;group;2007;;;W;;;;;;;;;;;2;;;;;;;;;;;;;;;;;;;;20.02.2026
31000141;20000264;group;2007;;;Wordboy;;;;;;;;;;;1;;;;;;;;;;;;;;;;;;;;20.02.2026
31000142;20000344;group;2007;;;MDP;;;;;;;;;;;1;;;;;;;;;;;;;;;;;;;;20.02.2026
31000143;20000344;group;2007;;;Pagemaster;;;;;;;;;;;1;;;;;;;;;;;;;;;;;;;;20.02.2026
31000144;20000344;group;2007;;;PR;;;;;;;;;;;1;;;;;;;;;;;;;;;;;;;;20.02.2026
31000145;20000344;group;2007;;;Signum;;;;;;;;;;;1;;;;;;;;;;;;;;;;;;;;20.02.2026
31000146;20001602;group;2007;;;C;;;;;;;;;;;1;;;;;;;;;;;;;;;;;;;;20.02.2026
31000147;20001602;group;2007;;;IPC;;;;;;;;;;;1;;;;;;;;;;;;;;;;;;;;20.02.2026
31000148;20001602;group;2007;;;IS;;;;;;;;;;;1;;;;;;;;;;;;;;;;;;;;20.02.2026
31000149;20001602;group;2007;;;ISC;;;;;;;;;;;1;;;;;;;;;;;;;;;;;;;;20.02.2026
31000150;20000471;group;2007;;;B;;;;;;;;;;;1;;;;;;;;;;;;;;;;;;;;20.02.2026
31000151;20000471;group;2007;;;BP;;;;;;;;;;;1;;;;;;;;;;;;;;;;;;;;20.02.2026
31000152;20000471;group;2007;;;D;;;;;;;;;;;1;;;;;;;;;;;;;;;;;;;;20.02.2026
31000153;20000471;group;2007;;;CP;;;;;;;;;;;1;;;;;;;;;;;;;;;;;;;;20.02.2026
31000154;20000471;group;2007;;;DDS;;;;;;;;;;;1;;;;;;;;;;;;;;;;;;;;20.02.2026
31000155;20000471;group;2007;;;DP;;;;;;;;;;;1;;;;;;;;;;;;;;;;;;;;20.02.2026
31000156;20000471;group;2007;;;FP;;;;;;;;;;;1;;;;;;;;;;;;;;;;;;;;20.02.2026
31000157;20000471;group;2007;;;LB;;;;;;;;;;;1;;;;;;;;;;;;;;;;;;;;20.02.2026
31000158;20000471;group;2007;;;LM;;;;;;;;;;;1;;;;;;;;;;;;;;;;;;;;20.02.2026
31000159;20000471;group;2007;;;LP;;;;;;;;;;;1;;;;;;;;;;;;;;;;;;;;20.02.2026
31000161;20000471;group;2007;;;LZR;;;;;;;;;;;1;;;;;;;;;;;;;;;;;;;;20.02.2026
31000162;20000471;group;2007;;;M;;;;;;;;;;;1;;;;;;;;;;;;;;;;;;;;20.02.2026
31000163;20000471;group;2007;;;P;;;;;;;;;;;1;;;;;;;;;;;;;;;;;;;;20.02.2026
31000164;20000471;group;2007;;;SPG;;;;;;;;;;;1;;;;;;;;;;;;;;;;;;;;20.02.2026
31000165;20000471;group;2007;;;Typhoon;;;;;;;;;;;1;;;;;;;;;;;;;;;;;;;;20.02.2026
31000166;20000513;group;2007;;;D;;;;;;;;;;;1;;;;;;;;;;;;;;;;;;;;20.02.2026
31000167;20000513;group;2007;;;Defax;;;;;;;;;;;1;;;;;;;;;;;;;;;;;;;;20.02.2026
31000168;20000513;group;2007;;;DFC;;;;;;;;;;;1;;;;;;;;;;;;;;;;;;;;20.02.2026
31000169;20000513;group;2007;;;Ineo;;;;;;;;;;;1;;;;;;;;;;;;;;;;;;;;20.02.2026
31000170;20000513;group;2007;;;L;;;;;;;;;;;1;;;;;;;;;;;;;;;;;;;;20.02.2026
31000171;20000513;group;2007;;;Laser;;;;;;;;;;;1;;;;;;;;;;;;;;;;;;;;20.02.2026
31000172;20000513;group;2007;;;LP;;;;;;;;;;;1;;;;;;;;;;;;;;;;;;;;20.02.2026
31000173;20000513;group;2007;;;LZ;;;;;;;;;;;1;;;;;;;;;;;;;;;;;;;;20.02.2026
31000174;20000513;group;2007;;;QC;;;;;;;;;;;1;;;;;;;;;;;;;;;;;;;;20.02.2026
31000175;20000530;group;2007;;;LN;;;;;;;;;;;1;;;;;;;;;;;;;;;;;;;;20.02.2026
31000176;20000530;group;2007;;;LP;;;;;;;;;;;1;;;;;;;;;;;;;;;;;;;;20.02.2026
31000177;20000530;group;2007;;;LQP;;;;;;;;;;;1;;;;;;;;;;;;;;;;;;;;20.02.2026
31000178;20000530;group;2007;;;LS;;;;;;;;;;;1;;;;;;;;;;;;;;;;;;;;20.02.2026
31000180;20000530;group;2007;;;LXP;;;;;;;;;;;1;;;;;;;;;;;;;;;;;;;;20.02.2026
31000181;20000530;group;2007;;;LXY;;;;;;;;;;;1;;;;;;;;;;;;;;;;;;;;20.02.2026
31000182;20000530;group;2007;;;M;;;;;;;;;;;1;;;;;;;;;;;;;;;;;;;;20.02.2026
31000183;20000530;group;2007;;;Multijet;;;;;;;;;;;1;;;;;;;;;;;;;;;;;;;;20.02.2026
31000184;20000530;group;2007;;;P;;;;;;;;;;;1;;;;;;;;;;;;;;;;;;;;20.02.2026
31000185;20000530;group;2007;;;PDP;;;;;;;;;;;1;;;;;;;;;;;;;;;;;;;;20.02.2026
31000186;20000530;group;2007;;;Printserver;;;;;;;;;;;1;;;;;;;;;;;;;;;;;;;;20.02.2026
31000187;20000252;group;2007;;;C;;;;;;;;;;;1;;;;;;;;;;;;;;;;;;;;20.02.2026
31000188;20000252;group;2007;;;CI;;;;;;;;;;;1;;;;;;;;;;;;;;;;;;;;20.02.2026
31000189;20000252;group;2007;;;CIE;;;;;;;;;;;1;;;;;;;;;;;;;;;;;;;;20.02.2026
31000190;20000252;group;2007;;;CL;;;;;;;;;;;1;;;;;;;;;;;;;;;;;;;;20.02.2026
31000191;20000252;group;2007;;;F;;;;;;;;;;;1;;;;;;;;;;;;;;;;;;;;20.02.2026
31000192;20000252;group;2007;;;IS;;;;;;;;;;;1;;;;;;;;;;;;;;;;;;;;20.02.2026
31000193;20000252;group;2007;;;M;;;;;;;;;;;1;;;;;;;;;;;;;;;;;;;;20.02.2026
31000196;20000252;group;2007;;;Prowriter;;;;;;;;;;;1;;;;;;;;;;;;;;;;;;;;20.02.2026
31000197;20000252;group;2007;;;Riteman;;;;;;;;;;;1;;;;;;;;;;;;;;;;;;;;20.02.2026
31000198;20000252;group;2007;;;Starwriter;;;;;;;;;;;1;;;;;;;;;;;;;;;;;;;;20.02.2026
31000199;20000593;group;2007;;;Actionlaser;;;;;;;;;;;2;;;;;;;;;;;;;;;;;;;;20.02.2026
31000200;20000593;group;2007;;;Actionprinter;;;;;;;;;;;2;;;;;;;;;;;;;;;;;;;;20.02.2026
31000201;20000593;group;2007;;;Aculaser;;;;;;;;;;;1;;;;;;;;;;;;;;;;;;;;20.02.2026
31000202;20000593;group;2007;;;Apex;;;;;;;;;;;2;;;;;;;;;;;;;;;;;;;;20.02.2026
31000203;20000593;group;2007;;;Color Proofer;;;;;;;;;;;1;;;;;;;;;;;;;;;;;;;;20.02.2026
31000204;20000593;group;2007;;;CR;;;;;;;;;;;2;;;;;;;;;;;;;;;;;;;;20.02.2026
31000205;20000593;group;2007;;;CTM;;;;;;;;;;;2;;;;;;;;;;;;;;;;;;;;20.02.2026
31000206;20000593;group;2007;;;DFX;;;;;;;;;;;2;;;;;;;;;;;;;;;;;;;;20.02.2026
34000797;20000728;group;2007;;;OfficeJet Pro X;;;;;;;;;;;1;;;;;;;;;;;;;;;;;;;;20.02.2026
34000817;20000499;group;2007;;;C;;;;;;;;;;;1;;;;;;;;;;;;;;;;;;;;20.02.2026
31000207;20000593;group;2007;;;DLQ;;;;;;;;;;;2;;;;;;;;;;;;;;;;;;;;20.02.2026
31000208;20000593;group;2007;;;DX;;;;;;;;;;;2;;;;;;;;;;;;;;;;;;;;20.02.2026
31000209;20000593;group;2007;;;EHT;;;;;;;;;;;2;;;;;;;;;;;;;;;;;;;;20.02.2026
31000210;20000593;group;2007;;;Elite;;;;;;;;;;;2;;;;;;;;;;;;;;;;;;;;20.02.2026
31000211;20000593;group;2007;;;EPL;;;;;;;;;;;1;;;;;;;;;;;;;;;;;;;;20.02.2026
31000212;20000593;group;2007;;;EPL-C;;;;;;;;;;;1;;;;;;;;;;;;;;;;;;;;20.02.2026
31000213;20000593;group;2007;;;EPL-N;;;;;;;;;;;1;;;;;;;;;;;;;;;;;;;;20.02.2026
31000214;20000593;group;2007;;;ERC;;;;;;;;;;;2;;;;;;;;;;;;;;;;;;;;20.02.2026
31000215;20000593;group;2007;;;EX;;;;;;;;;;;2;;;;;;;;;;;;;;;;;;;;20.02.2026
31000216;20000593;group;2007;;;Expert;;;;;;;;;;;2;;;;;;;;;;;;;;;;;;;;20.02.2026
31000217;20000593;group;2007;;;FX;;;;;;;;;;;2;;;;;;;;;;;;;;;;;;;;20.02.2026
31000218;20000593;group;2007;;;GQ;;;;;;;;;;;2;;;;;;;;;;;;;;;;;;;;20.02.2026
31000219;20000593;group;2007;;;GX;;;;;;;;;;;2;;;;;;;;;;;;;;;;;;;;20.02.2026
31000220;20000593;group;2007;;;HG;;;;;;;;;;;2;;;;;;;;;;;;;;;;;;;;20.02.2026
31000221;20000593;group;2007;;;HX;;;;;;;;;;;2;;;;;;;;;;;;;;;;;;;;20.02.2026
31000222;20000593;group;2007;;;IR;;;;;;;;;;;2;;;;;;;;;;;;;;;;;;;;20.02.2026
31000223;20000593;group;2007;;;IT-U;;;;;;;;;;;2;;;;;;;;;;;;;;;;;;;;20.02.2026
31000225;20000593;group;2007;;;LQ;;;;;;;;;;;2;;;;;;;;;;;;;;;;;;;;20.02.2026
31000226;20000593;group;2007;;;LX;;;;;;;;;;;2;;;;;;;;;;;;;;;;;;;;20.02.2026
31000227;20000593;group;2007;;;M;;;;;;;;;;;2;;;;;;;;;;;;;;;;;;;;20.02.2026
31000228;20000593;group;2007;;;Machjet;;;;;;;;;;;2;;;;;;;;;;;;;;;;;;;;20.02.2026
31000229;20000593;group;2007;;;MJ;;;;;;;;;;;1;;;;;;;;;;;;;;;;;;;;20.02.2026
31000230;20000593;group;2007;;;MP;;;;;;;;;;;2;;;;;;;;;;;;;;;;;;;;20.02.2026
31000231;20000593;group;2007;;;M-U;;;;;;;;;;;2;;;;;;;;;;;;;;;;;;;;20.02.2026
31000232;20000593;group;2007;;;MX;;;;;;;;;;;1;;;;;;;;;;;;;;;;;;;;20.02.2026
31000233;20000593;group;2007;;;P;;;;;;;;;;;2;;;;;;;;;;;;;;;;;;;;20.02.2026
31000234;20000593;group;2007;;;Picturemate;;;;;;;;;;;2;;;;;;;;;;;;;;;;;;;;20.02.2026
31000235;20000593;group;2007;;;PM;;;;;;;;;;;2;;;;;;;;;;;;;;;;;;;;20.02.2026
31000237;20000593;group;2007;;;RP;;;;;;;;;;;2;;;;;;;;;;;;;;;;;;;;20.02.2026
31000238;20000593;group;2007;;;RV;;;;;;;;;;;2;;;;;;;;;;;;;;;;;;;;20.02.2026
31000239;20000593;group;2007;;;RX;;;;;;;;;;;2;;;;;;;;;;;;;;;;;;;;20.02.2026
31000240;20000593;group;2007;;;SQ;;;;;;;;;;;2;;;;;;;;;;;;;;;;;;;;20.02.2026
31000241;20000593;group;2007;;;Stylus C;;;;;;;;;;;1;;;;;;;;;;;;;;;;;;;;20.02.2026
31000242;20000593;group;2007;;;Stylus Color;;;;;;;;;;;1;;;;;;;;;;;;;;;;;;;;20.02.2026
31000243;20000593;group;2007;;;Stylus CX;;;;;;;;;;;1;;;;;;;;;;;;;;;;;;;;20.02.2026
31000244;20000593;group;2007;;;Stylus D;;;;;;;;;;;1;;;;;;;;;;;;;;;;;;;;20.02.2026
31000245;20000593;group;2007;;;Stylus DX;;;;;;;;;;;1;;;;;;;;;;;;;;;;;;;;20.02.2026
31000246;20000593;group;2007;;;Stylus Photo;;;;;;;;;;;1;;;;;;;;;;;;;;;;;;;;20.02.2026
31000247;20000593;group;2007;;;Stylus Pro;;;;;;;;;;;1;;;;;;;;;;;;;;;;;;;;20.02.2026
31000248;20000593;group;2007;;;Stylus Scan;;;;;;;;;;;1;;;;;;;;;;;;;;;;;;;;20.02.2026
31000249;20000593;group;2007;;;Stylus;;;;;;;;;;;1;;;;;;;;;;;;;;;;;;;;20.02.2026
31000250;20000593;group;2007;;;T;;;;;;;;;;;2;;;;;;;;;;;;;;;;;;;;20.02.2026
31000251;20000593;group;2007;;;TLQ;;;;;;;;;;;2;;;;;;;;;;;;;;;;;;;;20.02.2026
31000252;20000593;group;2007;;;TM;;;;;;;;;;;1;;;;;;;;;;;;;;;;;;;;20.02.2026
31000253;20000593;group;2007;;;TM-H;;;;;;;;;;;1;;;;;;;;;;;;;;;;;;;;20.02.2026
31000254;20000593;group;2007;;;TM-J;;;;;;;;;;;1;;;;;;;;;;;;;;;;;;;;20.02.2026
31000255;20000593;group;2007;;;TM-U;;;;;;;;;;;1;;;;;;;;;;;;;;;;;;;;20.02.2026
31000256;20000593;group;2007;;;TQ;;;;;;;;;;;2;;;;;;;;;;;;;;;;;;;;20.02.2026
31000257;20000593;group;2007;;;TX;;;;;;;;;;;2;;;;;;;;;;;;;;;;;;;;20.02.2026
31000258;20000593;group;2007;;;VP;;;;;;;;;;;2;;;;;;;;;;;;;;;;;;;;20.02.2026
31000259;20000593;group;2007;;;X;;;;;;;;;;;2;;;;;;;;;;;;;;;;;;;;20.02.2026
31000260;20000652;group;2007;;;ACT;;;;;;;;;;;1;;;;;;;;;;;;;;;;;;;;20.02.2026
31000261;20000652;group;2007;;;Atrium;;;;;;;;;;;1;;;;;;;;;;;;;;;;;;;;20.02.2026
31000262;20000652;group;2007;;;Breeze;;;;;;;;;;;1;;;;;;;;;;;;;;;;;;;;20.02.2026
40059972;20001400;item;145142000;;;T-Fax 8601;;;;;;;;;;;8601;;;;;;;;;;;;F;;;;;;;;20.02.2026
40060682;20000264;item;145131000;8537 A 006;;I 990;;;;;;;;;;;990;;;;;;;;;;;;T;;;;;;;;20.02.2026
40060076;20000264;item;145142000;9193 A 004;;Fax L 220;;;;;;;;;;;220;;;;;;;;;;;;T;;;;;;;;20.02.2026
40060077;20000264;item;145142000;9192 A 004;;Fax L 295;;;;;;;;;;;295;;;;;;;;;;;;F;;;;;;;;20.02.2026
40060428;20000264;item;145123000;8098 A 025;;imageCLASS D 340;;;;;;;;;;;340;;;;;;;;;;;;T;;;;;;;;20.02.2026
40060429;20000264;item;145142000;;;Laser Class 510;;;;;;;;;;;510;;;;;;;;;;;;T;;;;;;;;20.02.2026
40060440;20000264;item;145121000;;;LBP-27;;;;;;;;;;;27;;;;;;;;;;;;T;;;;;;;;20.02.2026
40060441;20000264;item;145121000;;;Lasershot LBP-3200;;;;;;;;;;;3200;;;;;;;;;;;;F;;;;;;;;20.02.2026
40060442;20000264;item;145121000;;;LBP-300 n;;;;;;;;;;;300;;;;;;;;;;;;T;;;;;;;;20.02.2026
40060443;20000264;item;145121000;;;LBP-300 LDA;;;;;;;;;;;300;;;;;;;;;;;;T;;;;;;;;20.02.2026
40060444;20000264;item;145121000;;;LBP-300 LDF;;;;;;;;;;;300;;;;;;;;;;;;T;;;;;;;;20.02.2026
40060445;20000264;item;145121000;;;LBP-3200;;;;;;;;;;;3200;;;;;;;;;;;;T;;;;;;;;20.02.2026
40058387;20000264;item;145142000;8097 A 002;;Fax L 400;;;;;;;;;;;400;;;;;;;;;;;;T;;;;;;;;20.02.2026
40058388;20000264;item;145131000;8535 A 006;;I 9100;;;;;;;;;;;9100;;;;;;;;;;;;T;;;;;;;;20.02.2026
40058392;20000264;item;145142000;;;Faxphone L 75;;;;;;;;;;;75;;;;;;;;;;;;T;;;;;;;;20.02.2026
40060963;20000264;item;145142000;9400 A 004;;Fax L 380;;;;;;;;;;;380;;;;;;;;;;;;F;;;;;;;;20.02.2026
40057540;20000569;item;145142000;;;Agoris 5104;;;;;;;;;;;5104;;;;;;;;;;;;T;;;;;;;;20.02.2026
40057541;20000569;item;145142000;;;Agoris 6102;;;;;;;;;;;6102;;;;;;;;;;;;T;;;;;;;;20.02.2026
40061987;20000264;item;145131000;9316 A 017;;Pixma IP 3000;;;;;;;;;;;3000;;;;;;;;;;;;T;;;;;;;;20.02.2026
40061988;20000264;item;145131000;9317 A 017;;Pixma IP 4000;;;;;;;;;;;4000;;;;;;;;;;;;F;;;;;;;;20.02.2026
40061991;20000264;item;145132000;9790 A 006;;Pixma MP 750;;;;;;;;;;;750;;;;;;;;;;;;T;;;;;;;;20.02.2026
40061992;20000264;item;145132000;9791 A 009;;Pixma MP 780;;;;;;;;;;;780;;;;;;;;;;;;T;;;;;;;;20.02.2026
40061377;20000264;item;145131000;;;I 560 X;;;;;;;;;;;560;;;;;;;;;;;;F;;;;;;;;20.02.2026
40061378;20000264;item;145123000;9388 A 004;;Laserbase MF 5630;;;;;;;;;;;5630;;;;;;;;;;;;F;;;;;;;;20.02.2026
40061379;20000264;item;145123000;9388 A 007;;Laserbase MF 5650;;;;;;;;;;;5650;;;;;;;;;;;;F;;;;;;;;20.02.2026
40062092;20000264;item;145131000;9325 A 017;;Pixma IP 8500;;;;;;;;;;;8500;;;;;;;;;;;;T;;;;;;;;20.02.2026
40062093;20000264;item;145131000;;;Pixma IP 6000 D;;;;;;;;;;;6000;;;;;;;;;;;;T;;;;;;;;20.02.2026
40062094;20000264;item;145131000;;;Pixma IP 5000;;;;;;;;;;;5000;;;;;;;;;;;;T;;;;;;;;20.02.2026
40062095;20000264;item;145131000;;;Pixma IP 4000 P;;;;;;;;;;;4000;;;;;;;;;;;;F;;;;;;;;20.02.2026
40058098;20000264;item;145131000;;;BJ 895 PD;;;;;;;;;;;895;;;;;;;;;;;;T;;;;;;;;20.02.2026
40058099;20000264;item;145131000;;;BJ 535 PD;;;;;;;;;;;535;;;;;;;;;;;;T;;;;;;;;20.02.2026
40058100;20000264;item;145131000;;;BJ-F 9000;;;;;;;;;;;9000;;;;;;;;;;;;T;;;;;;;;20.02.2026
40057274;20000264;item;145142000;;;Fax L 3500 IF;;;;;;;;;;;3500;;;;;;;;;;;;T;;;;;;;;20.02.2026
40057275;20000264;item;145142000;;;Fax L 4500 IF;;;;;;;;;;;4500;;;;;;;;;;;;T;;;;;;;;20.02.2026
40057277;20000264;item;145142000;;;Laser Class 4000;;;;;;;;;;;4000;;;;;;;;;;;;T;;;;;;;;20.02.2026
40057278;20000264;item;145142000;;;Laser Class 4500;;;;;;;;;;;4500;;;;;;;;;;;;T;;;;;;;;20.02.2026
40057279;20000264;item;145142000;;;Laser Class 6000;;;;;;;;;;;6000;;;;;;;;;;;;T;;;;;;;;20.02.2026
40059694;20000264;item;145131000;;;I 960;;;;;;;;;;;960;;;;;;;;;;;;T;;;;;;;;20.02.2026
40059695;20000264;item;145131000;;;I 900 D;;;;;;;;;;;900;;;;;;;;;;;;F;;;;;;;;20.02.2026
40059698;20000264;item;145131000;;;I 860;;;;;;;;;;;860;;;;;;;;;;;;T;;;;;;;;20.02.2026
40059614;20000264;item;145131000;8567 A 006;;I 560;;;;;;;;;;;560;;;;;;;;;;;;F;;;;;;;;20.02.2026
40061862;20000264;item;145142000;9192 A 006;;Faxphone L 80;;;;;;;;;;;80;;;;;;;;;;;;T;;;;;;;;20.02.2026
40061863;20000264;item;145142000;0815 B 002;;Faxphone L 170;;;;;;;;;;;170;;;;;;;;;;;;T;;;;;;;;20.02.2026
40058919;20000264;item;145123000;7994 A 005;;PC-D 320;;;;;;;;;;;320;;;;;;;;;;;;T;;;;;;;;20.02.2026
40058920;20000264;item;145123000;8098 A 005;;PC-D 340;;;;;;;;;;;340;;;;;;;;;;;;T;;;;;;;;20.02.2026
40009658;20000264;item;145142000;;;Fax L 250;;;;;;;;;;;250;;;;;;;;;;;;T;;;;;;;;20.02.2026
40009659;20000264;item;145142000;0690 A 009;;Fax L 260 I;;;;;;;;;;;260;;;;;;;;;;;;T;;;;;;;;20.02.2026
40009660;20000264;item;145142000;;;Fax L 300;;;;;;;;;;;300;;;;;;;;;;;;T;;;;;;;;20.02.2026
40009690;20000264;item;145142000;;;Fax L 90;;;;;;;;;;;90;;;;;;;;;;;;T;;;;;;;;20.02.2026
90001224;20000728;group;2009;;;308;;;;;;;;;;;;;;;;;;;;;;;;;;;;;;;20.02.2026
40047805;20001400;item;145142000;;;T-Fax 374 L;;;;;;;;;;;374;;;;;;;;;;;;T;;;;;;;;20.02.2026
40047806;20001400;item;145142000;;;T-Fax 382 L;;;;;;;;;;;382;;;;;;;;;;;;T;;;;;;;;20.02.2026
40009674;20000264;item;145142000;;;Fax L 60;;;;;;;;;;;60;;;;;;;;;;;;T;;;;;;;;20.02.2026
40009919;20000264;item;145123000;;;Multipass L 60;;;;;;;;;;;60;;;;;;;;;;;;T;;;;;;;;20.02.2026
40009920;20000264;item;145123000;;;Multipass L 90;;;;;;;;;;;90;;;;;;;;;;;;T;;;;;;;;20.02.2026
34000352;20000098;group;2007;;;LQ;;;;;;;;;;;1;;;;;;;;;;;;;;;;;;;;20.02.2026
34000353;20000101;group;2007;;;DP;;;;;;;;;;;1;;;;;;;;;;;;;;;;;;;;20.02.2026
34000354;20000204;group;2007;;;A;;;;;;;;;;;1;;;;;;;;;;;;;;;;;;;;20.02.2026
34000355;20000218;group;2007;;;Fax-Com;;;;;;;;;;;1;;;;;;;;;;;;;;;;;;;;20.02.2026
34000356;20000228;group;2007;;;Paperjet;;;;;;;;;;;1;;;;;;;;;;;;;;;;;;;;20.02.2026
34000357;20000243;group;2007;;;CSF;;;;;;;;;;;1;;;;;;;;;;;;;;;;;;;;20.02.2026
34000358;20000243;group;2007;;;PRT;;;;;;;;;;;1;;;;;;;;;;;;;;;;;;;;20.02.2026
34000359;20000243;group;2007;;;M;;;;;;;;;;;1;;;;;;;;;;;;;;;;;;;;20.02.2026
34000360;20000243;group;2007;;;TWU;;;;;;;;;;;2;;;;;;;;;;;;;;;;;;;;20.02.2026
34000361;20000243;group;2007;;;Italia;;;;;;;;;;;2;;;;;;;;;;;;;;;;;;;;20.02.2026
34000362;20000243;group;2007;;;Pagemaster;;;;;;;;;;;1;;;;;;;;;;;;;;;;;;;;20.02.2026
34000364;20000243;group;2007;;;TTU;;;;;;;;;;;2;;;;;;;;;;;;;;;;;;;;20.02.2026
34000624;20001768;group;2007;;;D;;;;;;;;;;;1;;;;;;;;;;;;;;;;;;;;20.02.2026
34000625;20001768;group;2007;;;M;;;;;;;;;;;1;;;;;;;;;;;;;;;;;;;;20.02.2026
34000626;20001768;group;2007;;;DA;;;;;;;;;;;1;;;;;;;;;;;;;;;;;;;;20.02.2026
34000627;20001988;group;2007;;;RZ;;;;;;;;;;;1;;;;;;;;;;;;;;;;;;;;20.02.2026
34000628;20001988;group;2007;;;M;;;;;;;;;;;1;;;;;;;;;;;;;;;;;;;;20.02.2026
34000629;20001988;group;2007;;;P;;;;;;;;;;;1;;;;;;;;;;;;;;;;;;;;20.02.2026
34000630;50096914;group;2007;;;P;;;;;;;;;;;1;;;;;;;;;;;;;;;;;;;;20.02.2026
31000795;20001210;group;2007;;;F;;;;;;;;;;;2;;;;;;;;;;;;;;;;;;;;20.02.2026
31000796;20001210;group;2007;;;Faxstation;;;;;;;;;;;1;;;;;;;;;;;;;;;;;;;;20.02.2026
31000797;20001210;group;2007;;;P;;;;;;;;;;;1;;;;;;;;;;;;;;;;;;;;20.02.2026
31000798;20001210;group;2007;;;Printstation;;;;;;;;;;;1;;;;;;;;;;;;;;;;;;;;20.02.2026
31000799;20001210;group;2007;;;R;;;;;;;;;;;2;;;;;;;;;;;;;;;;;;;;20.02.2026
31000800;20001214;group;2007;;;Aficio;;;;;;;;;;;1;;;;;;;;;;;;;;;;;;;;20.02.2026
31000801;20001214;group;2007;;;Aficio AP;;;;;;;;;;;1;;;;;;;;;;;;;;;;;;;;20.02.2026
31000802;20001214;group;2007;;;Aficio FW;;;;;;;;;;;1;;;;;;;;;;;;;;;;;;;;20.02.2026
31000803;20001214;group;2007;;;Aficio BP;;;;;;;;;;;1;;;;;;;;;;;;;;;;;;;;20.02.2026
31000805;20001214;group;2007;;;Aficio Color;;;;;;;;;;;1;;;;;;;;;;;;;;;;;;;;20.02.2026
31000806;20001214;group;2007;;;Aficio FX;;;;;;;;;;;1;;;;;;;;;;;;;;;;;;;;20.02.2026
31000807;20001214;group;2007;;;Aficio G;;;;;;;;;;;1;;;;;;;;;;;;;;;;;;;;20.02.2026
31000808;20001214;group;2007;;;Bizworks;;;;;;;;;;;1;;;;;;;;;;;;;;;;;;;;20.02.2026
31000809;20001214;group;2007;;;BP;;;;;;;;;;;1;;;;;;;;;;;;;;;;;;;;20.02.2026
31000810;20001214;group;2007;;;C;;;;;;;;;;;2;;;;;;;;;;;;;;;;;;;;20.02.2026
31000811;20001214;group;2007;;;DP;;;;;;;;;;;2;;;;;;;;;;;;;;;;;;;;20.02.2026
31000813;20001214;group;2007;;;Fax;;;;;;;;;;;1;;;;;;;;;;;;;;;;;;;;20.02.2026
31000814;20001214;group;2007;;;FT;;;;;;;;;;;1;;;;;;;;;;;;;;;;;;;;20.02.2026
31000815;20001214;group;2007;;;FW;;;;;;;;;;;2;;;;;;;;;;;;;;;;;;;;20.02.2026
31000816;20001214;group;2007;;;Imagio;;;;;;;;;;;2;;;;;;;;;;;;;;;;;;;;20.02.2026
31000819;20001214;group;2007;;;LP;;;;;;;;;;;1;;;;;;;;;;;;;;;;;;;;20.02.2026
31000820;20001214;group;2007;;;LP-M;;;;;;;;;;;1;;;;;;;;;;;;;;;;;;;;20.02.2026
31000821;20001214;group;2007;;;LP-S;;;;;;;;;;;1;;;;;;;;;;;;;;;;;;;;20.02.2026
31000822;20001214;group;2007;;;LR;;;;;;;;;;;2;;;;;;;;;;;;;;;;;;;;20.02.2026
31000823;20001214;group;2007;;;M;;;;;;;;;;;2;;;;;;;;;;;;;;;;;;;;20.02.2026
31000824;20001214;group;2007;;;MR;;;;;;;;;;;2;;;;;;;;;;;;;;;;;;;;20.02.2026
31000825;20001214;group;2007;;;MV;;;;;;;;;;;2;;;;;;;;;;;;;;;;;;;;20.02.2026
31000827;20001214;group;2007;;;NC;;;;;;;;;;;2;;;;;;;;;;;;;;;;;;;;20.02.2026
31000828;20001214;group;2007;;;NT;;;;;;;;;;;2;;;;;;;;;;;;;;;;;;;;20.02.2026
31000829;20001214;group;2007;;;Preter;;;;;;;;;;;1;;;;;;;;;;;;;;;;;;;;20.02.2026
31000830;20001214;group;2007;;;Priport JP;;;;;;;;;;;1;;;;;;;;;;;;;;;;;;;;20.02.2026
31000831;20001214;group;2007;;;PS Laser;;;;;;;;;;;2;;;;;;;;;;;;;;;;;;;;20.02.2026
31000832;20001214;group;2007;;;Radius;;;;;;;;;;;2;;;;;;;;;;;;;;;;;;;;20.02.2026
31000835;20001214;group;2007;;;Rifax;;;;;;;;;;;2;;;;;;;;;;;;;;;;;;;;20.02.2026
31000836;20001214;group;2007;;;Ripro;;;;;;;;;;;1;;;;;;;;;;;;;;;;;;;;20.02.2026
31000837;20001214;group;2007;;;RP;;;;;;;;;;;2;;;;;;;;;;;;;;;;;;;;20.02.2026
31000838;20001214;group;2007;;;Spirio;;;;;;;;;;;2;;;;;;;;;;;;;;;;;;;;20.02.2026
31000839;20001214;group;2007;;;SS;;;;;;;;;;;2;;;;;;;;;;;;;;;;;;;;20.02.2026
31000840;20001214;group;2007;;;VT;;;;;;;;;;;1;;;;;;;;;;;;;;;;;;;;20.02.2026
31000841;20001237;group;2007;;;Crystal;;;;;;;;;;;1;;;;;;;;;;;;;;;;;;;;20.02.2026
31000842;20001237;group;2007;;;Fax Internet;;;;;;;;;;;1;;;;;;;;;;;;;;;;;;;;20.02.2026
31000843;20001237;group;2007;;;Fax Navigator;;;;;;;;;;;1;;;;;;;;;;;;;;;;;;;;20.02.2026
31000844;20001237;group;2007;;;Fax;;;;;;;;;;;1;;;;;;;;;;;;;;;;;;;;20.02.2026
31000845;20001237;group;2007;;;Laser PRO;;;;;;;;;;;1;;;;;;;;;;;;;;;;;;;;20.02.2026
31000846;20001237;group;2007;;;LZ;;;;;;;;;;;1;;;;;;;;;;;;;;;;;;;;20.02.2026
31000847;20001237;group;2007;;;MF-Fax;;;;;;;;;;;1;;;;;;;;;;;;;;;;;;;;20.02.2026
31000848;20001237;group;2007;;;MFJ Pro;;;;;;;;;;;1;;;;;;;;;;;;;;;;;;;;20.02.2026
31000849;20001237;group;2007;;;Navigator;;;;;;;;;;;1;;;;;;;;;;;;;;;;;;;;20.02.2026
31000850;20001237;group;2007;;;Phonefax;;;;;;;;;;;1;;;;;;;;;;;;;;;;;;;;20.02.2026
31000851;20001237;group;2007;;;Photo-Easy;;;;;;;;;;;1;;;;;;;;;;;;;;;;;;;;20.02.2026
31000852;20001237;group;2007;;;Quadrige;;;;;;;;;;;1;;;;;;;;;;;;;;;;;;;;20.02.2026
31001082;20001453;group;2007;;;Matura;;;;;;;;;;;2;;;;;;;;;;;;;;;;;;;;20.02.2026
31001083;20001453;group;2007;;;Mercedes Edition;;;;;;;;;;;2;;;;;;;;;;;;;;;;;;;;20.02.2026
31001084;20001453;group;2007;;;Micro;;;;;;;;;;;2;;;;;;;;;;;;;;;;;;;;20.02.2026
31001085;20001453;group;2007;;;MP;;;;;;;;;;;2;;;;;;;;;;;;;;;;;;;;20.02.2026
31001086;20001453;group;2007;;;MPR;;;;;;;;;;;2;;;;;;;;;;;;;;;;;;;;20.02.2026
31001087;20001453;group;2007;;;NP;;;;;;;;;;;2;;;;;;;;;;;;;;;;;;;;20.02.2026
31001088;20001453;group;2007;;;Officecopy;;;;;;;;;;;1;;;;;;;;;;;;;;;;;;;;20.02.2026
31001089;20001453;group;2007;;;PD;;;;;;;;;;;2;;;;;;;;;;;;;;;;;;;;20.02.2026
31001090;20001453;group;2007;;;PG;;;;;;;;;;;2;;;;;;;;;;;;;;;;;;;;20.02.2026
31001091;20001453;group;2007;;;PR;;;;;;;;;;;2;;;;;;;;;;;;;;;;;;;;20.02.2026
31001092;20001453;group;2007;;;Royal;;;;;;;;;;;2;;;;;;;;;;;;;;;;;;;;20.02.2026
31001093;20001453;group;2007;;;Satellite;;;;;;;;;;;2;;;;;;;;;;;;;;;;;;;;20.02.2026
31001094;20001453;group;2007;;;SDR;;;;;;;;;;;2;;;;;;;;;;;;;;;;;;;;20.02.2026
31001095;20001453;group;2007;;;SE;;;;;;;;;;;1;;;;;;;;;;;;;;;;;;;;20.02.2026
31001096;20001453;group;2007;;;TA;;;;;;;;;;;2;;;;;;;;;;;;;;;;;;;;20.02.2026
31001098;20001453;group;2007;;;Tippa;;;;;;;;;;;2;;;;;;;;;;;;;;;;;;;;20.02.2026
31001099;20001453;group;2007;;;TR;;;;;;;;;;;2;;;;;;;;;;;;;;;;;;;;20.02.2026
31001100;20001453;group;2007;;;TRD;;;;;;;;;;;2;;;;;;;;;;;;;;;;;;;;20.02.2026
31001101;20001453;group;2007;;;Twen;;;;;;;;;;;2;;;;;;;;;;;;;;;;;;;;20.02.2026
31001102;20001453;group;2007;;;Universal;;;;;;;;;;;2;;;;;;;;;;;;;;;;;;;;20.02.2026
31001103;20001453;group;2007;;;VS;;;;;;;;;;;2;;;;;;;;;;;;;;;;;;;;20.02.2026
31001104;20001453;group;2007;;;VSP;;;;;;;;;;;2;;;;;;;;;;;;;;;;;;;;20.02.2026
31001105;20001484;group;2007;;;C;;;;;;;;;;;1;;;;;;;;;;;;;;;;;;;;20.02.2026
31001106;20001484;group;2007;;;CD;;;;;;;;;;;1;;;;;;;;;;;;;;;;;;;;20.02.2026
31001107;20001484;group;2007;;;CDC;;;;;;;;;;;1;;;;;;;;;;;;;;;;;;;;20.02.2026
31001108;20001484;group;2007;;;CLP;;;;;;;;;;;1;;;;;;;;;;;;;;;;;;;;20.02.2026
31001109;20001484;group;2007;;;DCC;;;;;;;;;;;1;;;;;;;;;;;;;;;;;;;;20.02.2026
31001110;20001484;group;2007;;;DCP;;;;;;;;;;;1;;;;;;;;;;;;;;;;;;;;20.02.2026
31001111;20001484;group;2007;;;F;;;;;;;;;;;2;;;;;;;;;;;;;;;;;;;;20.02.2026
31001112;20001484;group;2007;;;Fax;;;;;;;;;;;1;;;;;;;;;;;;;;;;;;;;20.02.2026
31001113;20001484;group;2007;;;Laserfax LF;;;;;;;;;;;1;;;;;;;;;;;;;;;;;;;;20.02.2026
31001114;20001484;group;2007;;;LP;;;;;;;;;;;1;;;;;;;;;;;;;;;;;;;;20.02.2026
31001115;20001484;group;2007;;;M;;;;;;;;;;;2;;;;;;;;;;;;;;;;;;;;20.02.2026
31001116;20001484;group;2007;;;MF;;;;;;;;;;;2;;;;;;;;;;;;;;;;;;;;20.02.2026
31001117;20001484;group;2007;;;P;;;;;;;;;;;1;;;;;;;;;;;;;;;;;;;;20.02.2026
31001118;20001484;group;2007;;;S;;;;;;;;;;;2;;;;;;;;;;;;;;;;;;;;20.02.2026
31001119;20001484;group;2007;;;Starwriter;;;;;;;;;;;2;;;;;;;;;;;;;;;;;;;;20.02.2026
31001120;20001484;group;2007;;;T;;;;;;;;;;;2;;;;;;;;;;;;;;;;;;;;20.02.2026
31001121;20001535;group;2007;;;CopyCentre;;;;;;;;;;;1;;;;;;;;;;;;;;;;;;;;20.02.2026
31001122;20001535;group;2007;;;DC;;;;;;;;;;;1;;;;;;;;;;;;;;;;;;;;20.02.2026
31001123;20001535;group;2007;;;DocuColor;;;;;;;;;;;1;;;;;;;;;;;;;;;;;;;;20.02.2026
31001124;20001535;group;2007;;;Document Centre;;;;;;;;;;;1;;;;;;;;;;;;;;;;;;;;20.02.2026
31001125;20001535;group;2007;;;Document Homecentre;;;;;;;;;;;1;;;;;;;;;;;;;;;;;;;;20.02.2026
31001126;20001535;group;2007;;;Document WorkCentre PRO;;;;;;;;;;;1;;;;;;;;;;;;;;;;;;;;20.02.2026
31000510;20001029;group;2007;;;Jetmate;;;;;;;;;;;1;;;;;;;;;;;;;;;;;;;;20.02.2026
31000511;20001029;group;2007;;;LC;;;;;;;;;;;1;;;;;;;;;;;;;;;;;;;;20.02.2026
31000512;20001029;group;2007;;;LP;;;;;;;;;;;1;;;;;;;;;;;;;;;;;;;;20.02.2026
31000513;20001029;group;2007;;;N;;;;;;;;;;;2;;;;;;;;;;;;;;;;;;;;20.02.2026
31000514;20001029;group;2007;;;Nefax;;;;;;;;;;;1;;;;;;;;;;;;;;;;;;;;20.02.2026
31000515;20001029;group;2007;;;P;;;;;;;;;;;1;;;;;;;;;;;;;;;;;;;;20.02.2026
31000516;20001029;group;2007;;;PC;;;;;;;;;;;1;;;;;;;;;;;;;;;;;;;;20.02.2026
31000518;20001029;group;2007;;;Pinwriter;;;;;;;;;;;1;;;;;;;;;;;;;;;;;;;;20.02.2026
31000519;20001029;group;2007;;;Silentwriter;;;;;;;;;;;1;;;;;;;;;;;;;;;;;;;;20.02.2026
31000520;20001029;group;2007;;;Spinwriter;;;;;;;;;;;1;;;;;;;;;;;;;;;;;;;;20.02.2026
31000521;20001029;group;2007;;;Superscript;;;;;;;;;;;1;;;;;;;;;;;;;;;;;;;;20.02.2026
31000523;20001067;group;2007;;;Colorstream;;;;;;;;;;;1;;;;;;;;;;;;;;;;;;;;20.02.2026
31000524;20001067;group;2007;;;CS;;;;;;;;;;;1;;;;;;;;;;;;;;;;;;;;20.02.2026
31000525;20001067;group;2007;;;OP;;;;;;;;;;;1;;;;;;;;;;;;;;;;;;;;20.02.2026
31000527;20001074;group;2007;;;B;;;;;;;;;;;1;;;;;;;;;;;;;;;;;;;;20.02.2026
31000528;20001074;group;2007;;;C;;;;;;;;;;;1;;;;;;;;;;;;;;;;;;;;20.02.2026
31000530;20001074;group;2007;;;DP;;;;;;;;;;;2;;;;;;;;;;;;;;;;;;;;20.02.2026
31000531;20001074;group;2007;;;DPS;;;;;;;;;;;2;;;;;;;;;;;;;;;;;;;;20.02.2026
31000532;20001074;group;2007;;;DY;;;;;;;;;;;2;;;;;;;;;;;;;;;;;;;;20.02.2026
31000533;20001074;group;2007;;;ET;;;;;;;;;;;2;;;;;;;;;;;;;;;;;;;;20.02.2026
31000534;20001074;group;2007;;;Executive;;;;;;;;;;;2;;;;;;;;;;;;;;;;;;;;20.02.2026
31000535;20001074;group;2007;;;Laserline;;;;;;;;;;;2;;;;;;;;;;;;;;;;;;;;20.02.2026
31000537;20001074;group;2007;;;Microline;;;;;;;;;;;1;;;;;;;;;;;;;;;;;;;;20.02.2026
31000538;20001074;group;2007;;;ML;;;;;;;;;;;1;;;;;;;;;;;;;;;;;;;;20.02.2026
31000539;20001074;group;2007;;;Okifax;;;;;;;;;;;1;;;;;;;;;;;;;;;;;;;;20.02.2026
31000540;20001074;group;2007;;;Okijet;;;;;;;;;;;1;;;;;;;;;;;;;;;;;;;;20.02.2026
31000541;20001074;group;2007;;;Okilaser;;;;;;;;;;;1;;;;;;;;;;;;;;;;;;;;20.02.2026
31000542;20001074;group;2007;;;Okimate;;;;;;;;;;;1;;;;;;;;;;;;;;;;;;;;20.02.2026
31000543;20001074;group;2007;;;Okioffice;;;;;;;;;;;1;;;;;;;;;;;;;;;;;;;;20.02.2026
31000544;20001074;group;2007;;;Okipage;;;;;;;;;;;1;;;;;;;;;;;;;;;;;;;;20.02.2026
31000545;20001074;group;2007;;;Okipos;;;;;;;;;;;2;;;;;;;;;;;;;;;;;;;;20.02.2026
31000546;20001074;group;2007;;;Okiproof;;;;;;;;;;;2;;;;;;;;;;;;;;;;;;;;20.02.2026
31000547;20001074;group;2007;;;Pacemark;;;;;;;;;;;2;;;;;;;;;;;;;;;;;;;;20.02.2026
31000548;20001074;group;2007;;;Slimline;;;;;;;;;;;2;;;;;;;;;;;;;;;;;;;;20.02.2026
31000549;20001076;group;2007;;;A;;;;;;;;;;;2;;;;;;;;;;;;;;;;;;;;20.02.2026
31000551;20001076;group;2007;;;Anyway;;;;;;;;;;;1;;;;;;;;;;;;;;;;;;;;20.02.2026
31000552;20001076;group;2007;;;Artjet;;;;;;;;;;;1;;;;;;;;;;;;;;;;;;;;20.02.2026
31000553;20001076;group;2007;;;ATS;;;;;;;;;;;2;;;;;;;;;;;;;;;;;;;;20.02.2026
31000554;20001076;group;2007;;;Audit;;;;;;;;;;;2;;;;;;;;;;;;;;;;;;;;20.02.2026
31000555;20001076;group;2007;;;Autotronic;;;;;;;;;;;2;;;;;;;;;;;;;;;;;;;;20.02.2026
31000557;20001076;group;2007;;;CAT;;;;;;;;;;;2;;;;;;;;;;;;;;;;;;;;20.02.2026
31000559;20001076;group;2007;;;Compact;;;;;;;;;;;2;;;;;;;;;;;;;;;;;;;;20.02.2026
31000560;20001076;group;2007;;;Copia;;;;;;;;;;;1;;;;;;;;;;;;;;;;;;;;20.02.2026
31000561;20001076;group;2007;;;CR;;;;;;;;;;;2;;;;;;;;;;;;;;;;;;;;20.02.2026
31000562;20001076;group;2007;;;CRF;;;;;;;;;;;2;;;;;;;;;;;;;;;;;;;;20.02.2026
31000564;20001076;group;2007;;;CT;;;;;;;;;;;2;;;;;;;;;;;;;;;;;;;;20.02.2026
31000565;20001076;group;2007;;;CWP;;;;;;;;;;;2;;;;;;;;;;;;;;;;;;;;20.02.2026
31000566;20001076;group;2007;;;CX;;;;;;;;;;;2;;;;;;;;;;;;;;;;;;;;20.02.2026
31000567;20001076;group;2007;;;D-Color;;;;;;;;;;;1;;;;;;;;;;;;;;;;;;;;20.02.2026
31000568;20001076;group;2007;;;D-Copia;;;;;;;;;;;1;;;;;;;;;;;;;;;;;;;;20.02.2026
31000569;20001076;group;2007;;;Deluxe;;;;;;;;;;;2;;;;;;;;;;;;;;;;;;;;20.02.2026
31000570;20001076;group;2007;;;DES;;;;;;;;;;;2;;;;;;;;;;;;;;;;;;;;20.02.2026
31000571;20001076;group;2007;;;Divisumma;;;;;;;;;;;2;;;;;;;;;;;;;;;;;;;;20.02.2026
31000572;20001076;group;2007;;;DL;;;;;;;;;;;1;;;;;;;;;;;;;;;;;;;;20.02.2026
31000573;20001076;group;2007;;;DM;;;;;;;;;;;1;;;;;;;;;;;;;;;;;;;;20.02.2026
31000574;20001076;group;2007;;;Dotcart;;;;;;;;;;;2;;;;;;;;;;;;;;;;;;;;20.02.2026
31000575;20001076;group;2007;;;DP N;;;;;;;;;;;1;;;;;;;;;;;;;;;;;;;;20.02.2026
31000576;20001076;group;2007;;;DP;;;;;;;;;;;1;;;;;;;;;;;;;;;;;;;;20.02.2026
31000577;20001076;group;2007;;;DY;;;;;;;;;;;2;;;;;;;;;;;;;;;;;;;;20.02.2026
31000578;20001076;group;2007;;;EC;;;;;;;;;;;1;;;;;;;;;;;;;;;;;;;;20.02.2026
31000580;20001076;group;2007;;;ECR;;;;;;;;;;;1;;;;;;;;;;;;;;;;;;;;20.02.2026
31000853;20001237;group;2007;;;Safax;;;;;;;;;;;2;;;;;;;;;;;;;;;;;;;;20.02.2026
31000301;20000920;group;2007;;;LG;;;;;;;;;;;1;;;;;;;;;;;;;;;;;;;;20.02.2026
31000302;20000920;group;2007;;;Linewriter;;;;;;;;;;;1;;;;;;;;;;;;;;;;;;;;20.02.2026
31000855;20001237;group;2007;;;WEB Fax;;;;;;;;;;;1;;;;;;;;;;;;;;;;;;;;20.02.2026
31000856;20001240;group;2007;;;CLP;;;;;;;;;;;1;;;;;;;;;;;;;;;;;;;;20.02.2026
31000857;20001240;group;2007;;;EQ;;;;;;;;;;;2;;;;;;;;;;;;;;;;;;;;20.02.2026
31000858;20001240;group;2007;;;ER;;;;;;;;;;;2;;;;;;;;;;;;;;;;;;;;20.02.2026
31000860;20001240;group;2007;;;Finale;;;;;;;;;;;2;;;;;;;;;;;;;;;;;;;;20.02.2026
31000861;20001240;group;2007;;;FX;;;;;;;;;;;2;;;;;;;;;;;;;;;;;;;;20.02.2026
31000862;20001240;group;2007;;;LPC;;;;;;;;;;;2;;;;;;;;;;;;;;;;;;;;20.02.2026
31000863;20001240;group;2007;;;ML;;;;;;;;;;;1;;;;;;;;;;;;;;;;;;;;20.02.2026
31000864;20001240;group;2007;;;Msys;;;;;;;;;;;1;;;;;;;;;;;;;;;;;;;;20.02.2026
31000865;20001240;group;2007;;;OML;;;;;;;;;;;2;;;;;;;;;;;;;;;;;;;;20.02.2026
31000866;20001240;group;2007;;;Protege;;;;;;;;;;;2;;;;;;;;;;;;;;;;;;;;20.02.2026
34000323;20000264;group;2007;;;Satera;;;;;;;;;;;2;;;;;;;;;;;;;;;;;;;;20.02.2026
34000324;20001145;group;2007;;;Accel-A-Writer;;;;;;;;;;;1;;;;;;;;;;;;;;;;;;;;20.02.2026
34000325;20001099;group;2007;;;Panafax;;;;;;;;;;;1;;;;;;;;;;;;;;;;;;;;20.02.2026
34000326;20001240;group;2007;;;ProXpress;;;;;;;;;;;1;;;;;;;;;;;;;;;;;;;;20.02.2026
34000327;20002568;group;2007;;;Infoprint;;;;;;;;;;;1;;;;;;;;;;;;;;;;;;;;20.02.2026
34000328;20000002;group;2007;;;Fax;;;;;;;;;;;1;;;;;;;;;;;;;;;;;;;;20.02.2026
34000329;20000002;group;2007;;;H;;;;;;;;;;;1;;;;;;;;;;;;;;;;;;;;20.02.2026
34000330;20000004;group;2007;;;K;;;;;;;;;;;2;;;;;;;;;;;;;;;;;;;;20.02.2026
34000331;20000037;group;2007;;;CMS;;;;;;;;;;;1;;;;;;;;;;;;;;;;;;;;20.02.2026
34000332;20000037;group;2007;;;Beta;;;;;;;;;;;2;;;;;;;;;;;;;;;;;;;;20.02.2026
34000333;20000037;group;2007;;;Electric;;;;;;;;;;;1;;;;;;;;;;;;;;;;;;;;20.02.2026
34000334;20000037;group;2007;;;CS;;;;;;;;;;;1;;;;;;;;;;;;;;;;;;;;20.02.2026
34000335;20000037;group;2007;;;Gabriele;;;;;;;;;;;1;;;;;;;;;;;;;;;;;;;;20.02.2026
34000336;20000037;group;2007;;;TRD;;;;;;;;;;;2;;;;;;;;;;;;;;;;;;;;20.02.2026
34000337;20000037;group;2007;;;SE;;;;;;;;;;;1;;;;;;;;;;;;;;;;;;;;20.02.2026
34000338;20000037;group;2007;;;MPR;;;;;;;;;;;2;;;;;;;;;;;;;;;;;;;;20.02.2026
34000339;20000037;group;2007;;;DM;;;;;;;;;;;1;;;;;;;;;;;;;;;;;;;;20.02.2026
34000340;20000037;group;2007;;;EPC;;;;;;;;;;;2;;;;;;;;;;;;;;;;;;;;20.02.2026
34000341;20000037;group;2007;;;FX;;;;;;;;;;;2;;;;;;;;;;;;;;;;;;;;20.02.2026
34000342;20000037;group;2007;;;Ta;;;;;;;;;;;2;;;;;;;;;;;;;;;;;;;;20.02.2026
34000343;20000037;group;2007;;;SDR;;;;;;;;;;;2;;;;;;;;;;;;;;;;;;;;20.02.2026
34000344;20000037;group;2007;;;RC;;;;;;;;;;;2;;;;;;;;;;;;;;;;;;;;20.02.2026
34000345;20000054;group;2007;;;X;;;;;;;;;;;1;;;;;;;;;;;;;;;;;;;;20.02.2026
34000346;20000063;group;2007;;;Fax;;;;;;;;;;;1;;;;;;;;;;;;;;;;;;;;20.02.2026
34000347;20000063;group;2007;;;ATR;;;;;;;;;;;1;;;;;;;;;;;;;;;;;;;;20.02.2026
34000348;20000068;group;2007;;;AE;;;;;;;;;;;1;;;;;;;;;;;;;;;;;;;;20.02.2026
34000349;20000068;group;2007;;;AX;;;;;;;;;;;1;;;;;;;;;;;;;;;;;;;;20.02.2026
34000350;20000080;group;2007;;;ALQ;;;;;;;;;;;1;;;;;;;;;;;;;;;;;;;;20.02.2026
31001127;20001535;group;2007;;;Document WorkCentre;;;;;;;;;;;1;;;;;;;;;;;;;;;;;;;;20.02.2026
31000001;20000229;group;2007;;;AX;;;;;;;;;;;1;;;;;;;;;;;;;;;;;;;;20.02.2026
31000002;20000229;group;2007;;;CE;;;;;;;;;;;2;;;;;;;;;;;;;;;;;;;;20.02.2026
31000003;20000229;group;2007;;;Compactronic;;;;;;;;;;;2;;;;;;;;;;;;;;;;;;;;20.02.2026
31000004;20000229;group;2007;;;Correctronic;;;;;;;;;;;2;;;;;;;;;;;;;;;;;;;;20.02.2026
31000005;20000229;group;2007;;;CX;;;;;;;;;;;2;;;;;;;;;;;;;;;;;;;;20.02.2026
31000006;20000229;group;2007;;;DCP;;;;;;;;;;;1;;;;;;;;;;;;;;;;;;;;20.02.2026
31000008;20000229;group;2007;;;EM;;;;;;;;;;;2;;;;;;;;;;;;;;;;;;;;20.02.2026
31000009;20000229;group;2007;;;EP;;;;;;;;;;;2;;;;;;;;;;;;;;;;;;;;20.02.2026
31000010;20000229;group;2007;;;Fax T;;;;;;;;;;;1;;;;;;;;;;;;;;;;;;;;20.02.2026
31000011;20000229;group;2007;;;GX;;;;;;;;;;;2;;;;;;;;;;;;;;;;;;;;20.02.2026
31000012;20000229;group;2007;;;HL;;;;;;;;;;;1;;;;;;;;;;;;;;;;;;;;20.02.2026
31000013;20000229;group;2007;;;HL-P;;;;;;;;;;;1;;;;;;;;;;;;;;;;;;;;20.02.2026
31000014;20000229;group;2007;;;HR;;;;;;;;;;;2;;;;;;;;;;;;;;;;;;;;20.02.2026
31000016;20000229;group;2007;;;Intellifax;;;;;;;;;;;2;;;;;;;;;;;;;;;;;;;;20.02.2026
31000018;20000229;group;2007;;;LW;;;;;;;;;;;2;;;;;;;;;;;;;;;;;;;;20.02.2026
31000019;20000229;group;2007;;;M;;;;;;;;;;;2;;;;;;;;;;;;;;;;;;;;20.02.2026
31000020;20000728;group;2007;;;Color LaserJet;;;;;;;;;;;1;;;;;;;;;;;;;;;;;;;;20.02.2026
31000021;20000728;group;2007;;;Business InkJet;;;;;;;;;;;1;;;;;;;;;;;;;;;;;;;;20.02.2026
31000022;20000728;group;2007;;;Color Copier;;;;;;;;;;;1;;;;;;;;;;;;;;;;;;;;20.02.2026
31000023;20000728;group;2007;;;Color InkJet;;;;;;;;;;;2;;;;;;;;;;;;;;;;;;;;20.02.2026
31000024;20000728;group;2007;;;CopyJet;;;;;;;;;;;2;;;;;;;;;;;;;;;;;;;;20.02.2026
31000025;20000728;group;2007;;;CP;;;;;;;;;;;2;;;;;;;;;;;;;;;;;;;;20.02.2026
31000026;20000728;group;2007;;;DesignJet;;;;;;;;;;;1;;;;;;;;;;;;;;;;;;;;20.02.2026
31000027;20000728;group;2007;;;DeskJet;;;;;;;;;;;1;;;;;;;;;;;;;;;;;;;;20.02.2026
31000028;20000728;group;2007;;;Deskwriter;;;;;;;;;;;1;;;;;;;;;;;;;;;;;;;;20.02.2026
31000029;20000728;group;2007;;;Digital Copier Printer;;;;;;;;;;;2;;;;;;;;;;;;;;;;;;;;20.02.2026
31000030;20000728;group;2007;;;LaserJet;;;;;;;;;;;1;;;;;;;;;;;;;;;;;;;;20.02.2026
31000031;20000728;group;2007;;;LineJet;;;;;;;;;;;2;;;;;;;;;;;;;;;;;;;;20.02.2026
31001128;20001535;group;2007;;;Docuprint C;;;;;;;;;;;1;;;;;;;;;;;;;;;;;;;;20.02.2026
31001129;20001535;group;2007;;;Docuprint M;;;;;;;;;;;1;;;;;;;;;;;;;;;;;;;;20.02.2026
31001130;20001535;group;2007;;;Docuprint N;;;;;;;;;;;1;;;;;;;;;;;;;;;;;;;;20.02.2026
31001131;20001535;group;2007;;;Docuprint NC;;;;;;;;;;;1;;;;;;;;;;;;;;;;;;;;20.02.2026
31001132;20001535;group;2007;;;Docuprint P;;;;;;;;;;;1;;;;;;;;;;;;;;;;;;;;20.02.2026
31001133;20001535;group;2007;;;Docuprint XJ;;;;;;;;;;;1;;;;;;;;;;;;;;;;;;;;20.02.2026
31001134;20001535;group;2007;;;Docuprint;;;;;;;;;;;1;;;;;;;;;;;;;;;;;;;;20.02.2026
31001135;20001535;group;2007;;;Docutech;;;;;;;;;;;1;;;;;;;;;;;;;;;;;;;;20.02.2026
31001136;20001535;group;2007;;;DP;;;;;;;;;;;1;;;;;;;;;;;;;;;;;;;;20.02.2026
31001137;20001535;group;2007;;;DT;;;;;;;;;;;2;;;;;;;;;;;;;;;;;;;;20.02.2026
31001138;20001535;group;2007;;;Fax;;;;;;;;;;;1;;;;;;;;;;;;;;;;;;;;20.02.2026
31001139;20001535;group;2007;;;FaxCentre;;;;;;;;;;;1;;;;;;;;;;;;;;;;;;;;20.02.2026
31001140;20001535;group;2007;;;Memorywriter;;;;;;;;;;;2;;;;;;;;;;;;;;;;;;;;20.02.2026
31001141;20001535;group;2007;;;P;;;;;;;;;;;2;;;;;;;;;;;;;;;;;;;;20.02.2026
31001142;20001535;group;2007;;;Phaser;;;;;;;;;;;1;;;;;;;;;;;;;;;;;;;;20.02.2026
31001144;20001535;group;2007;;;Print;;;;;;;;;;;2;;;;;;;;;;;;;;;;;;;;20.02.2026
31001145;20001535;group;2007;;;Vivagrafx;;;;;;;;;;;2;;;;;;;;;;;;;;;;;;;;20.02.2026
31001146;20001535;group;2007;;;WorkCentre C;;;;;;;;;;;1;;;;;;;;;;;;;;;;;;;;20.02.2026
31001147;20001535;group;2007;;;WorkCentre M;;;;;;;;;;;1;;;;;;;;;;;;;;;;;;;;20.02.2026
31001148;20001535;group;2007;;;WorkCentre PE;;;;;;;;;;;1;;;;;;;;;;;;;;;;;;;;20.02.2026
31001149;20001535;group;2007;;;WorkCentre PRO;;;;;;;;;;;1;;;;;;;;;;;;;;;;;;;;20.02.2026
31001150;20001535;group;2007;;;WorkCentre XD;;;;;;;;;;;1;;;;;;;;;;;;;;;;;;;;20.02.2026
34000579;20000746;group;2007;;;III;;;;;;;;;;;2;;;;;;;;;;;;;;;;;;;;20.02.2026
34000580;20000827;group;2007;;;Jetfax M;;;;;;;;;;;1;;;;;;;;;;;;;;;;;;;;20.02.2026
34000581;20000861;group;2007;;;Sp;;;;;;;;;;;1;;;;;;;;;;;;;;;;;;;;20.02.2026
34000582;20000861;group;2007;;;L;;;;;;;;;;;2;;;;;;;;;;;;;;;;;;;;20.02.2026
34000583;20000861;group;2007;;;SP C;;;;;;;;;;;1;;;;;;;;;;;;;;;;;;;;20.02.2026
34000584;20000902;group;2007;;;LO;;;;;;;;;;;1;;;;;;;;;;;;;;;;;;;;20.02.2026
34000585;20000969;group;2007;;;Rapid;;;;;;;;;;;1;;;;;;;;;;;;;;;;;;;;20.02.2026
34000586;20000999;group;2007;;;M;;;;;;;;;;;1;;;;;;;;;;;;;;;;;;;;20.02.2026
34000587;20001067;group;2007;;;VP;;;;;;;;;;;1;;;;;;;;;;;;;;;;;;;;20.02.2026
34000588;20001067;group;2007;;;TDS;;;;;;;;;;;1;;;;;;;;;;;;;;;;;;;;20.02.2026
34000589;20001086;group;2007;;;Lasermatrix;;;;;;;;;;;1;;;;;;;;;;;;;;;;;;;;20.02.2026
34000590;20001099;group;2007;;;W;;;;;;;;;;;2;;;;;;;;;;;;;;;;;;;;20.02.2026
34000591;20001145;group;2007;;;Colourlaser CL;;;;;;;;;;;1;;;;;;;;;;;;;;;;;;;;20.02.2026
34000592;20001218;group;2007;;;LP;;;;;;;;;;;1;;;;;;;;;;;;;;;;;;;;20.02.2026
34000593;20001250;group;2007;;;ERC;;;;;;;;;;;1;;;;;;;;;;;;;;;;;;;;20.02.2026
34000594;20001250;group;2007;;;PR;;;;;;;;;;;1;;;;;;;;;;;;;;;;;;;;20.02.2026
34000595;20001250;group;2007;;;SFX;;;;;;;;;;;1;;;;;;;;;;;;;;;;;;;;20.02.2026
34000596;20001250;group;2007;;;Check-A-Tron;;;;;;;;;;;1;;;;;;;;;;;;;;;;;;;;20.02.2026
34000597;20001257;group;2007;;;SDC;;;;;;;;;;;1;;;;;;;;;;;;;;;;;;;;20.02.2026
34000598;20001279;group;2007;;;M;;;;;;;;;;;1;;;;;;;;;;;;;;;;;;;;20.02.2026
34000599;20001279;group;2007;;;IR;;;;;;;;;;;1;;;;;;;;;;;;;;;;;;;;20.02.2026
34000600;20001279;group;2007;;;CR;;;;;;;;;;;1;;;;;;;;;;;;;;;;;;;;20.02.2026
34000601;20001279;group;2007;;;FB;;;;;;;;;;;1;;;;;;;;;;;;;;;;;;;;20.02.2026
34000602;20001280;group;2007;;;SBP;;;;;;;;;;;1;;;;;;;;;;;;;;;;;;;;20.02.2026
34000603;20001299;group;2007;;;EXP;;;;;;;;;;;1;;;;;;;;;;;;;;;;;;;;20.02.2026
34000604;20001305;group;2007;;;CXL;;;;;;;;;;;1;;;;;;;;;;;;;;;;;;;;20.02.2026
34000605;20001305;group;2007;;;XE;;;;;;;;;;;1;;;;;;;;;;;;;;;;;;;;20.02.2026
34000606;20001305;group;2007;;;DX;;;;;;;;;;;1;;;;;;;;;;;;;;;;;;;;20.02.2026
34000607;20001311;group;2007;;;OAP;;;;;;;;;;;1;;;;;;;;;;;;;;;;;;;;20.02.2026
34000608;20001348;group;2007;;;SW;;;;;;;;;;;1;;;;;;;;;;;;;;;;;;;;20.02.2026
34000609;20001383;group;2007;;;RS;;;;;;;;;;;1;;;;;;;;;;;;;;;;;;;;20.02.2026
34000610;20001383;group;2007;;;HP;;;;;;;;;;;1;;;;;;;;;;;;;;;;;;;;20.02.2026
34000611;20001383;group;2007;;;M;;;;;;;;;;;1;;;;;;;;;;;;;;;;;;;;20.02.2026
34000612;20001383;group;2007;;;TF;;;;;;;;;;;1;;;;;;;;;;;;;;;;;;;;20.02.2026
34000613;20001383;group;2007;;;FS;;;;;;;;;;;1;;;;;;;;;;;;;;;;;;;;20.02.2026
34000614;20001383;group;2007;;;B;;;;;;;;;;;1;;;;;;;;;;;;;;;;;;;;20.02.2026
34000615;20001383;group;2007;;;TRS;;;;;;;;;;;1;;;;;;;;;;;;;;;;;;;;20.02.2026
34000616;20001421;group;2007;;;T;;;;;;;;;;;1;;;;;;;;;;;;;;;;;;;;20.02.2026
34000617;20001476;group;2007;;;EF;;;;;;;;;;;1;;;;;;;;;;;;;;;;;;;;20.02.2026
34000618;20001476;group;2007;;;S;;;;;;;;;;;1;;;;;;;;;;;;;;;;;;;;20.02.2026
34000619;20001511;group;2007;;;PM;;;;;;;;;;;1;;;;;;;;;;;;;;;;;;;;20.02.2026
34000620;20001511;group;2007;;;OIS;;;;;;;;;;;1;;;;;;;;;;;;;;;;;;;;20.02.2026
34000621;20001511;group;2007;;;LCS;;;;;;;;;;;1;;;;;;;;;;;;;;;;;;;;20.02.2026
34000622;20001511;group;2007;;;WP;;;;;;;;;;;1;;;;;;;;;;;;;;;;;;;;20.02.2026
34000623;20001612;group;2007;;;RI;;;;;;;;;;;1;;;;;;;;;;;;;;;;;;;;20.02.2026
31000867;20001240;group;2007;;;Qwiklaser;;;;;;;;;;;2;;;;;;;;;;;;;;;;;;;;20.02.2026
31000868;20001240;group;2007;;;SCX;;;;;;;;;;;1;;;;;;;;;;;;;;;;;;;;20.02.2026
31000869;20001240;group;2007;;;SF;;;;;;;;;;;1;;;;;;;;;;;;;;;;;;;;20.02.2026
31000870;20001240;group;2007;;;SL;;;;;;;;;;;1;;;;;;;;;;;;;;;;;;;;20.02.2026
31000871;20001240;group;2007;;;SLB;;;;;;;;;;;2;;;;;;;;;;;;;;;;;;;;20.02.2026
31000872;20001240;group;2007;;;Smartjet;;;;;;;;;;;2;;;;;;;;;;;;;;;;;;;;20.02.2026
31000873;20001240;group;2007;;;SP;;;;;;;;;;;2;;;;;;;;;;;;;;;;;;;;20.02.2026
31000874;20001240;group;2007;;;SPP;;;;;;;;;;;2;;;;;;;;;;;;;;;;;;;;20.02.2026
31000875;20001240;group;2007;;;SQ;;;;;;;;;;;2;;;;;;;;;;;;;;;;;;;;20.02.2026
31000876;20001240;group;2007;;;TW;;;;;;;;;;;2;;;;;;;;;;;;;;;;;;;;20.02.2026
31000877;20001289;group;2007;;;AJ;;;;;;;;;;;1;;;;;;;;;;;;;;;;;;;;20.02.2026
31000878;20001289;group;2007;;;AL;;;;;;;;;;;1;;;;;;;;;;;;;;;;;;;;20.02.2026
31000879;20001289;group;2007;;;AL-F;;;;;;;;;;;1;;;;;;;;;;;;;;;;;;;;20.02.2026
31000880;20001289;group;2007;;;AM;;;;;;;;;;;1;;;;;;;;;;;;;;;;;;;;20.02.2026
31000881;20001289;group;2007;;;AR;;;;;;;;;;;1;;;;;;;;;;;;;;;;;;;;20.02.2026
31000882;20001289;group;2007;;;AR-BC;;;;;;;;;;;1;;;;;;;;;;;;;;;;;;;;20.02.2026
31000883;20001289;group;2007;;;AR-C;;;;;;;;;;;1;;;;;;;;;;;;;;;;;;;;20.02.2026
31000884;20001289;group;2007;;;AR-M;;;;;;;;;;;1;;;;;;;;;;;;;;;;;;;;20.02.2026
31000885;20001289;group;2007;;;AR-P;;;;;;;;;;;1;;;;;;;;;;;;;;;;;;;;20.02.2026
31000886;20001289;group;2007;;;BE;;;;;;;;;;;2;;;;;;;;;;;;;;;;;;;;20.02.2026
31000887;20001289;group;2007;;;BL;;;;;;;;;;;2;;;;;;;;;;;;;;;;;;;;20.02.2026
31000888;20001289;group;2007;;;CE;;;;;;;;;;;2;;;;;;;;;;;;;;;;;;;;20.02.2026
31000889;20001289;group;2007;;;Compact;;;;;;;;;;;2;;;;;;;;;;;;;;;;;;;;20.02.2026
31000890;20001289;group;2007;;;Compet;;;;;;;;;;;2;;;;;;;;;;;;;;;;;;;;20.02.2026
31000891;20001289;group;2007;;;CS;;;;;;;;;;;2;;;;;;;;;;;;;;;;;;;;20.02.2026
31000892;20001289;group;2007;;;EA;;;;;;;;;;;2;;;;;;;;;;;;;;;;;;;;20.02.2026
31000893;20001289;group;2007;;;EL;;;;;;;;;;;1;;;;;;;;;;;;;;;;;;;;20.02.2026
31000894;20001289;group;2007;;;ER;;;;;;;;;;;1;;;;;;;;;;;;;;;;;;;;20.02.2026
31000895;20001289;group;2007;;;ER-A;;;;;;;;;;;1;;;;;;;;;;;;;;;;;;;;20.02.2026
31000896;20001289;group;2007;;;F;;;;;;;;;;;2;;;;;;;;;;;;;;;;;;;;20.02.2026
31000897;20001289;group;2007;;;FO;;;;;;;;;;;1;;;;;;;;;;;;;;;;;;;;20.02.2026
31000898;20001289;group;2007;;;FO-A;;;;;;;;;;;1;;;;;;;;;;;;;;;;;;;;20.02.2026
31000899;20001289;group;2007;;;FO-B;;;;;;;;;;;1;;;;;;;;;;;;;;;;;;;;20.02.2026
31000900;20001289;group;2007;;;FO-DC;;;;;;;;;;;1;;;;;;;;;;;;;;;;;;;;20.02.2026
31000901;20001289;group;2007;;;Fontwriter;;;;;;;;;;;2;;;;;;;;;;;;;;;;;;;;20.02.2026
31000902;20001289;group;2007;;;H;;;;;;;;;;;2;;;;;;;;;;;;;;;;;;;;20.02.2026
31000903;20001289;group;2007;;;Hayac;;;;;;;;;;;2;;;;;;;;;;;;;;;;;;;;20.02.2026
31000904;20001289;group;2007;;;IO;;;;;;;;;;;2;;;;;;;;;;;;;;;;;;;;20.02.2026
31000905;20001289;group;2007;;;JX;;;;;;;;;;;1;;;;;;;;;;;;;;;;;;;;20.02.2026
31000906;20001289;group;2007;;;MX;;;;;;;;;;;2;;;;;;;;;;;;;;;;;;;;20.02.2026
31000907;20001289;group;2007;;;MZ;;;;;;;;;;;2;;;;;;;;;;;;;;;;;;;;20.02.2026
31000908;20001289;group;2007;;;NX;;;;;;;;;;;2;;;;;;;;;;;;;;;;;;;;20.02.2026
31000909;20001289;group;2007;;;NX-A;;;;;;;;;;;1;;;;;;;;;;;;;;;;;;;;20.02.2026
31000910;20001289;group;2007;;;NX-P;;;;;;;;;;;1;;;;;;;;;;;;;;;;;;;;20.02.2026
31000911;20001289;group;2007;;;P;;;;;;;;;;;1;;;;;;;;;;;;;;;;;;;;20.02.2026
31000912;20001289;group;2007;;;PA;;;;;;;;;;;1;;;;;;;;;;;;;;;;;;;;20.02.2026
31000913;20001289;group;2007;;;PA-W;;;;;;;;;;;1;;;;;;;;;;;;;;;;;;;;20.02.2026
31000914;20001289;group;2007;;;PC;;;;;;;;;;;1;;;;;;;;;;;;;;;;;;;;20.02.2026
31000915;20001289;group;2007;;;QK;;;;;;;;;;;2;;;;;;;;;;;;;;;;;;;;20.02.2026
31000916;20001289;group;2007;;;QL;;;;;;;;;;;2;;;;;;;;;;;;;;;;;;;;20.02.2026
31000917;20001289;group;2007;;;QS;;;;;;;;;;;2;;;;;;;;;;;;;;;;;;;;20.02.2026
31000918;20001289;group;2007;;;QX;;;;;;;;;;;2;;;;;;;;;;;;;;;;;;;;20.02.2026
31000032;20000728;group;2007;;;Mopier;;;;;;;;;;;2;;;;;;;;;;;;;;;;;;;;20.02.2026
31000279;20000652;group;2007;;;Micro;;;;;;;;;;;1;;;;;;;;;;;;;;;;;;;;20.02.2026
31000280;20000652;group;2007;;;MPP;;;;;;;;;;;1;;;;;;;;;;;;;;;;;;;;20.02.2026
31000281;20000652;group;2007;;;Printia;;;;;;;;;;;1;;;;;;;;;;;;;;;;;;;;20.02.2026
31000282;20000652;group;2007;;;Printpartner;;;;;;;;;;;1;;;;;;;;;;;;;;;;;;;;20.02.2026
31000283;20000652;group;2007;;;RX;;;;;;;;;;;1;;;;;;;;;;;;;;;;;;;;20.02.2026
31000284;20000652;group;2007;;;S;;;;;;;;;;;2;;;;;;;;;;;;;;;;;;;;20.02.2026
31000286;20000652;group;2007;;;SP;;;;;;;;;;;1;;;;;;;;;;;;;;;;;;;;20.02.2026
31000287;20000652;group;2007;;;VM;;;;;;;;;;;1;;;;;;;;;;;;;;;;;;;;20.02.2026
31000288;20000662;group;2007;;;Elite;;;;;;;;;;;1;;;;;;;;;;;;;;;;;;;;20.02.2026
31000289;20000662;group;2007;;;Laserprinter;;;;;;;;;;;1;;;;;;;;;;;;;;;;;;;;20.02.2026
31000290;20000662;group;2007;;;Personal Laserprinter;;;;;;;;;;;1;;;;;;;;;;;;;;;;;;;;20.02.2026
31000291;20000662;group;2007;;;PLP;;;;;;;;;;;1;;;;;;;;;;;;;;;;;;;;20.02.2026
31000294;20000662;group;2007;;;Writemove;;;;;;;;;;;1;;;;;;;;;;;;;;;;;;;;20.02.2026
31000295;20000920;group;2007;;;Acewriter;;;;;;;;;;;1;;;;;;;;;;;;;;;;;;;;20.02.2026
31000296;20000920;group;2007;;;GE;;;;;;;;;;;1;;;;;;;;;;;;;;;;;;;;20.02.2026
31000297;20000920;group;2007;;;Geniprint;;;;;;;;;;;1;;;;;;;;;;;;;;;;;;;;20.02.2026
31000298;20000920;group;2007;;;GP;;;;;;;;;;;1;;;;;;;;;;;;;;;;;;;;20.02.2026
31000299;20000920;group;2007;;;Intelliprint;;;;;;;;;;;1;;;;;;;;;;;;;;;;;;;;20.02.2026
31000300;20000920;group;2007;;;LA;;;;;;;;;;;1;;;;;;;;;;;;;;;;;;;;20.02.2026
34000351;20000098;group;2007;;;DMP;;;;;;;;;;;1;;;;;;;;;;;;;;;;;;;;20.02.2026
31000919;20001289;group;2007;;;SD;;;;;;;;;;;2;;;;;;;;;;;;;;;;;;;;20.02.2026
31000920;20001289;group;2007;;;SF;;;;;;;;;;;1;;;;;;;;;;;;;;;;;;;;20.02.2026
31000921;20001289;group;2007;;;SN;;;;;;;;;;;2;;;;;;;;;;;;;;;;;;;;20.02.2026
31000033;20000728;group;2007;;;OfficeJet;;;;;;;;;;;1;;;;;;;;;;;;;;;;;;;;20.02.2026
31000034;20000728;group;2007;;;OfficeJet Pro;;;;;;;;;;;1;;;;;;;;;;;;;;;;;;;;20.02.2026
31000035;20000728;group;2007;;;OfficeJet R;;;;;;;;;;;1;;;;;;;;;;;;;;;;;;;;20.02.2026
31000036;20000728;group;2007;;;OfficeJet T;;;;;;;;;;;1;;;;;;;;;;;;;;;;;;;;20.02.2026
31000037;20000728;group;2007;;;OfficeJet V;;;;;;;;;;;1;;;;;;;;;;;;;;;;;;;;20.02.2026
31000039;20000728;group;2007;;;PhotoSmart;;;;;;;;;;;1;;;;;;;;;;;;;;;;;;;;20.02.2026
31000040;20000728;group;2007;;;PSC;;;;;;;;;;;1;;;;;;;;;;;;;;;;;;;;20.02.2026
31000041;20000229;group;2007;;;MFC-P;;;;;;;;;;;1;;;;;;;;;;;;;;;;;;;;20.02.2026
31000042;20000229;group;2007;;;MPD;;;;;;;;;;;2;;;;;;;;;;;;;;;;;;;;20.02.2026
31000043;20000229;group;2007;;;MW;;;;;;;;;;;2;;;;;;;;;;;;;;;;;;;;20.02.2026
31000045;20000229;group;2007;;;PN;;;;;;;;;;;2;;;;;;;;;;;;;;;;;;;;20.02.2026
31000046;20000229;group;2007;;;PPF;;;;;;;;;;;2;;;;;;;;;;;;;;;;;;;;20.02.2026
31000047;20000229;group;2007;;;Professional;;;;;;;;;;;2;;;;;;;;;;;;;;;;;;;;20.02.2026
31000051;20000229;group;2007;;;Studentwriter;;;;;;;;;;;2;;;;;;;;;;;;;;;;;;;;20.02.2026
31000052;20000229;group;2007;;;SX;;;;;;;;;;;2;;;;;;;;;;;;;;;;;;;;20.02.2026
31000053;20000229;group;2007;;;TS;;;;;;;;;;;2;;;;;;;;;;;;;;;;;;;;20.02.2026
31000054;20000229;group;2007;;;Twinwriter;;;;;;;;;;;2;;;;;;;;;;;;;;;;;;;;20.02.2026
31000055;20000229;group;2007;;;Whisperwriter;;;;;;;;;;;2;;;;;;;;;;;;;;;;;;;;20.02.2026
31000056;20000229;group;2007;;;WP;;;;;;;;;;;1;;;;;;;;;;;;;;;;;;;;20.02.2026
31000057;20000229;group;2007;;;XL;;;;;;;;;;;2;;;;;;;;;;;;;;;;;;;;20.02.2026
31000058;20000229;group;2007;;;ZX;;;;;;;;;;;2;;;;;;;;;;;;;;;;;;;;20.02.2026
31000059;20000229;group;2007;;;P-Touch;;;;;;;;;;;1;;;;;;;;;;;;;;;;;;;;20.02.2026
31000060;20000264;group;2007;;;A;;;;;;;;;;;2;;;;;;;;;;;;;;;;;;;;20.02.2026
31000061;20000264;group;2007;;;AP;;;;;;;;;;;2;;;;;;;;;;;;;;;;;;;;20.02.2026
31001151;20001535;group;2007;;;WorkCentre XE;;;;;;;;;;;1;;;;;;;;;;;;;;;;;;;;20.02.2026
31001152;20001535;group;2007;;;WorkCentre;;;;;;;;;;;1;;;;;;;;;;;;;;;;;;;;20.02.2026
31001153;20001535;group;2007;;;X;;;;;;;;;;;2;;;;;;;;;;;;;;;;;;;;20.02.2026
31001154;20001535;group;2007;;;XC;;;;;;;;;;;2;;;;;;;;;;;;;;;;;;;;20.02.2026
31001155;20001535;group;2007;;;XF;;;;;;;;;;;2;;;;;;;;;;;;;;;;;;;;20.02.2026
31001156;20001535;group;2007;;;XJ;;;;;;;;;;;1;;;;;;;;;;;;;;;;;;;;20.02.2026
31001157;20001535;group;2007;;;XP;;;;;;;;;;;2;;;;;;;;;;;;;;;;;;;;20.02.2026
31001158;20001535;group;2007;;;X-Print;;;;;;;;;;;2;;;;;;;;;;;;;;;;;;;;20.02.2026
31001159;20000229;group;2007;;;BRE;;;;;;;;;;;2;;;;;;;;;;;;;;;;;;;;20.02.2026
31001160;20000229;group;2007;;;BRJ;;;;;;;;;;;2;;;;;;;;;;;;;;;;;;;;20.02.2026
31001161;20000229;group;2007;;;BRS;;;;;;;;;;;2;;;;;;;;;;;;;;;;;;;;20.02.2026
31001162;20000229;group;2007;;;BSE;;;;;;;;;;;2;;;;;;;;;;;;;;;;;;;;20.02.2026
31001164;20000229;group;2007;;;Correct-O-Ball;;;;;;;;;;;2;;;;;;;;;;;;;;;;;;;;20.02.2026
31001166;20000229;group;2007;;;DP;;;;;;;;;;;2;;;;;;;;;;;;;;;;;;;;20.02.2026
31001167;20000229;group;2007;;;Electric;;;;;;;;;;;2;;;;;;;;;;;;;;;;;;;;20.02.2026
31001168;20000229;group;2007;;;Electronic;;;;;;;;;;;2;;;;;;;;;;;;;;;;;;;;20.02.2026
31001169;20000229;group;2007;;;Executron;;;;;;;;;;;2;;;;;;;;;;;;;;;;;;;;20.02.2026
31001170;20000229;group;2007;;;Fax;;;;;;;;;;;1;;;;;;;;;;;;;;;;;;;;20.02.2026
31001173;20000229;group;2007;;;Instafax;;;;;;;;;;;2;;;;;;;;;;;;;;;;;;;;20.02.2026
31001176;20000229;group;2007;;;MFC;;;;;;;;;;;1;;;;;;;;;;;;;;;;;;;;20.02.2026
31001179;20000229;group;2007;;;P;;;;;;;;;;;1;;;;;;;;;;;;;;;;;;;;20.02.2026
31001180;20000229;group;2007;;;PD;;;;;;;;;;;2;;;;;;;;;;;;;;;;;;;;20.02.2026
31001181;20000229;group;2007;;;Perfectype;;;;;;;;;;;2;;;;;;;;;;;;;;;;;;;;20.02.2026
31001187;20000229;group;2007;;;SL;;;;;;;;;;;2;;;;;;;;;;;;;;;;;;;;20.02.2026
31001188;20000728;group;2007;;;DeskJet D;;;;;;;;;;;1;;;;;;;;;;;;;;;;;;;;20.02.2026
31001189;20000728;group;2007;;;DeskJet F;;;;;;;;;;;1;;;;;;;;;;;;;;;;;;;;20.02.2026
31001190;20000728;group;2007;;;PhotoSmart C;;;;;;;;;;;1;;;;;;;;;;;;;;;;;;;;20.02.2026
31001193;20000264;group;2007;;;Pixus;;;;;;;;;;;1;;;;;;;;;;;;;;;;;;;;20.02.2026
31001194;20001214;group;2007;;;Aficio MP;;;;;;;;;;;1;;;;;;;;;;;;;;;;;;;;20.02.2026
31001195;20001210;group;2007;;;Docustation MP;;;;;;;;;;;1;;;;;;;;;;;;;;;;;;;;20.02.2026
31001196;20000681;group;2007;;;Docustation MP;;;;;;;;;;;1;;;;;;;;;;;;;;;;;;;;20.02.2026
31001198;20000728;group;2007;;;PhotoSmart Pro B;;;;;;;;;;;1;;;;;;;;;;;;;;;;;;;;20.02.2026
31001199;20000728;group;2007;;;PhotoSmart A;;;;;;;;;;;1;;;;;;;;;;;;;;;;;;;;20.02.2026
31001200;20000264;group;2007;;;Color imageCLASS;;;;;;;;;;;1;;;;;;;;;;;;;;;;;;;;20.02.2026
31001201;20001214;group;2007;;;Aficio SP;;;;;;;;;;;1;;;;;;;;;;;;;;;;;;;;20.02.2026
31001202;20001074;group;2007;;;ES;;;;;;;;;;;1;;;;;;;;;;;;;;;;;;;;20.02.2026
40057039;20000264;item;145142000;;;Laser Class 2050;;;;;;;;;;;2050;;;;;;;;;;;;F;;;;;;;;20.02.2026
40057040;20000264;item;145142000;;;Laser Class 1060 P;;;;;;;;;;;1060;;;;;;;;;;;;F;;;;;;;;20.02.2026
40057041;20000264;item;145142000;;;Laser Class 2060 P;;;;;;;;;;;2060;;;;;;;;;;;;F;;;;;;;;20.02.2026
40057042;20000264;item;145142000;;;Laser Class 2060;;;;;;;;;;;2060;;;;;;;;;;;;F;;;;;;;;20.02.2026
40054017;20000264;item;145131000;;;BJC 8200;;;;;;;;;;;8200;;;;;;;;;;;;T;;;;;;;;20.02.2026
40057056;20000264;item;145123000;;;CFX L 4000;;;;;;;;;;;4000;;;;;;;;;;;;T;;;;;;;;20.02.2026
40057057;20000264;item;145142000;;;Fax L 4000;;;;;;;;;;;4000;;;;;;;;;;;;T;;;;;;;;20.02.2026
40057058;20000264;item;145111000;;;imageCLASS 1100;;;;;;;;;;;1100;;;;;;;;;;;;T;;;;;;;;20.02.2026
40056536;20000264;item;145131000;6859 A 006;;S 820;;;;;;;;;;;820;;;;;;;;;;;;F;;;;;;;;20.02.2026
40060842;20000264;item;145131000;;;I 9900;;;;;;;;;;;9900;;;;;;;;;;;;F;;;;;;;;20.02.2026
40060843;20000264;item;145131000;8580 A 017;;I 9950;;;;;;;;;;;9950;;;;;;;;;;;;F;;;;;;;;20.02.2026
40058212;20000264;item;145131000;7822 A 006;;I 950;;;;;;;;;;;950;;;;;;;;;;;;T;;;;;;;;20.02.2026
40062181;20000264;item;145123000;9866 A 002;;Laserbase MF 3110;;;;;;;;;;;3110;;;;;;;;;;;;F;;;;;;;;20.02.2026
40057666;20001400;item;145142000;;;T-Fax 8400;;;;;;;;;;;8400;;;;;;;;;;;;F;;;;;;;;20.02.2026
40060539;20000264;item;145142000;;;Laser Class 2050 P;;;;;;;;;;;2050;;;;;;;;;;;;F;;;;;;;;20.02.2026
40061060;20000264;item;145123000;;;CFX L 4500 iF;;;;;;;;;;;4500;;;;;;;;;;;;T;;;;;;;;20.02.2026
40059922;20000264;item;145131000;8568 A 006;;I 905 D;;;;;;;;;;;905;;;;;;;;;;;;F;;;;;;;;20.02.2026
40059923;20000264;item;145131000;8536 A 006;;I 865;;;;;;;;;;;865;;;;;;;;;;;;T;;;;;;;;20.02.2026
40059924;20000264;item;145131000;8538 A 006;;I 965;;;;;;;;;;;965;;;;;;;;;;;;T;;;;;;;;20.02.2026
40059932;20001400;item;145142000;;;T-Fax 8401;;;;;;;;;;;8401;;;;;;;;;;;;F;;;;;;;;20.02.2026
31000646;20001076;group;2007;;;Wordcart;;;;;;;;;;;2;;;;;;;;;;;;;;;;;;;;20.02.2026
31000647;20001076;group;2007;;;WP;;;;;;;;;;;2;;;;;;;;;;;;;;;;;;;;20.02.2026
31000648;20001077;group;2007;;;AE;;;;;;;;;;;2;;;;;;;;;;;;;;;;;;;;20.02.2026
31000649;20001077;group;2007;;;AM;;;;;;;;;;;1;;;;;;;;;;;;;;;;;;;;20.02.2026
31000650;20001077;group;2007;;;Boss;;;;;;;;;;;1;;;;;;;;;;;;;;;;;;;;20.02.2026
31000651;20001077;group;2007;;;C;;;;;;;;;;;1;;;;;;;;;;;;;;;;;;;;20.02.2026
31000652;20001077;group;2007;;;CA;;;;;;;;;;;2;;;;;;;;;;;;;;;;;;;;20.02.2026
31000653;20001077;group;2007;;;Carina;;;;;;;;;;;1;;;;;;;;;;;;;;;;;;;;20.02.2026
31000987;20001328;group;2007;;;N;;;;;;;;;;;2;;;;;;;;;;;;;;;;;;;;20.02.2026
31000988;20001328;group;2007;;;NB;;;;;;;;;;;1;;;;;;;;;;;;;;;;;;;;20.02.2026
31000989;20001328;group;2007;;;ND;;;;;;;;;;;1;;;;;;;;;;;;;;;;;;;;20.02.2026
31000990;20001328;group;2007;;;NL;;;;;;;;;;;1;;;;;;;;;;;;;;;;;;;;20.02.2026
31000991;20001328;group;2007;;;NP;;;;;;;;;;;2;;;;;;;;;;;;;;;;;;;;20.02.2026
31001288;20000593;group;2007;;;Artisan;;;;;;;;;;;2;;;;;;;;;;;;;;;;;;;;20.02.2026
31001289;20001289;group;2007;;;DX-C;;;;;;;;;;;1;;;;;;;;;;;;;;;;;;;;20.02.2026
31001290;20001067;group;2007;;;VarioLink;;;;;;;;;;;1;;;;;;;;;;;;;;;;;;;;20.02.2026
31001291;20001128;group;2007;;;EasyMail;;;;;;;;;;;1;;;;;;;;;;;;;;;;;;;;20.02.2026
31001292;20000728;group;2007;;;PhotoSmart Premium;;;;;;;;;;;1;;;;;;;;;;;;;;;;;;;;20.02.2026
31001293;20001122;group;2007;;;LaserMFD;;;;;;;;;;;1;;;;;;;;;;;;;;;;;;;;20.02.2026
31000710;20001099;group;2007;;;FP-L;;;;;;;;;;;1;;;;;;;;;;;;;;;;;;;;20.02.2026
31000711;20001099;group;2007;;;JE;;;;;;;;;;;2;;;;;;;;;;;;;;;;;;;;20.02.2026
31000712;20001099;group;2007;;;Jetwriter;;;;;;;;;;;1;;;;;;;;;;;;;;;;;;;;20.02.2026
31000713;20001099;group;2007;;;JS;;;;;;;;;;;2;;;;;;;;;;;;;;;;;;;;20.02.2026
31000714;20001099;group;2007;;;KE-E;;;;;;;;;;;2;;;;;;;;;;;;;;;;;;;;20.02.2026
31000715;20001099;group;2007;;;KX-B;;;;;;;;;;;1;;;;;;;;;;;;;;;;;;;;20.02.2026
31000716;20001099;group;2007;;;KX-CL;;;;;;;;;;;2;;;;;;;;;;;;;;;;;;;;20.02.2026
31000717;20001099;group;2007;;;KX-E;;;;;;;;;;;2;;;;;;;;;;;;;;;;;;;;20.02.2026
31000718;20001099;group;2007;;;KX-F;;;;;;;;;;;1;;;;;;;;;;;;;;;;;;;;20.02.2026
31000719;20001099;group;2007;;;KX-FB;;;;;;;;;;;1;;;;;;;;;;;;;;;;;;;;20.02.2026
31000720;20001099;group;2007;;;KX-FC;;;;;;;;;;;2;;;;;;;;;;;;;;;;;;;;20.02.2026
31000721;20001099;group;2007;;;KX-FHD;;;;;;;;;;;1;;;;;;;;;;;;;;;;;;;;20.02.2026
31000722;20001099;group;2007;;;KX-FL;;;;;;;;;;;1;;;;;;;;;;;;;;;;;;;;20.02.2026
31000723;20001099;group;2007;;;KX-FLB;;;;;;;;;;;1;;;;;;;;;;;;;;;;;;;;20.02.2026
34000490;20001280;group;2007;;;Sp;;;;;;;;;;;1;;;;;;;;;;;;;;;;;;;;20.02.2026
34000491;20001280;group;2007;;;OP;;;;;;;;;;;1;;;;;;;;;;;;;;;;;;;;20.02.2026
34000492;20001280;group;2007;;;SL;;;;;;;;;;;1;;;;;;;;;;;;;;;;;;;;20.02.2026
34000493;20001280;group;2007;;;GP;;;;;;;;;;;1;;;;;;;;;;;;;;;;;;;;20.02.2026
34000494;20001280;group;2007;;;MP;;;;;;;;;;;1;;;;;;;;;;;;;;;;;;;;20.02.2026
34000495;20001284;group;2007;;;SR;;;;;;;;;;;1;;;;;;;;;;;;;;;;;;;;20.02.2026
34000496;20001284;group;2007;;;GR;;;;;;;;;;;1;;;;;;;;;;;;;;;;;;;;20.02.2026
34000497;20001299;group;2007;;;Ex;;;;;;;;;;;1;;;;;;;;;;;;;;;;;;;;20.02.2026
34000498;20001299;group;2007;;;SR;;;;;;;;;;;1;;;;;;;;;;;;;;;;;;;;20.02.2026
34000499;20001299;group;2007;;;EZ;;;;;;;;;;;1;;;;;;;;;;;;;;;;;;;;20.02.2026
34000500;20001305;group;2007;;;Mark;;;;;;;;;;;1;;;;;;;;;;;;;;;;;;;;20.02.2026
34000501;20001305;group;2007;;;Deville;;;;;;;;;;;1;;;;;;;;;;;;;;;;;;;;20.02.2026
34000502;20001305;group;2007;;;XD;;;;;;;;;;;1;;;;;;;;;;;;;;;;;;;;20.02.2026
34000503;20001305;group;2007;;;XL;;;;;;;;;;;1;;;;;;;;;;;;;;;;;;;;20.02.2026
34000504;20001305;group;2007;;;SD;;;;;;;;;;;1;;;;;;;;;;;;;;;;;;;;20.02.2026
34000505;20001305;group;2007;;;PWP;;;;;;;;;;;1;;;;;;;;;;;;;;;;;;;;20.02.2026
34000506;20001305;group;2007;;;SL;;;;;;;;;;;1;;;;;;;;;;;;;;;;;;;;20.02.2026
34000507;20001311;group;2007;;;DPP-FP;;;;;;;;;;;1;;;;;;;;;;;;;;;;;;;;20.02.2026
31000436;20000984;group;2007;;;Pointsource XI;;;;;;;;;;;2;;;;;;;;;;;;;;;;;;;;20.02.2026
31000437;20000984;group;2007;;;TC;;;;;;;;;;;2;;;;;;;;;;;;;;;;;;;;20.02.2026
31000439;20000984;group;2007;;;TI;;;;;;;;;;;2;;;;;;;;;;;;;;;;;;;;20.02.2026
31000440;20000861;group;2007;;;DM;;;;;;;;;;;1;;;;;;;;;;;;;;;;;;;;20.02.2026
31000441;20000861;group;2007;;;Fax;;;;;;;;;;;1;;;;;;;;;;;;;;;;;;;;20.02.2026
31000443;20000861;group;2007;;;Lanierfax LF;;;;;;;;;;;1;;;;;;;;;;;;;;;;;;;;20.02.2026
31000444;20000861;group;2007;;;LD;;;;;;;;;;;1;;;;;;;;;;;;;;;;;;;;20.02.2026
31000445;20000861;group;2007;;;LP;;;;;;;;;;;1;;;;;;;;;;;;;;;;;;;;20.02.2026
31000446;20000861;group;2007;;;LQ;;;;;;;;;;;2;;;;;;;;;;;;;;;;;;;;20.02.2026
31001011;20000920;group;2007;;;LGI;;;;;;;;;;;1;;;;;;;;;;;;;;;;;;;;20.02.2026
31001012;20000920;group;2007;;;M;;;;;;;;;;;1;;;;;;;;;;;;;;;;;;;;20.02.2026
31001013;20000920;group;2007;;;Mark;;;;;;;;;;;1;;;;;;;;;;;;;;;;;;;;20.02.2026
31001014;20000920;group;2007;;;Mobilewriter;;;;;;;;;;;1;;;;;;;;;;;;;;;;;;;;20.02.2026
31001015;20000920;group;2007;;;MT;;;;;;;;;;;1;;;;;;;;;;;;;;;;;;;;20.02.2026
31001016;20000920;group;2007;;;T;;;;;;;;;;;1;;;;;;;;;;;;;;;;;;;;20.02.2026
31001017;20001400;group;2007;;;AF;;;;;;;;;;;1;;;;;;;;;;;;;;;;;;;;20.02.2026
31001018;20001400;group;2007;;;Fax-COM;;;;;;;;;;;1;;;;;;;;;;;;;;;;;;;;20.02.2026
31001019;20001400;group;2007;;;T-Easy;;;;;;;;;;;1;;;;;;;;;;;;;;;;;;;;20.02.2026
31001020;20001400;group;2007;;;T-Fax;;;;;;;;;;;1;;;;;;;;;;;;;;;;;;;;20.02.2026
31001021;20001605;group;2007;;;Fax;;;;;;;;;;;1;;;;;;;;;;;;;;;;;;;;20.02.2026
31001022;20001434;group;2007;;;A;;;;;;;;;;;2;;;;;;;;;;;;;;;;;;;;20.02.2026
31001023;20001434;group;2007;;;BC;;;;;;;;;;;2;;;;;;;;;;;;;;;;;;;;20.02.2026
31001024;20001434;group;2007;;;BD;;;;;;;;;;;1;;;;;;;;;;;;;;;;;;;;20.02.2026
31001025;20001434;group;2007;;;BX;;;;;;;;;;;2;;;;;;;;;;;;;;;;;;;;20.02.2026
31001026;20001434;group;2007;;;DP;;;;;;;;;;;1;;;;;;;;;;;;;;;;;;;;20.02.2026
31001027;20001434;group;2007;;;E-Studio;;;;;;;;;;;1;;;;;;;;;;;;;;;;;;;;20.02.2026
31001029;20001434;group;2007;;;Expresswriter;;;;;;;;;;;2;;;;;;;;;;;;;;;;;;;;20.02.2026
31001030;20001434;group;2007;;;FC;;;;;;;;;;;2;;;;;;;;;;;;;;;;;;;;20.02.2026
31001031;20001434;group;2007;;;GX;;;;;;;;;;;2;;;;;;;;;;;;;;;;;;;;20.02.2026
31001032;20001434;group;2007;;;JW;;;;;;;;;;;2;;;;;;;;;;;;;;;;;;;;20.02.2026
31001033;20001434;group;2007;;;LP;;;;;;;;;;;1;;;;;;;;;;;;;;;;;;;;20.02.2026
31001034;20001434;group;2007;;;P;;;;;;;;;;;2;;;;;;;;;;;;;;;;;;;;20.02.2026
31001035;20001434;group;2007;;;PA;;;;;;;;;;;2;;;;;;;;;;;;;;;;;;;;20.02.2026
31001036;20001434;group;2007;;;Pagelaser;;;;;;;;;;;1;;;;;;;;;;;;;;;;;;;;20.02.2026
31001037;20001434;group;2007;;;PAL;;;;;;;;;;;2;;;;;;;;;;;;;;;;;;;;20.02.2026
31001038;20001434;group;2007;;;R;;;;;;;;;;;2;;;;;;;;;;;;;;;;;;;;20.02.2026
31001039;20001434;group;2007;;;Spot;;;;;;;;;;;2;;;;;;;;;;;;;;;;;;;;20.02.2026
31001040;20001434;group;2007;;;T;;;;;;;;;;;2;;;;;;;;;;;;;;;;;;;;20.02.2026
31001041;20001434;group;2007;;;TF;;;;;;;;;;;2;;;;;;;;;;;;;;;;;;;;20.02.2026
31001042;20001434;group;2007;;;TF-P;;;;;;;;;;;1;;;;;;;;;;;;;;;;;;;;20.02.2026
31001043;20001434;group;2007;;;TH;;;;;;;;;;;2;;;;;;;;;;;;;;;;;;;;20.02.2026
31001044;20001434;group;2007;;;TN;;;;;;;;;;;2;;;;;;;;;;;;;;;;;;;;20.02.2026
31001045;20001434;group;2007;;;TS;;;;;;;;;;;2;;;;;;;;;;;;;;;;;;;;20.02.2026
31001046;20001453;group;2007;;;ACS Electric;;;;;;;;;;;2;;;;;;;;;;;;;;;;;;;;20.02.2026
31001047;20001453;group;2007;;;Adlister;;;;;;;;;;;2;;;;;;;;;;;;;;;;;;;;20.02.2026
31001048;20001453;group;2007;;;Alpha;;;;;;;;;;;2;;;;;;;;;;;;;;;;;;;;20.02.2026
31001049;20001453;group;2007;;;Alphatronic;;;;;;;;;;;2;;;;;;;;;;;;;;;;;;;;20.02.2026
31001050;20001453;group;2007;;;Beta;;;;;;;;;;;2;;;;;;;;;;;;;;;;;;;;20.02.2026
31001052;20001453;group;2007;;;BSM;;;;;;;;;;;2;;;;;;;;;;;;;;;;;;;;20.02.2026
31001053;20001453;group;2007;;;BSS;;;;;;;;;;;2;;;;;;;;;;;;;;;;;;;;20.02.2026
31001054;20001453;group;2007;;;CLP;;;;;;;;;;;1;;;;;;;;;;;;;;;;;;;;20.02.2026
31001055;20001453;group;2007;;;CMC;;;;;;;;;;;2;;;;;;;;;;;;;;;;;;;;20.02.2026
31001056;20001453;group;2007;;;CMS;;;;;;;;;;;2;;;;;;;;;;;;;;;;;;;;20.02.2026
31001057;20001453;group;2007;;;Compacta;;;;;;;;;;;2;;;;;;;;;;;;;;;;;;;;20.02.2026
31001058;20001453;group;2007;;;Concorde;;;;;;;;;;;2;;;;;;;;;;;;;;;;;;;;20.02.2026
31001059;20001453;group;2007;;;Contessa;;;;;;;;;;;2;;;;;;;;;;;;;;;;;;;;20.02.2026
31001060;20001453;group;2007;;;DC;;;;;;;;;;;1;;;;;;;;;;;;;;;;;;;;20.02.2026
31001061;20001453;group;2007;;;DCC;;;;;;;;;;;1;;;;;;;;;;;;;;;;;;;;20.02.2026
31000452;20000886;group;2007;;;C;;;;;;;;;;;1;;;;;;;;;;;;;;;;;;;;20.02.2026
31000453;20000886;group;2007;;;Colorjetprinter;;;;;;;;;;;1;;;;;;;;;;;;;;;;;;;;20.02.2026
31000454;20000886;group;2007;;;E;;;;;;;;;;;1;;;;;;;;;;;;;;;;;;;;20.02.2026
31000455;20000886;group;2007;;;F;;;;;;;;;;;2;;;;;;;;;;;;;;;;;;;;20.02.2026
31000456;20000886;group;2007;;;M;;;;;;;;;;;1;;;;;;;;;;;;;;;;;;;;20.02.2026
31000457;20000886;group;2007;;;Medley;;;;;;;;;;;2;;;;;;;;;;;;;;;;;;;;20.02.2026
31000458;20000886;group;2007;;;Optra;;;;;;;;;;;1;;;;;;;;;;;;;;;;;;;;20.02.2026
31000459;20000886;group;2007;;;Optra C;;;;;;;;;;;1;;;;;;;;;;;;;;;;;;;;20.02.2026
31000460;20000886;group;2007;;;Optra Color;;;;;;;;;;;1;;;;;;;;;;;;;;;;;;;;20.02.2026
31000461;20000886;group;2007;;;Optra E;;;;;;;;;;;1;;;;;;;;;;;;;;;;;;;;20.02.2026
31000462;20000886;group;2007;;;Optra K;;;;;;;;;;;1;;;;;;;;;;;;;;;;;;;;20.02.2026
31000464;20000886;group;2007;;;Optra M;;;;;;;;;;;1;;;;;;;;;;;;;;;;;;;;20.02.2026
31000465;20000886;group;2007;;;Optra N;;;;;;;;;;;1;;;;;;;;;;;;;;;;;;;;20.02.2026
31000466;20000886;group;2007;;;Optra R;;;;;;;;;;;1;;;;;;;;;;;;;;;;;;;;20.02.2026
31000467;20000886;group;2007;;;Optra S;;;;;;;;;;;1;;;;;;;;;;;;;;;;;;;;20.02.2026
31000468;20000886;group;2007;;;Optra SC;;;;;;;;;;;1;;;;;;;;;;;;;;;;;;;;20.02.2026
31000469;20000886;group;2007;;;Optra SE;;;;;;;;;;;1;;;;;;;;;;;;;;;;;;;;20.02.2026
31000470;20000886;group;2007;;;Optra T;;;;;;;;;;;1;;;;;;;;;;;;;;;;;;;;20.02.2026
31000471;20000886;group;2007;;;Optra W;;;;;;;;;;;1;;;;;;;;;;;;;;;;;;;;20.02.2026
31000472;20000886;group;2007;;;Optraimage;;;;;;;;;;;2;;;;;;;;;;;;;;;;;;;;20.02.2026
31000473;20000886;group;2007;;;P;;;;;;;;;;;1;;;;;;;;;;;;;;;;;;;;20.02.2026
31000474;20000886;group;2007;;;T;;;;;;;;;;;1;;;;;;;;;;;;;;;;;;;;20.02.2026
31000475;20000886;group;2007;;;Valuewriter;;;;;;;;;;;2;;;;;;;;;;;;;;;;;;;;20.02.2026
31000476;20000886;group;2007;;;W;;;;;;;;;;;1;;;;;;;;;;;;;;;;;;;;20.02.2026
31000477;20000886;group;2007;;;Wheelwriter;;;;;;;;;;;2;;;;;;;;;;;;;;;;;;;;20.02.2026
31000478;20000886;group;2007;;;Winwriter;;;;;;;;;;;2;;;;;;;;;;;;;;;;;;;;20.02.2026
31000479;20000886;group;2007;;;X;;;;;;;;;;;1;;;;;;;;;;;;;;;;;;;;20.02.2026
31000480;20000886;group;2007;;;Z;;;;;;;;;;;1;;;;;;;;;;;;;;;;;;;;20.02.2026
31000481;20001164;group;2007;;;CF;;;;;;;;;;;1;;;;;;;;;;;;;;;;;;;;20.02.2026
31000482;20001164;group;2007;;;DI;;;;;;;;;;;1;;;;;;;;;;;;;;;;;;;;20.02.2026
31000483;20001164;group;2007;;;EP;;;;;;;;;;;1;;;;;;;;;;;;;;;;;;;;20.02.2026
31000484;20001164;group;2007;;;EW;;;;;;;;;;;2;;;;;;;;;;;;;;;;;;;;20.02.2026
31000485;20001164;group;2007;;;Minoltafax;;;;;;;;;;;1;;;;;;;;;;;;;;;;;;;;20.02.2026
31000486;20001164;group;2007;;;Pagepro Color;;;;;;;;;;;1;;;;;;;;;;;;;;;;;;;;20.02.2026
31000487;20001164;group;2007;;;Pagepro;;;;;;;;;;;1;;;;;;;;;;;;;;;;;;;;20.02.2026
31000488;20001164;group;2007;;;Pageworks;;;;;;;;;;;1;;;;;;;;;;;;;;;;;;;;20.02.2026
31000489;20001164;group;2007;;;PCW;;;;;;;;;;;2;;;;;;;;;;;;;;;;;;;;20.02.2026
31000490;20001164;group;2007;;;PT;;;;;;;;;;;2;;;;;;;;;;;;;;;;;;;;20.02.2026
31000491;20001164;group;2007;;;SP;;;;;;;;;;;2;;;;;;;;;;;;;;;;;;;;20.02.2026
31000492;20001164;group;2007;;;Winlaser;;;;;;;;;;;1;;;;;;;;;;;;;;;;;;;;20.02.2026
90000931;20000728;group;2009;;;117A;;;;;;;;;;;;;;;;;;;;;;;;;;;;;;;20.02.2026
31000506;20001029;group;2007;;;Astra;;;;;;;;;;;1;;;;;;;;;;;;;;;;;;;;20.02.2026
31000507;20001029;group;2007;;;Colormate;;;;;;;;;;;1;;;;;;;;;;;;;;;;;;;;20.02.2026
31000724;20001099;group;2007;;;KX-FLM;;;;;;;;;;;1;;;;;;;;;;;;;;;;;;;;20.02.2026
31000725;20001099;group;2007;;;KX-FM;;;;;;;;;;;1;;;;;;;;;;;;;;;;;;;;20.02.2026
31000726;20001099;group;2007;;;KX-FP;;;;;;;;;;;1;;;;;;;;;;;;;;;;;;;;20.02.2026
31000727;20001099;group;2007;;;KX-FPC;;;;;;;;;;;1;;;;;;;;;;;;;;;;;;;;20.02.2026
31000728;20001099;group;2007;;;KX-FPG;;;;;;;;;;;2;;;;;;;;;;;;;;;;;;;;20.02.2026
31000729;20001099;group;2007;;;KX-P;;;;;;;;;;;1;;;;;;;;;;;;;;;;;;;;20.02.2026
31000730;20001099;group;2007;;;KX-PS;;;;;;;;;;;1;;;;;;;;;;;;;;;;;;;;20.02.2026
31000731;20001099;group;2007;;;KX-R;;;;;;;;;;;2;;;;;;;;;;;;;;;;;;;;20.02.2026
31000732;20001099;group;2007;;;KX-W;;;;;;;;;;;2;;;;;;;;;;;;;;;;;;;;20.02.2026
31000733;20001099;group;2007;;;Panaboard;;;;;;;;;;;1;;;;;;;;;;;;;;;;;;;;20.02.2026
31000734;20001099;group;2007;;;PD;;;;;;;;;;;2;;;;;;;;;;;;;;;;;;;;20.02.2026
31000735;20001099;group;2007;;;Proline;;;;;;;;;;;2;;;;;;;;;;;;;;;;;;;;20.02.2026
31000736;20001099;group;2007;;;R;;;;;;;;;;;2;;;;;;;;;;;;;;;;;;;;20.02.2026
31000738;20001099;group;2007;;;T;;;;;;;;;;;2;;;;;;;;;;;;;;;;;;;;20.02.2026
31000739;20001099;group;2007;;;UF;;;;;;;;;;;1;;;;;;;;;;;;;;;;;;;;20.02.2026
31000740;20001099;group;2007;;;Workio DP;;;;;;;;;;;1;;;;;;;;;;;;;;;;;;;;20.02.2026
31000741;20001099;group;2007;;;Workio DP-C;;;;;;;;;;;1;;;;;;;;;;;;;;;;;;;;20.02.2026
31000742;20001122;group;2007;;;B;;;;;;;;;;;2;;;;;;;;;;;;;;;;;;;;20.02.2026
31000743;20001122;group;2007;;;Data;;;;;;;;;;;2;;;;;;;;;;;;;;;;;;;;20.02.2026
31000744;20001122;group;2007;;;Crystal;;;;;;;;;;;2;;;;;;;;;;;;;;;;;;;;20.02.2026
31000747;20001122;group;2007;;;ET;;;;;;;;;;;2;;;;;;;;;;;;;;;;;;;;20.02.2026
31000748;20001122;group;2007;;;Fax I-JET;;;;;;;;;;;1;;;;;;;;;;;;;;;;;;;;20.02.2026
31000749;20001122;group;2007;;;Fax Magic;;;;;;;;;;;1;;;;;;;;;;;;;;;;;;;;20.02.2026
31000751;20001122;group;2007;;;Fax;;;;;;;;;;;1;;;;;;;;;;;;;;;;;;;;20.02.2026
31000752;20001122;group;2007;;;Faxjet;;;;;;;;;;;1;;;;;;;;;;;;;;;;;;;;20.02.2026
31000753;20001122;group;2007;;;FD;;;;;;;;;;;2;;;;;;;;;;;;;;;;;;;;20.02.2026
31000754;20001122;group;2007;;;GP;;;;;;;;;;;2;;;;;;;;;;;;;;;;;;;;20.02.2026
31000755;20001122;group;2007;;;HFC;;;;;;;;;;;2;;;;;;;;;;;;;;;;;;;;20.02.2026
31000756;20001122;group;2007;;;HSP;;;;;;;;;;;2;;;;;;;;;;;;;;;;;;;;20.02.2026
31000757;20001122;group;2007;;;Laserfax;;;;;;;;;;;1;;;;;;;;;;;;;;;;;;;;20.02.2026
31000758;20001122;group;2007;;;Laserprinter;;;;;;;;;;;1;;;;;;;;;;;;;;;;;;;;20.02.2026
31000759;20001122;group;2007;;;Laserten;;;;;;;;;;;1;;;;;;;;;;;;;;;;;;;;20.02.2026
31000760;20001122;group;2007;;;LB;;;;;;;;;;;2;;;;;;;;;;;;;;;;;;;;20.02.2026
31000761;20001122;group;2007;;;MF-JET;;;;;;;;;;;1;;;;;;;;;;;;;;;;;;;;20.02.2026
31000762;20001122;group;2007;;;NMS;;;;;;;;;;;2;;;;;;;;;;;;;;;;;;;;20.02.2026
31000763;20001122;group;2007;;;P;;;;;;;;;;;2;;;;;;;;;;;;;;;;;;;;20.02.2026
31000765;20001122;group;2007;;;PCS;;;;;;;;;;;2;;;;;;;;;;;;;;;;;;;;20.02.2026
31000767;20001122;group;2007;;;PP;;;;;;;;;;;2;;;;;;;;;;;;;;;;;;;;20.02.2026
31000768;20001122;group;2007;;;PPF;;;;;;;;;;;2;;;;;;;;;;;;;;;;;;;;20.02.2026
31000769;20001122;group;2007;;;PTS;;;;;;;;;;;2;;;;;;;;;;;;;;;;;;;;20.02.2026
31000770;20001122;group;2007;;;PTW;;;;;;;;;;;2;;;;;;;;;;;;;;;;;;;;20.02.2026
31000771;20001122;group;2007;;;PW;;;;;;;;;;;2;;;;;;;;;;;;;;;;;;;;20.02.2026
31000773;20001122;group;2007;;;Unidata;;;;;;;;;;;2;;;;;;;;;;;;;;;;;;;;20.02.2026
31000774;20001122;group;2007;;;Videowriter;;;;;;;;;;;2;;;;;;;;;;;;;;;;;;;;20.02.2026
31000775;20001122;group;2007;;;WP;;;;;;;;;;;2;;;;;;;;;;;;;;;;;;;;20.02.2026
31000776;20001122;group;2007;;;X;;;;;;;;;;;2;;;;;;;;;;;;;;;;;;;;20.02.2026
31000777;20001128;group;2007;;;C;;;;;;;;;;;1;;;;;;;;;;;;;;;;;;;;20.02.2026
31001062;20001453;group;2007;;;Deskcopy;;;;;;;;;;;1;;;;;;;;;;;;;;;;;;;;20.02.2026
31001063;20001453;group;2007;;;DM;;;;;;;;;;;1;;;;;;;;;;;;;;;;;;;;20.02.2026
31001064;20001453;group;2007;;;DMP;;;;;;;;;;;2;;;;;;;;;;;;;;;;;;;;20.02.2026
31001065;20001453;group;2007;;;DR;;;;;;;;;;;2;;;;;;;;;;;;;;;;;;;;20.02.2026
31001068;20001453;group;2007;;;Easycopy;;;;;;;;;;;1;;;;;;;;;;;;;;;;;;;;20.02.2026
31001069;20001453;group;2007;;;Electric;;;;;;;;;;;2;;;;;;;;;;;;;;;;;;;;20.02.2026
31001070;20001453;group;2007;;;Eucompta;;;;;;;;;;;2;;;;;;;;;;;;;;;;;;;;20.02.2026
31001071;20001453;group;2007;;;FA;;;;;;;;;;;2;;;;;;;;;;;;;;;;;;;;20.02.2026
31001072;20001453;group;2007;;;Factura;;;;;;;;;;;2;;;;;;;;;;;;;;;;;;;;20.02.2026
31001073;20001453;group;2007;;;Fax;;;;;;;;;;;1;;;;;;;;;;;;;;;;;;;;20.02.2026
31001074;20001453;group;2007;;;FX;;;;;;;;;;;2;;;;;;;;;;;;;;;;;;;;20.02.2026
31001075;20001453;group;2007;;;Gabriele;;;;;;;;;;;2;;;;;;;;;;;;;;;;;;;;20.02.2026
31001076;20001453;group;2007;;;JPR;;;;;;;;;;;2;;;;;;;;;;;;;;;;;;;;20.02.2026
31001078;20001453;group;2007;;;Junior;;;;;;;;;;;2;;;;;;;;;;;;;;;;;;;;20.02.2026
31001079;20001453;group;2007;;;LP;;;;;;;;;;;1;;;;;;;;;;;;;;;;;;;;20.02.2026
31001080;20001453;group;2007;;;Mark;;;;;;;;;;;2;;;;;;;;;;;;;;;;;;;;20.02.2026
31001081;20001453;group;2007;;;Mastercopy;;;;;;;;;;;1;;;;;;;;;;;;;;;;;;;;20.02.2026
34000508;20001383;group;2007;;;DMP;;;;;;;;;;;1;;;;;;;;;;;;;;;;;;;;20.02.2026
34000509;20001383;group;2007;;;LB;;;;;;;;;;;1;;;;;;;;;;;;;;;;;;;;20.02.2026
34000510;20001383;group;2007;;;MA;;;;;;;;;;;1;;;;;;;;;;;;;;;;;;;;20.02.2026
34000511;20001383;group;2007;;;GP;;;;;;;;;;;1;;;;;;;;;;;;;;;;;;;;20.02.2026
34000512;20001383;group;2007;;;TW;;;;;;;;;;;1;;;;;;;;;;;;;;;;;;;;20.02.2026
34000513;20001405;group;2007;;;Telecopymat;;;;;;;;;;;1;;;;;;;;;;;;;;;;;;;;20.02.2026
34000514;20001405;group;2007;;;Copymat;;;;;;;;;;;1;;;;;;;;;;;;;;;;;;;;20.02.2026
34000515;20001421;group;2007;;;TI;;;;;;;;;;;1;;;;;;;;;;;;;;;;;;;;20.02.2026
34000516;20001421;group;2007;;;Omni;;;;;;;;;;;1;;;;;;;;;;;;;;;;;;;;20.02.2026
34000517;20001421;group;2007;;;Fax L;;;;;;;;;;;1;;;;;;;;;;;;;;;;;;;;20.02.2026
34000518;20001476;group;2007;;;UDS;;;;;;;;;;;1;;;;;;;;;;;;;;;;;;;;20.02.2026
34000519;20001476;group;2007;;;AP;;;;;;;;;;;1;;;;;;;;;;;;;;;;;;;;20.02.2026
34000520;20001476;group;2007;;;B;;;;;;;;;;;1;;;;;;;;;;;;;;;;;;;;20.02.2026
34000521;20001476;group;2007;;;UMS;;;;;;;;;;;1;;;;;;;;;;;;;;;;;;;;20.02.2026
34000522;20001476;group;2007;;;DU;;;;;;;;;;;1;;;;;;;;;;;;;;;;;;;;20.02.2026
34000523;20001511;group;2007;;;LDP;;;;;;;;;;;1;;;;;;;;;;;;;;;;;;;;20.02.2026
34000524;20001612;group;2007;;;CS;;;;;;;;;;;1;;;;;;;;;;;;;;;;;;;;20.02.2026
34000525;20001648;group;2007;;;AS;;;;;;;;;;;1;;;;;;;;;;;;;;;;;;;;20.02.2026
34000526;20001648;group;2007;;;IJ;;;;;;;;;;;1;;;;;;;;;;;;;;;;;;;;20.02.2026
34000527;20001768;group;2007;;;Fax;;;;;;;;;;;1;;;;;;;;;;;;;;;;;;;;20.02.2026
34000528;20001768;group;2007;;;IM;;;;;;;;;;;1;;;;;;;;;;;;;;;;;;;;20.02.2026
34000529;20001768;group;2007;;;DL;;;;;;;;;;;1;;;;;;;;;;;;;;;;;;;;20.02.2026
34000530;20001768;group;2007;;;C;;;;;;;;;;;1;;;;;;;;;;;;;;;;;;;;20.02.2026
34000531;20001768;group;2007;;;W;;;;;;;;;;;1;;;;;;;;;;;;;;;;;;;;20.02.2026
34000532;20001988;group;2007;;;EZ;;;;;;;;;;;1;;;;;;;;;;;;;;;;;;;;20.02.2026
34000533;20001988;group;2007;;;RP;;;;;;;;;;;1;;;;;;;;;;;;;;;;;;;;20.02.2026
34000534;20002769;group;2007;;;LP;;;;;;;;;;;1;;;;;;;;;;;;;;;;;;;;20.02.2026
34000535;20002769;group;2007;;;Aficio;;;;;;;;;;;1;;;;;;;;;;;;;;;;;;;;20.02.2026
34000536;50101833;group;2007;;;T;;;;;;;;;;;1;;;;;;;;;;;;;;;;;;;;20.02.2026
34000537;20001145;group;2007;;;Colourlaser;;;;;;;;;;;1;;;;;;;;;;;;;;;;;;;;20.02.2026
34000538;20000827;group;2007;;;Jetfax;;;;;;;;;;;1;;;;;;;;;;;;;;;;;;;;20.02.2026
34000540;20000002;group;2007;;;EMT;;;;;;;;;;;1;;;;;;;;;;;;;;;;;;;;20.02.2026
34000541;20000037;group;2007;;;Matura;;;;;;;;;;;2;;;;;;;;;;;;;;;;;;;;20.02.2026
34000542;20000037;group;2007;;;Universal;;;;;;;;;;;2;;;;;;;;;;;;;;;;;;;;20.02.2026
34000544;20000037;group;2007;;;Eucompta;;;;;;;;;;;2;;;;;;;;;;;;;;;;;;;;20.02.2026
34000545;20000037;group;2007;;;Alpha;;;;;;;;;;;2;;;;;;;;;;;;;;;;;;;;20.02.2026
34000546;20000037;group;2007;;;PD;;;;;;;;;;;1;;;;;;;;;;;;;;;;;;;;20.02.2026
34000547;20000054;group;2007;;;P;;;;;;;;;;;2;;;;;;;;;;;;;;;;;;;;20.02.2026
34000548;20000068;group;2007;;;AR;;;;;;;;;;;1;;;;;;;;;;;;;;;;;;;;20.02.2026
34000549;20000080;group;2007;;;P;;;;;;;;;;;1;;;;;;;;;;;;;;;;;;;;20.02.2026
34000550;20000204;group;2007;;;Lasergraphics;;;;;;;;;;;1;;;;;;;;;;;;;;;;;;;;20.02.2026
34000551;20000204;group;2007;;;Print;;;;;;;;;;;1;;;;;;;;;;;;;;;;;;;;20.02.2026
34000552;20000228;group;2007;;;BF;;;;;;;;;;;1;;;;;;;;;;;;;;;;;;;;20.02.2026
34000553;20000243;group;2007;;;P;;;;;;;;;;;1;;;;;;;;;;;;;;;;;;;;20.02.2026
34000554;20000243;group;2007;;;PE;;;;;;;;;;;1;;;;;;;;;;;;;;;;;;;;20.02.2026
34000555;20000243;group;2007;;;IMP;;;;;;;;;;;2;;;;;;;;;;;;;;;;;;;;20.02.2026
34000556;20000243;group;2007;;;Laserpage;;;;;;;;;;;1;;;;;;;;;;;;;;;;;;;;20.02.2026
31000508;20001029;group;2007;;;CP;;;;;;;;;;;1;;;;;;;;;;;;;;;;;;;;20.02.2026
31000778;20001128;group;2007;;;CD;;;;;;;;;;;1;;;;;;;;;;;;;;;;;;;;20.02.2026
31000779;20001128;group;2007;;;D;;;;;;;;;;;1;;;;;;;;;;;;;;;;;;;;20.02.2026
31000780;20001128;group;2007;;;DA;;;;;;;;;;;1;;;;;;;;;;;;;;;;;;;;20.02.2026
31000781;20001128;group;2007;;;DF;;;;;;;;;;;1;;;;;;;;;;;;;;;;;;;;20.02.2026
31000782;20001128;group;2007;;;DL;;;;;;;;;;;1;;;;;;;;;;;;;;;;;;;;20.02.2026
31000783;20001128;group;2007;;;F;;;;;;;;;;;1;;;;;;;;;;;;;;;;;;;;20.02.2026
31000784;20001128;group;2007;;;Fax;;;;;;;;;;;1;;;;;;;;;;;;;;;;;;;;20.02.2026
31000785;20001128;group;2007;;;L;;;;;;;;;;;1;;;;;;;;;;;;;;;;;;;;20.02.2026
31000786;20001128;group;2007;;;M;;;;;;;;;;;1;;;;;;;;;;;;;;;;;;;;20.02.2026
31000787;20001128;group;2007;;;W;;;;;;;;;;;1;;;;;;;;;;;;;;;;;;;;20.02.2026
31000788;20001210;group;2007;;;C;;;;;;;;;;;1;;;;;;;;;;;;;;;;;;;;20.02.2026
31000789;20001210;group;2007;;;CC;;;;;;;;;;;1;;;;;;;;;;;;;;;;;;;;20.02.2026
31000790;20001210;group;2007;;;CS;;;;;;;;;;;1;;;;;;;;;;;;;;;;;;;;20.02.2026
31000791;20001210;group;2007;;;Docustation DSM;;;;;;;;;;;1;;;;;;;;;;;;;;;;;;;;20.02.2026
31000792;20001210;group;2007;;;Docustation;;;;;;;;;;;1;;;;;;;;;;;;;;;;;;;;20.02.2026
31000793;20001210;group;2007;;;DSC;;;;;;;;;;;1;;;;;;;;;;;;;;;;;;;;20.02.2026
31000794;20001210;group;2007;;;E;;;;;;;;;;;2;;;;;;;;;;;;;;;;;;;;20.02.2026
34000557;20000243;group;2007;;;Console;;;;;;;;;;;2;;;;;;;;;;;;;;;;;;;;20.02.2026
34000558;20000243;group;2007;;;BI;;;;;;;;;;;2;;;;;;;;;;;;;;;;;;;;20.02.2026
34000559;20000246;group;2007;;;TP;;;;;;;;;;;1;;;;;;;;;;;;;;;;;;;;20.02.2026
34000560;20000276;group;2007;;;FP;;;;;;;;;;;1;;;;;;;;;;;;;;;;;;;;20.02.2026
34000561;20000276;group;2007;;;PCR;;;;;;;;;;;1;;;;;;;;;;;;;;;;;;;;20.02.2026
34000562;20000276;group;2007;;;SR;;;;;;;;;;;1;;;;;;;;;;;;;;;;;;;;20.02.2026
34000563;20000276;group;2007;;;ER;;;;;;;;;;;1;;;;;;;;;;;;;;;;;;;;20.02.2026
34000564;20000276;group;2007;;;SP;;;;;;;;;;;1;;;;;;;;;;;;;;;;;;;;20.02.2026
34000565;20000302;group;2007;;;LSP;;;;;;;;;;;1;;;;;;;;;;;;;;;;;;;;20.02.2026
34000566;20000302;group;2007;;;Cimatron;;;;;;;;;;;1;;;;;;;;;;;;;;;;;;;;20.02.2026
34000567;20000329;group;2007;;;CBM;;;;;;;;;;;1;;;;;;;;;;;;;;;;;;;;20.02.2026
34000568;20000333;group;2007;;;IJ;;;;;;;;;;;1;;;;;;;;;;;;;;;;;;;;20.02.2026
34000569;20000333;group;2007;;;LN;;;;;;;;;;;1;;;;;;;;;;;;;;;;;;;;20.02.2026
34000570;20000388;group;2007;;;P;;;;;;;;;;;1;;;;;;;;;;;;;;;;;;;;20.02.2026
34000571;20000515;group;2007;;;P;;;;;;;;;;;1;;;;;;;;;;;;;;;;;;;;20.02.2026
34000572;20000530;group;2007;;;Le;;;;;;;;;;;1;;;;;;;;;;;;;;;;;;;;20.02.2026
34000573;20000530;group;2007;;;WS;;;;;;;;;;;1;;;;;;;;;;;;;;;;;;;;20.02.2026
34000574;20000623;group;2007;;;Opus;;;;;;;;;;;1;;;;;;;;;;;;;;;;;;;;20.02.2026
34000575;20000681;group;2007;;;CP;;;;;;;;;;;1;;;;;;;;;;;;;;;;;;;;20.02.2026
34000576;20000730;group;2007;;;HT;;;;;;;;;;;1;;;;;;;;;;;;;;;;;;;;20.02.2026
34000578;20000730;group;2007;;;H;;;;;;;;;;;1;;;;;;;;;;;;;;;;;;;;20.02.2026
31000263;20000652;group;2007;;;Daisy;;;;;;;;;;;1;;;;;;;;;;;;;;;;;;;;20.02.2026
31000264;20000652;group;2007;;;DC;;;;;;;;;;;1;;;;;;;;;;;;;;;;;;;;20.02.2026
31000265;20000652;group;2007;;;DEX;;;;;;;;;;;1;;;;;;;;;;;;;;;;;;;;20.02.2026
31000266;20000652;group;2007;;;DL;;;;;;;;;;;1;;;;;;;;;;;;;;;;;;;;20.02.2026
31000267;20000652;group;2007;;;DLP;;;;;;;;;;;1;;;;;;;;;;;;;;;;;;;;20.02.2026
31000268;20000652;group;2007;;;DOT MAX;;;;;;;;;;;1;;;;;;;;;;;;;;;;;;;;20.02.2026
31000269;20000652;group;2007;;;DPL;;;;;;;;;;;1;;;;;;;;;;;;;;;;;;;;20.02.2026
31000270;20000652;group;2007;;;Dpmg;;;;;;;;;;;1;;;;;;;;;;;;;;;;;;;;20.02.2026
31000271;20000652;group;2007;;;DV;;;;;;;;;;;1;;;;;;;;;;;;;;;;;;;;20.02.2026
31000272;20000652;group;2007;;;DX;;;;;;;;;;;1;;;;;;;;;;;;;;;;;;;;20.02.2026
31000273;20000652;group;2007;;;F;;;;;;;;;;;2;;;;;;;;;;;;;;;;;;;;20.02.2026
31000274;20000652;group;2007;;;G;;;;;;;;;;;2;;;;;;;;;;;;;;;;;;;;20.02.2026
31000277;20000652;group;2007;;;Lineprinter;;;;;;;;;;;1;;;;;;;;;;;;;;;;;;;;20.02.2026
31000278;20000652;group;2007;;;M;;;;;;;;;;;1;;;;;;;;;;;;;;;;;;;;20.02.2026
31001204;20002488;group;2007;;;Labelmanager;;;;;;;;;;;1;;;;;;;;;;;;;;;;;;;;20.02.2026
31001205;20002488;group;2007;;;Letratag;;;;;;;;;;;1;;;;;;;;;;;;;;;;;;;;20.02.2026
31001206;20002488;group;2007;;;Labelpoint;;;;;;;;;;;1;;;;;;;;;;;;;;;;;;;;20.02.2026
31000303;20000920;group;2007;;;LN;;;;;;;;;;;1;;;;;;;;;;;;;;;;;;;;20.02.2026
31000304;20000920;group;2007;;;Microlaser;;;;;;;;;;;1;;;;;;;;;;;;;;;;;;;;20.02.2026
31000305;20000920;group;2007;;;PS;;;;;;;;;;;1;;;;;;;;;;;;;;;;;;;;20.02.2026
31000306;20000920;group;2007;;;SC;;;;;;;;;;;1;;;;;;;;;;;;;;;;;;;;20.02.2026
31000307;20000920;group;2007;;;Terminet;;;;;;;;;;;1;;;;;;;;;;;;;;;;;;;;20.02.2026
31000309;20000920;group;2007;;;WH;;;;;;;;;;;1;;;;;;;;;;;;;;;;;;;;20.02.2026
31000310;20000681;group;2007;;;C;;;;;;;;;;;2;;;;;;;;;;;;;;;;;;;;20.02.2026
31000311;20000681;group;2007;;;CS;;;;;;;;;;;1;;;;;;;;;;;;;;;;;;;;20.02.2026
31000312;20000681;group;2007;;;Docustation DSM;;;;;;;;;;;1;;;;;;;;;;;;;;;;;;;;20.02.2026
31000313;20000681;group;2007;;;Docustation;;;;;;;;;;;1;;;;;;;;;;;;;;;;;;;;20.02.2026
31000314;20000681;group;2007;;;DSC;;;;;;;;;;;1;;;;;;;;;;;;;;;;;;;;20.02.2026
31000315;20000681;group;2007;;;E;;;;;;;;;;;2;;;;;;;;;;;;;;;;;;;;20.02.2026
31000316;20000681;group;2007;;;Fax;;;;;;;;;;;1;;;;;;;;;;;;;;;;;;;;20.02.2026
31000317;20000681;group;2007;;;Faxstation;;;;;;;;;;;1;;;;;;;;;;;;;;;;;;;;20.02.2026
31000318;20000681;group;2007;;;GLS;;;;;;;;;;;2;;;;;;;;;;;;;;;;;;;;20.02.2026
31000319;20000681;group;2007;;;GLX;;;;;;;;;;;2;;;;;;;;;;;;;;;;;;;;20.02.2026
31000320;20000681;group;2007;;;GPC;;;;;;;;;;;2;;;;;;;;;;;;;;;;;;;;20.02.2026
31000321;20000681;group;2007;;;LX;;;;;;;;;;;1;;;;;;;;;;;;;;;;;;;;20.02.2026
31000322;20000681;group;2007;;;P;;;;;;;;;;;1;;;;;;;;;;;;;;;;;;;;20.02.2026
31000323;20000681;group;2007;;;Printstation;;;;;;;;;;;1;;;;;;;;;;;;;;;;;;;;20.02.2026
31000324;20000681;group;2007;;;R;;;;;;;;;;;2;;;;;;;;;;;;;;;;;;;;20.02.2026
31000335;20000728;group;2007;;;Fax;;;;;;;;;;;1;;;;;;;;;;;;;;;;;;;;20.02.2026
31000340;20000728;group;2007;;;PaintJet;;;;;;;;;;;2;;;;;;;;;;;;;;;;;;;;20.02.2026
31000341;20000728;group;2007;;;Paintwriter;;;;;;;;;;;2;;;;;;;;;;;;;;;;;;;;20.02.2026
31000342;20000728;group;2007;;;Photo Printer;;;;;;;;;;;2;;;;;;;;;;;;;;;;;;;;20.02.2026
31000343;20000728;group;2007;;;QuietJet;;;;;;;;;;;2;;;;;;;;;;;;;;;;;;;;20.02.2026
31000344;20000746;group;2007;;;A;;;;;;;;;;;2;;;;;;;;;;;;;;;;;;;;20.02.2026
31000345;20000746;group;2007;;;Actionwriter;;;;;;;;;;;2;;;;;;;;;;;;;;;;;;;;20.02.2026
31000346;20000746;group;2007;;;Colorjetprinter;;;;;;;;;;;1;;;;;;;;;;;;;;;;;;;;20.02.2026
31000347;20000746;group;2007;;;Compact;;;;;;;;;;;2;;;;;;;;;;;;;;;;;;;;20.02.2026
31000348;20000746;group;2007;;;Displaywriter;;;;;;;;;;;2;;;;;;;;;;;;;;;;;;;;20.02.2026
31000349;20000746;group;2007;;;Electromatic;;;;;;;;;;;2;;;;;;;;;;;;;;;;;;;;20.02.2026
31000350;20000746;group;2007;;;Electronic;;;;;;;;;;;2;;;;;;;;;;;;;;;;;;;;20.02.2026
31000351;20000746;group;2007;;;Execjet;;;;;;;;;;;2;;;;;;;;;;;;;;;;;;;;20.02.2026
31000352;20000746;group;2007;;;Executive;;;;;;;;;;;2;;;;;;;;;;;;;;;;;;;;20.02.2026
31000353;20000746;group;2007;;;Grafikprinter;;;;;;;;;;;2;;;;;;;;;;;;;;;;;;;;20.02.2026
31000354;20000746;group;2007;;;Infoprint C;;;;;;;;;;;1;;;;;;;;;;;;;;;;;;;;20.02.2026
31000355;20000746;group;2007;;;Infoprint Color;;;;;;;;;;;1;;;;;;;;;;;;;;;;;;;;20.02.2026
31000356;20000746;group;2007;;;Infoprint;;;;;;;;;;;1;;;;;;;;;;;;;;;;;;;;20.02.2026
31000357;20000746;group;2007;;;MAG Card;;;;;;;;;;;2;;;;;;;;;;;;;;;;;;;;20.02.2026
31000358;20000746;group;2007;;;MC;;;;;;;;;;;2;;;;;;;;;;;;;;;;;;;;20.02.2026
31000359;20000746;group;2007;;;Medley;;;;;;;;;;;2;;;;;;;;;;;;;;;;;;;;20.02.2026
31000360;20000746;group;2007;;;Memory;;;;;;;;;;;2;;;;;;;;;;;;;;;;;;;;20.02.2026
31000361;20000746;group;2007;;;Network Printer Color;;;;;;;;;;;1;;;;;;;;;;;;;;;;;;;;20.02.2026
34000419;20000530;group;2007;;;LG;;;;;;;;;;;1;;;;;;;;;;;;;;;;;;;;20.02.2026
34000420;20000530;group;2007;;;Declaser;;;;;;;;;;;1;;;;;;;;;;;;;;;;;;;;20.02.2026
34000421;20000530;group;2007;;;LA;;;;;;;;;;;1;;;;;;;;;;;;;;;;;;;;20.02.2026
34000422;20000569;group;2007;;;Galeo;;;;;;;;;;;1;;;;;;;;;;;;;;;;;;;;20.02.2026
34000423;20000569;group;2007;;;Agoris;;;;;;;;;;;1;;;;;;;;;;;;;;;;;;;;20.02.2026
34000424;20000586;group;2007;;;Novajet;;;;;;;;;;;1;;;;;;;;;;;;;;;;;;;;20.02.2026
34000425;20000623;group;2007;;;D;;;;;;;;;;;1;;;;;;;;;;;;;;;;;;;;20.02.2026
34000426;20000623;group;2007;;;Addo;;;;;;;;;;;1;;;;;;;;;;;;;;;;;;;;20.02.2026
34000427;20000623;group;2007;;;C;;;;;;;;;;;1;;;;;;;;;;;;;;;;;;;;20.02.2026
34000428;20000623;group;2007;;;T;;;;;;;;;;;1;;;;;;;;;;;;;;;;;;;;20.02.2026
34000429;20000623;group;2007;;;P;;;;;;;;;;;1;;;;;;;;;;;;;;;;;;;;20.02.2026
34000430;20000623;group;2007;;;Er;;;;;;;;;;;1;;;;;;;;;;;;;;;;;;;;20.02.2026
34000431;20000623;group;2007;;;CS;;;;;;;;;;;1;;;;;;;;;;;;;;;;;;;;20.02.2026
34000432;20000623;group;2007;;;EL;;;;;;;;;;;1;;;;;;;;;;;;;;;;;;;;20.02.2026
34000433;20000623;group;2007;;;E;;;;;;;;;;;1;;;;;;;;;;;;;;;;;;;;20.02.2026
34000434;20000623;group;2007;;;B;;;;;;;;;;;1;;;;;;;;;;;;;;;;;;;;20.02.2026
34000435;20000653;group;2007;;;G;;;;;;;;;;;1;;;;;;;;;;;;;;;;;;;;20.02.2026
34000436;20000730;group;2007;;;Hifax;;;;;;;;;;;1;;;;;;;;;;;;;;;;;;;;20.02.2026
31001294;20000728;group;2007;;;DesignJet L;;;;;;;;;;;1;;;;;;;;;;;;;;;;;;;;20.02.2026
31001295;20001074;group;2007;;;MB;;;;;;;;;;;1;;;;;;;;;;;;;;;;;;;;20.02.2026
31001296;20001076;group;2007;;;ORS;;;;;;;;;;;2;;;;;;;;;;;;;;;;;;;;20.02.2026
31001297;20000784;group;2007;;;MP C;;;;;;;;;;;1;;;;;;;;;;;;;;;;;;;;20.02.2026
34000735;20000593;group;2007;;;Workforce Pro;;;;;;;;;;;1;;;;;;;;;;;;;;;;;;;;20.02.2026
31000379;20000784;group;2007;;;IS;;;;;;;;;;;1;;;;;;;;;;;;;;;;;;;;20.02.2026
31000380;20000784;group;2007;;;ISC;;;;;;;;;;;1;;;;;;;;;;;;;;;;;;;;20.02.2026
31000381;20000784;group;2007;;;Malice;;;;;;;;;;;1;;;;;;;;;;;;;;;;;;;;20.02.2026
31000382;20000784;group;2007;;;MF;;;;;;;;;;;1;;;;;;;;;;;;;;;;;;;;20.02.2026
31000383;20000784;group;2007;;;P;;;;;;;;;;;1;;;;;;;;;;;;;;;;;;;;20.02.2026
31000384;20001164;group;2007;;;Fax KF;;;;;;;;;;;1;;;;;;;;;;;;;;;;;;;;20.02.2026
31000385;20001164;group;2007;;;Fax;;;;;;;;;;;1;;;;;;;;;;;;;;;;;;;;20.02.2026
31000388;20001164;group;2007;;;FT;;;;;;;;;;;2;;;;;;;;;;;;;;;;;;;;20.02.2026
31000389;20001164;group;2007;;;KL;;;;;;;;;;;2;;;;;;;;;;;;;;;;;;;;20.02.2026
31000391;20001164;group;2007;;;LP;;;;;;;;;;;2;;;;;;;;;;;;;;;;;;;;20.02.2026
31000392;20001164;group;2007;;;PR;;;;;;;;;;;2;;;;;;;;;;;;;;;;;;;;20.02.2026
31000393;20001164;group;2007;;;BIG Kiss;;;;;;;;;;;2;;;;;;;;;;;;;;;;;;;;20.02.2026
31000394;20001164;group;2007;;;bizhub C;;;;;;;;;;;1;;;;;;;;;;;;;;;;;;;;20.02.2026
31000395;20001164;group;2007;;;bizhub PRO C;;;;;;;;;;;1;;;;;;;;;;;;;;;;;;;;20.02.2026
31000396;20001164;group;2007;;;bizhub PRO;;;;;;;;;;;1;;;;;;;;;;;;;;;;;;;;20.02.2026
31000397;20001164;group;2007;;;bizhub;;;;;;;;;;;1;;;;;;;;;;;;;;;;;;;;20.02.2026
31000398;20001164;group;2007;;;Color Pageworks;;;;;;;;;;;2;;;;;;;;;;;;;;;;;;;;20.02.2026
31000400;20001164;group;2007;;;Colorscript;;;;;;;;;;;2;;;;;;;;;;;;;;;;;;;;20.02.2026
31000401;20001164;group;2007;;;Desklaser;;;;;;;;;;;1;;;;;;;;;;;;;;;;;;;;20.02.2026
31000402;20001164;group;2007;;;Kiss;;;;;;;;;;;2;;;;;;;;;;;;;;;;;;;;20.02.2026
31000403;20001164;group;2007;;;Lasergrafix;;;;;;;;;;;1;;;;;;;;;;;;;;;;;;;;20.02.2026
31000404;20001164;group;2007;;;LG;;;;;;;;;;;2;;;;;;;;;;;;;;;;;;;;20.02.2026
31000405;20001164;group;2007;;;Magicolor;;;;;;;;;;;1;;;;;;;;;;;;;;;;;;;;20.02.2026
31000406;20001164;group;2007;;;Magnum;;;;;;;;;;;2;;;;;;;;;;;;;;;;;;;;20.02.2026
31000409;20001164;group;2007;;;PS;;;;;;;;;;;2;;;;;;;;;;;;;;;;;;;;20.02.2026
31000410;20001164;group;2007;;;Scancopy;;;;;;;;;;;2;;;;;;;;;;;;;;;;;;;;20.02.2026
31000411;20001164;group;2007;;;Smartwriter;;;;;;;;;;;2;;;;;;;;;;;;;;;;;;;;20.02.2026
31000412;20000984;group;2007;;;ECOSYS;;;;;;;;;;;1;;;;;;;;;;;;;;;;;;;;20.02.2026
31000413;20000984;group;2007;;;F;;;;;;;;;;;1;;;;;;;;;;;;;;;;;;;;20.02.2026
31000414;20000984;group;2007;;;FBP;;;;;;;;;;;2;;;;;;;;;;;;;;;;;;;;20.02.2026
31000415;20000984;group;2007;;;FS;;;;;;;;;;;1;;;;;;;;;;;;;;;;;;;;20.02.2026
31000416;20000984;group;2007;;;FS-C;;;;;;;;;;;1;;;;;;;;;;;;;;;;;;;;20.02.2026
31000417;20000984;group;2007;;;P;;;;;;;;;;;1;;;;;;;;;;;;;;;;;;;;20.02.2026
31000419;20000984;group;2007;;;AF;;;;;;;;;;;2;;;;;;;;;;;;;;;;;;;;20.02.2026
31000420;20000984;group;2007;;;AI;;;;;;;;;;;1;;;;;;;;;;;;;;;;;;;;20.02.2026
31000421;20000984;group;2007;;;C;;;;;;;;;;;2;;;;;;;;;;;;;;;;;;;;20.02.2026
31000422;20000984;group;2007;;;CI;;;;;;;;;;;1;;;;;;;;;;;;;;;;;;;;20.02.2026
31000423;20000984;group;2007;;;Copystar;;;;;;;;;;;2;;;;;;;;;;;;;;;;;;;;20.02.2026
31000424;20000984;group;2007;;;DC;;;;;;;;;;;2;;;;;;;;;;;;;;;;;;;;20.02.2026
31000425;20000984;group;2007;;;DP;;;;;;;;;;;2;;;;;;;;;;;;;;;;;;;;20.02.2026
31000426;20000984;group;2007;;;DR;;;;;;;;;;;2;;;;;;;;;;;;;;;;;;;;20.02.2026
31000427;20000984;group;2007;;;KM;;;;;;;;;;;1;;;;;;;;;;;;;;;;;;;;20.02.2026
31000428;20000984;group;2007;;;KM-C;;;;;;;;;;;1;;;;;;;;;;;;;;;;;;;;20.02.2026
31000429;20000984;group;2007;;;LDC;;;;;;;;;;;2;;;;;;;;;;;;;;;;;;;;20.02.2026
31000430;20000984;group;2007;;;LP;;;;;;;;;;;2;;;;;;;;;;;;;;;;;;;;20.02.2026
31000431;20000984;group;2007;;;LP-X;;;;;;;;;;;2;;;;;;;;;;;;;;;;;;;;20.02.2026
31000432;20000984;group;2007;;;MIP;;;;;;;;;;;2;;;;;;;;;;;;;;;;;;;;20.02.2026
31000433;20000984;group;2007;;;Pointsource AI;;;;;;;;;;;2;;;;;;;;;;;;;;;;;;;;20.02.2026
31000434;20000984;group;2007;;;Pointsource CI;;;;;;;;;;;2;;;;;;;;;;;;;;;;;;;;20.02.2026
31000435;20000984;group;2007;;;Pointsource VI;;;;;;;;;;;2;;;;;;;;;;;;;;;;;;;;20.02.2026
31000581;20001076;group;2007;;;Editor;;;;;;;;;;;2;;;;;;;;;;;;;;;;;;;;20.02.2026
31000583;20001076;group;2007;;;ET;;;;;;;;;;;2;;;;;;;;;;;;;;;;;;;;20.02.2026
31000584;20001076;group;2007;;;ETC;;;;;;;;;;;2;;;;;;;;;;;;;;;;;;;;20.02.2026
31000585;20001076;group;2007;;;ETP;;;;;;;;;;;2;;;;;;;;;;;;;;;;;;;;20.02.2026
31000586;20001076;group;2007;;;ETS;;;;;;;;;;;2;;;;;;;;;;;;;;;;;;;;20.02.2026
31000587;20001076;group;2007;;;ETV;;;;;;;;;;;2;;;;;;;;;;;;;;;;;;;;20.02.2026
31000588;20001076;group;2007;;;ETW;;;;;;;;;;;2;;;;;;;;;;;;;;;;;;;;20.02.2026
31000589;20001076;group;2007;;;ETZ;;;;;;;;;;;2;;;;;;;;;;;;;;;;;;;;20.02.2026
31000590;20001076;group;2007;;;Fax-LAB;;;;;;;;;;;1;;;;;;;;;;;;;;;;;;;;20.02.2026
31000591;20001076;group;2007;;;FX;;;;;;;;;;;2;;;;;;;;;;;;;;;;;;;;20.02.2026
31000592;20001076;group;2007;;;HD;;;;;;;;;;;2;;;;;;;;;;;;;;;;;;;;20.02.2026
31000593;20001076;group;2007;;;JET-LAB;;;;;;;;;;;1;;;;;;;;;;;;;;;;;;;;20.02.2026
31000594;20001076;group;2007;;;JOB-JET;;;;;;;;;;;1;;;;;;;;;;;;;;;;;;;;20.02.2026
31000595;20001076;group;2007;;;JP;;;;;;;;;;;2;;;;;;;;;;;;;;;;;;;;20.02.2026
31000596;20001076;group;2007;;;Lettera;;;;;;;;;;;2;;;;;;;;;;;;;;;;;;;;20.02.2026
31000597;20001076;group;2007;;;Lexicon;;;;;;;;;;;2;;;;;;;;;;;;;;;;;;;;20.02.2026
31000598;20001076;group;2007;;;Linea;;;;;;;;;;;2;;;;;;;;;;;;;;;;;;;;20.02.2026
31000599;20001076;group;2007;;;Logocart;;;;;;;;;;;2;;;;;;;;;;;;;;;;;;;;20.02.2026
31000600;20001076;group;2007;;;Logos;;;;;;;;;;;1;;;;;;;;;;;;;;;;;;;;20.02.2026
31000601;20001076;group;2007;;;LP;;;;;;;;;;;2;;;;;;;;;;;;;;;;;;;;20.02.2026
31000602;20001076;group;2007;;;LX;;;;;;;;;;;2;;;;;;;;;;;;;;;;;;;;20.02.2026
31000603;20001076;group;2007;;;M;;;;;;;;;;;2;;;;;;;;;;;;;;;;;;;;20.02.2026
31000608;20001076;group;2007;;;Mercator;;;;;;;;;;;2;;;;;;;;;;;;;;;;;;;;20.02.2026
31000610;20001076;group;2007;;;Myway;;;;;;;;;;;1;;;;;;;;;;;;;;;;;;;;20.02.2026
31000611;20001076;group;2007;;;NMS;;;;;;;;;;;2;;;;;;;;;;;;;;;;;;;;20.02.2026
31000612;20001076;group;2007;;;Nomad-JET;;;;;;;;;;;1;;;;;;;;;;;;;;;;;;;;20.02.2026
31000613;20001076;group;2007;;;OCR;;;;;;;;;;;2;;;;;;;;;;;;;;;;;;;;20.02.2026
31000614;20001076;group;2007;;;OFX;;;;;;;;;;;2;;;;;;;;;;;;;;;;;;;;20.02.2026
31000615;20001076;group;2007;;;ORP;;;;;;;;;;;2;;;;;;;;;;;;;;;;;;;;20.02.2026
31000616;20001076;group;2007;;;P;;;;;;;;;;;2;;;;;;;;;;;;;;;;;;;;20.02.2026
31000617;20001076;group;2007;;;PA;;;;;;;;;;;2;;;;;;;;;;;;;;;;;;;;20.02.2026
31000618;20001076;group;2007;;;Packcart;;;;;;;;;;;2;;;;;;;;;;;;;;;;;;;;20.02.2026
31000619;20001076;group;2007;;;PC;;;;;;;;;;;2;;;;;;;;;;;;;;;;;;;;20.02.2026
31000620;20001076;group;2007;;;PD;;;;;;;;;;;1;;;;;;;;;;;;;;;;;;;;20.02.2026
31000622;20001076;group;2007;;;Personal;;;;;;;;;;;2;;;;;;;;;;;;;;;;;;;;20.02.2026
31000623;20001076;group;2007;;;PG;;;;;;;;;;;2;;;;;;;;;;;;;;;;;;;;20.02.2026
31000624;20001076;group;2007;;;PR;;;;;;;;;;;2;;;;;;;;;;;;;;;;;;;;20.02.2026
31000626;20001076;group;2007;;;PT;;;;;;;;;;;2;;;;;;;;;;;;;;;;;;;;20.02.2026
31000628;20001076;group;2007;;;Raphael;;;;;;;;;;;2;;;;;;;;;;;;;;;;;;;;20.02.2026
31000629;20001076;group;2007;;;RAS;;;;;;;;;;;2;;;;;;;;;;;;;;;;;;;;20.02.2026
31000630;20001076;group;2007;;;S;;;;;;;;;;;2;;;;;;;;;;;;;;;;;;;;20.02.2026
31000631;20001076;group;2007;;;Smallcart;;;;;;;;;;;2;;;;;;;;;;;;;;;;;;;;20.02.2026
31000632;20001076;group;2007;;;Studio;;;;;;;;;;;2;;;;;;;;;;;;;;;;;;;;20.02.2026
31000633;20001076;group;2007;;;Summa;;;;;;;;;;;2;;;;;;;;;;;;;;;;;;;;20.02.2026
31000634;20001076;group;2007;;;TC;;;;;;;;;;;2;;;;;;;;;;;;;;;;;;;;20.02.2026
31000636;20001076;group;2007;;;TE;;;;;;;;;;;2;;;;;;;;;;;;;;;;;;;;20.02.2026
31000637;20001076;group;2007;;;Tekne;;;;;;;;;;;2;;;;;;;;;;;;;;;;;;;;20.02.2026
31000638;20001076;group;2007;;;TES;;;;;;;;;;;2;;;;;;;;;;;;;;;;;;;;20.02.2026
31000639;20001076;group;2007;;;Tescart;;;;;;;;;;;2;;;;;;;;;;;;;;;;;;;;20.02.2026
31000641;20001076;group;2007;;;TLM;;;;;;;;;;;2;;;;;;;;;;;;;;;;;;;;20.02.2026
31000642;20001076;group;2007;;;TTX;;;;;;;;;;;2;;;;;;;;;;;;;;;;;;;;20.02.2026
31000062;20000264;group;2007;;;BIJ;;;;;;;;;;;2;;;;;;;;;;;;;;;;;;;;20.02.2026
31000063;20000264;group;2007;;;BJ;;;;;;;;;;;1;;;;;;;;;;;;;;;;;;;;20.02.2026
31000064;20000264;group;2007;;;BJC;;;;;;;;;;;1;;;;;;;;;;;;;;;;;;;;20.02.2026
31000065;20000264;group;2007;;;BJP;;;;;;;;;;;2;;;;;;;;;;;;;;;;;;;;20.02.2026
31000066;20000264;group;2007;;;BJ-W;;;;;;;;;;;1;;;;;;;;;;;;;;;;;;;;20.02.2026
31000067;20000264;group;2007;;;BP;;;;;;;;;;;2;;;;;;;;;;;;;;;;;;;;20.02.2026
31000068;20000264;group;2007;;;Business Card Printer;;;;;;;;;;;1;;;;;;;;;;;;;;;;;;;;20.02.2026
31000070;20000264;group;2007;;;C;;;;;;;;;;;2;;;;;;;;;;;;;;;;;;;;20.02.2026
31000071;20000264;group;2007;;;Canofax;;;;;;;;;;;2;;;;;;;;;;;;;;;;;;;;20.02.2026
31000072;20000264;group;2007;;;Canola;;;;;;;;;;;2;;;;;;;;;;;;;;;;;;;;20.02.2026
31000073;20000264;group;2007;;;Card Photo Printer;;;;;;;;;;;1;;;;;;;;;;;;;;;;;;;;20.02.2026
31000074;20000264;group;2007;;;CFX;;;;;;;;;;;2;;;;;;;;;;;;;;;;;;;;20.02.2026
31000075;20000264;group;2007;;;CLC;;;;;;;;;;;2;;;;;;;;;;;;;;;;;;;;20.02.2026
31000076;20000264;group;2007;;;CM;;;;;;;;;;;2;;;;;;;;;;;;;;;;;;;;20.02.2026
31000078;20000264;group;2007;;;Colorpass;;;;;;;;;;;1;;;;;;;;;;;;;;;;;;;;20.02.2026
31000079;20000264;group;2007;;;Compri;;;;;;;;;;;2;;;;;;;;;;;;;;;;;;;;20.02.2026
31000080;20000264;group;2007;;;CP;;;;;;;;;;;2;;;;;;;;;;;;;;;;;;;;20.02.2026
31000081;20000264;group;2007;;;CW;;;;;;;;;;;2;;;;;;;;;;;;;;;;;;;;20.02.2026
31000082;20000264;group;2007;;;EP;;;;;;;;;;;2;;;;;;;;;;;;;;;;;;;;20.02.2026
31000083;20000264;group;2007;;;ES;;;;;;;;;;;2;;;;;;;;;;;;;;;;;;;;20.02.2026
31000084;20000264;group;2007;;;F;;;;;;;;;;;2;;;;;;;;;;;;;;;;;;;;20.02.2026
31000085;20000264;group;2007;;;Fax B;;;;;;;;;;;1;;;;;;;;;;;;;;;;;;;;20.02.2026
31000086;20000264;group;2007;;;Fax L;;;;;;;;;;;1;;;;;;;;;;;;;;;;;;;;20.02.2026
31000087;20000264;group;2007;;;Fax T;;;;;;;;;;;1;;;;;;;;;;;;;;;;;;;;20.02.2026
31000088;20000264;group;2007;;;Faxphone;;;;;;;;;;;2;;;;;;;;;;;;;;;;;;;;20.02.2026
31000089;20000264;group;2007;;;FC;;;;;;;;;;;1;;;;;;;;;;;;;;;;;;;;20.02.2026
31000090;20000264;group;2007;;;Fileprint;;;;;;;;;;;2;;;;;;;;;;;;;;;;;;;;20.02.2026
31000091;20000264;group;2007;;;GP;;;;;;;;;;;2;;;;;;;;;;;;;;;;;;;;20.02.2026
31000092;20000264;group;2007;;;I;;;;;;;;;;;2;;;;;;;;;;;;;;;;;;;;20.02.2026
31000094;20000264;group;2007;;;imageCLASS D;;;;;;;;;;;1;;;;;;;;;;;;;;;;;;;;20.02.2026
31000095;20000264;group;2007;;;imageCLASS MF;;;;;;;;;;;1;;;;;;;;;;;;;;;;;;;;20.02.2026
31000096;20000264;group;2007;;;imageCLASS;;;;;;;;;;;1;;;;;;;;;;;;;;;;;;;;20.02.2026
31000097;20000264;group;2007;;;imagePROGRAF;;;;;;;;;;;1;;;;;;;;;;;;;;;;;;;;20.02.2026
31000098;20000264;group;2007;;;imagePROGRAF W;;;;;;;;;;;1;;;;;;;;;;;;;;;;;;;;20.02.2026
31000099;20000264;group;2007;;;imageRUNNER C;;;;;;;;;;;1;;;;;;;;;;;;;;;;;;;;20.02.2026
31000100;20000264;group;2007;;;imageRUNNER;;;;;;;;;;;1;;;;;;;;;;;;;;;;;;;;20.02.2026
31000101;20000264;group;2007;;;IP;;;;;;;;;;;2;;;;;;;;;;;;;;;;;;;;20.02.2026
31000102;20000264;group;2007;;;iR-C;;;;;;;;;;;1;;;;;;;;;;;;;;;;;;;;20.02.2026
31000103;20000264;group;2007;;;iR;;;;;;;;;;;1;;;;;;;;;;;;;;;;;;;;20.02.2026
31000104;20000264;group;2007;;;KP;;;;;;;;;;;2;;;;;;;;;;;;;;;;;;;;20.02.2026
31000105;20000264;group;2007;;;KX;;;;;;;;;;;2;;;;;;;;;;;;;;;;;;;;20.02.2026
31000106;20000264;group;2007;;;Laser Class;;;;;;;;;;;1;;;;;;;;;;;;;;;;;;;;20.02.2026
31000107;20000264;group;2007;;;Laserbase;;;;;;;;;;;1;;;;;;;;;;;;;;;;;;;;20.02.2026
31000108;20000264;group;2007;;;Lasershot;;;;;;;;;;;1;;;;;;;;;;;;;;;;;;;;20.02.2026
31000109;20000264;group;2007;;;LBP;;;;;;;;;;;1;;;;;;;;;;;;;;;;;;;;20.02.2026
31000110;20000264;group;2007;;;MP;;;;;;;;;;;2;;;;;;;;;;;;;;;;;;;;20.02.2026
31000111;20000264;group;2007;;;MPF;;;;;;;;;;;2;;;;;;;;;;;;;;;;;;;;20.02.2026
31000112;20000264;group;2007;;;Multipass;;;;;;;;;;;1;;;;;;;;;;;;;;;;;;;;20.02.2026
31000113;20000264;group;2007;;;MX;;;;;;;;;;;2;;;;;;;;;;;;;;;;;;;;20.02.2026
31000114;20000264;group;2007;;;N;;;;;;;;;;;2;;;;;;;;;;;;;;;;;;;;20.02.2026
31000116;20000264;group;2007;;;NP;;;;;;;;;;;1;;;;;;;;;;;;;;;;;;;;20.02.2026
31000117;20000264;group;2007;;;P;;;;;;;;;;;2;;;;;;;;;;;;;;;;;;;;20.02.2026
31000118;20000264;group;2007;;;PC;;;;;;;;;;;2;;;;;;;;;;;;;;;;;;;;20.02.2026
31000362;20000746;group;2007;;;Optra;;;;;;;;;;;1;;;;;;;;;;;;;;;;;;;;20.02.2026
31000363;20000746;group;2007;;;PC;;;;;;;;;;;2;;;;;;;;;;;;;;;;;;;;20.02.2026
31000365;20000746;group;2007;;;Personal Pageprinter;;;;;;;;;;;1;;;;;;;;;;;;;;;;;;;;20.02.2026
31000366;20000746;group;2007;;;Proprinter;;;;;;;;;;;1;;;;;;;;;;;;;;;;;;;;20.02.2026
31000367;20000746;group;2007;;;PPS;;;;;;;;;;;2;;;;;;;;;;;;;;;;;;;;20.02.2026
31000368;20000746;group;2007;;;Quickwriter;;;;;;;;;;;2;;;;;;;;;;;;;;;;;;;;20.02.2026
31000369;20000746;group;2007;;;Selectric;;;;;;;;;;;1;;;;;;;;;;;;;;;;;;;;20.02.2026
31000370;20000746;group;2007;;;Superelectric;;;;;;;;;;;1;;;;;;;;;;;;;;;;;;;;20.02.2026
31000372;20000746;group;2007;;;Thermotronic;;;;;;;;;;;2;;;;;;;;;;;;;;;;;;;;20.02.2026
31000373;20000746;group;2007;;;Wheelprinter;;;;;;;;;;;2;;;;;;;;;;;;;;;;;;;;20.02.2026
31000374;20000746;group;2007;;;Wheelwriter;;;;;;;;;;;2;;;;;;;;;;;;;;;;;;;;20.02.2026
31000654;20001077;group;2007;;;Carrera;;;;;;;;;;;1;;;;;;;;;;;;;;;;;;;;20.02.2026
31000655;20001077;group;2007;;;Classic;;;;;;;;;;;1;;;;;;;;;;;;;;;;;;;;20.02.2026
31000656;20001077;group;2007;;;CM;;;;;;;;;;;1;;;;;;;;;;;;;;;;;;;;20.02.2026
31000657;20001077;group;2007;;;Comfort;;;;;;;;;;;1;;;;;;;;;;;;;;;;;;;;20.02.2026
31000658;20001077;group;2007;;;Competence;;;;;;;;;;;1;;;;;;;;;;;;;;;;;;;;20.02.2026
31000659;20001077;group;2007;;;CP;;;;;;;;;;;2;;;;;;;;;;;;;;;;;;;;20.02.2026
31000660;20001077;group;2007;;;CPA;;;;;;;;;;;2;;;;;;;;;;;;;;;;;;;;20.02.2026
31000661;20001077;group;2007;;;CPD;;;;;;;;;;;2;;;;;;;;;;;;;;;;;;;;20.02.2026
31000662;20001077;group;2007;;;CPK;;;;;;;;;;;2;;;;;;;;;;;;;;;;;;;;20.02.2026
31000663;20001077;group;2007;;;DE;;;;;;;;;;;2;;;;;;;;;;;;;;;;;;;;20.02.2026
31000664;20001077;group;2007;;;Disque;;;;;;;;;;;2;;;;;;;;;;;;;;;;;;;;20.02.2026
31000665;20001077;group;2007;;;DP;;;;;;;;;;;1;;;;;;;;;;;;;;;;;;;;20.02.2026
31000666;20001077;group;2007;;;EC;;;;;;;;;;;1;;;;;;;;;;;;;;;;;;;;20.02.2026
31000667;20001077;group;2007;;;Electric;;;;;;;;;;;1;;;;;;;;;;;;;;;;;;;;20.02.2026
31000668;20001077;group;2007;;;Electronic;;;;;;;;;;;1;;;;;;;;;;;;;;;;;;;;20.02.2026
31000669;20001077;group;2007;;;ES;;;;;;;;;;;1;;;;;;;;;;;;;;;;;;;;20.02.2026
31000670;20001077;group;2007;;;ESW;;;;;;;;;;;1;;;;;;;;;;;;;;;;;;;;20.02.2026
31000671;20001077;group;2007;;;Excellence;;;;;;;;;;;1;;;;;;;;;;;;;;;;;;;;20.02.2026
31000673;20001077;group;2007;;;Laserstar;;;;;;;;;;;1;;;;;;;;;;;;;;;;;;;;20.02.2026
31000674;20001077;group;2007;;;LP;;;;;;;;;;;1;;;;;;;;;;;;;;;;;;;;20.02.2026
31000675;20001077;group;2007;;;LPC;;;;;;;;;;;1;;;;;;;;;;;;;;;;;;;;20.02.2026
31000676;20001077;group;2007;;;Mastertype;;;;;;;;;;;1;;;;;;;;;;;;;;;;;;;;20.02.2026
31000677;20001077;group;2007;;;Mini Office;;;;;;;;;;;1;;;;;;;;;;;;;;;;;;;;20.02.2026
31000678;20001077;group;2007;;;Monica;;;;;;;;;;;1;;;;;;;;;;;;;;;;;;;;20.02.2026
31000679;20001077;group;2007;;;NP;;;;;;;;;;;2;;;;;;;;;;;;;;;;;;;;20.02.2026
31000680;20001077;group;2007;;;NPC;;;;;;;;;;;2;;;;;;;;;;;;;;;;;;;;20.02.2026
31000681;20001077;group;2007;;;OF;;;;;;;;;;;1;;;;;;;;;;;;;;;;;;;;20.02.2026
31000682;20001077;group;2007;;;Olyfax;;;;;;;;;;;1;;;;;;;;;;;;;;;;;;;;20.02.2026
31000683;20001077;group;2007;;;OM;;;;;;;;;;;2;;;;;;;;;;;;;;;;;;;;20.02.2026
31000684;20001077;group;2007;;;Omega;;;;;;;;;;;1;;;;;;;;;;;;;;;;;;;;20.02.2026
31000685;20001077;group;2007;;;Omega Compact;;;;;;;;;;;1;;;;;;;;;;;;;;;;;;;;20.02.2026
31000686;20001077;group;2007;;;Omega D;;;;;;;;;;;1;;;;;;;;;;;;;;;;;;;;20.02.2026
31000687;20001077;group;2007;;;Orbit;;;;;;;;;;;1;;;;;;;;;;;;;;;;;;;;20.02.2026
31000688;20001077;group;2007;;;PD;;;;;;;;;;;1;;;;;;;;;;;;;;;;;;;;20.02.2026
31000689;20001077;group;2007;;;Portable;;;;;;;;;;;1;;;;;;;;;;;;;;;;;;;;20.02.2026
31000690;20001077;group;2007;;;Professional;;;;;;;;;;;1;;;;;;;;;;;;;;;;;;;;20.02.2026
31000691;20001077;group;2007;;;RAS;;;;;;;;;;;1;;;;;;;;;;;;;;;;;;;;20.02.2026
31000692;20001077;group;2007;;;Regina Electric;;;;;;;;;;;1;;;;;;;;;;;;;;;;;;;;20.02.2026
31000693;20001077;group;2007;;;Report;;;;;;;;;;;1;;;;;;;;;;;;;;;;;;;;20.02.2026
31000694;20001077;group;2007;;;SG;;;;;;;;;;;1;;;;;;;;;;;;;;;;;;;;20.02.2026
31000695;20001077;group;2007;;;SGE;;;;;;;;;;;1;;;;;;;;;;;;;;;;;;;;20.02.2026
31000696;20001077;group;2007;;;Splendid;;;;;;;;;;;1;;;;;;;;;;;;;;;;;;;;20.02.2026
31000697;20001077;group;2007;;;Standard;;;;;;;;;;;1;;;;;;;;;;;;;;;;;;;;20.02.2026
31000698;20001077;group;2007;;;Startype;;;;;;;;;;;1;;;;;;;;;;;;;;;;;;;;20.02.2026
31000699;20001077;group;2007;;;Supertype;;;;;;;;;;;1;;;;;;;;;;;;;;;;;;;;20.02.2026
31000700;20001077;group;2007;;;TE;;;;;;;;;;;2;;;;;;;;;;;;;;;;;;;;20.02.2026
31000701;20001077;group;2007;;;Texstar;;;;;;;;;;;2;;;;;;;;;;;;;;;;;;;;20.02.2026
31000702;20001077;group;2007;;;Traveller;;;;;;;;;;;1;;;;;;;;;;;;;;;;;;;;20.02.2026
31000703;20001077;group;2007;;;Triplex;;;;;;;;;;;1;;;;;;;;;;;;;;;;;;;;20.02.2026
31000643;20001076;group;2007;;;U;;;;;;;;;;;2;;;;;;;;;;;;;;;;;;;;20.02.2026
31000645;20001076;group;2007;;;UN;;;;;;;;;;;2;;;;;;;;;;;;;;;;;;;;20.02.2026
31000922;20001289;group;2007;;;TK;;;;;;;;;;;2;;;;;;;;;;;;;;;;;;;;20.02.2026
31000923;20001289;group;2007;;;UX;;;;;;;;;;;1;;;;;;;;;;;;;;;;;;;;20.02.2026
31000924;20001289;group;2007;;;UX-A;;;;;;;;;;;1;;;;;;;;;;;;;;;;;;;;20.02.2026
31000925;20001289;group;2007;;;UX-B;;;;;;;;;;;1;;;;;;;;;;;;;;;;;;;;20.02.2026
31000926;20001289;group;2007;;;UX-BA;;;;;;;;;;;1;;;;;;;;;;;;;;;;;;;;20.02.2026
31000927;20001289;group;2007;;;UX-BD;;;;;;;;;;;1;;;;;;;;;;;;;;;;;;;;20.02.2026
31000928;20001289;group;2007;;;UX-CC;;;;;;;;;;;1;;;;;;;;;;;;;;;;;;;;20.02.2026
31000929;20001289;group;2007;;;UX-CD;;;;;;;;;;;1;;;;;;;;;;;;;;;;;;;;20.02.2026
31000930;20001289;group;2007;;;UX-CL;;;;;;;;;;;1;;;;;;;;;;;;;;;;;;;;20.02.2026
31000931;20001289;group;2007;;;UX-D;;;;;;;;;;;1;;;;;;;;;;;;;;;;;;;;20.02.2026
31000932;20001289;group;2007;;;UX-P;;;;;;;;;;;1;;;;;;;;;;;;;;;;;;;;20.02.2026
31000933;20001289;group;2007;;;UX-S;;;;;;;;;;;1;;;;;;;;;;;;;;;;;;;;20.02.2026
31000934;20001289;group;2007;;;VX;;;;;;;;;;;2;;;;;;;;;;;;;;;;;;;;20.02.2026
31000936;20001289;group;2007;;;XE;;;;;;;;;;;2;;;;;;;;;;;;;;;;;;;;20.02.2026
31000937;20001289;group;2007;;;XE-A;;;;;;;;;;;2;;;;;;;;;;;;;;;;;;;;20.02.2026
34000365;20000243;group;2007;;;PRS;;;;;;;;;;;1;;;;;;;;;;;;;;;;;;;;20.02.2026
34000366;20000243;group;2007;;;PR;;;;;;;;;;;1;;;;;;;;;;;;;;;;;;;;20.02.2026
34000367;20000243;group;2007;;;CSU;;;;;;;;;;;1;;;;;;;;;;;;;;;;;;;;20.02.2026
34000368;20000243;group;2007;;;CPS;;;;;;;;;;;1;;;;;;;;;;;;;;;;;;;;20.02.2026
34000369;20000243;group;2007;;;H;;;;;;;;;;;2;;;;;;;;;;;;;;;;;;;;20.02.2026
34000371;20000243;group;2007;;;L;;;;;;;;;;;2;;;;;;;;;;;;;;;;;;;;20.02.2026
34000372;20000243;group;2007;;;PRU;;;;;;;;;;;1;;;;;;;;;;;;;;;;;;;;20.02.2026
34000373;20000246;group;2007;;;L;;;;;;;;;;;1;;;;;;;;;;;;;;;;;;;;20.02.2026
34000374;20000246;group;2007;;;DEX;;;;;;;;;;;1;;;;;;;;;;;;;;;;;;;;20.02.2026
34000375;20000246;group;2007;;;AP;;;;;;;;;;;1;;;;;;;;;;;;;;;;;;;;20.02.2026
34000376;20000246;group;2007;;;B;;;;;;;;;;;1;;;;;;;;;;;;;;;;;;;;20.02.2026
34000377;20000246;group;2007;;;S;;;;;;;;;;;1;;;;;;;;;;;;;;;;;;;;20.02.2026
34000379;20000246;group;2007;;;EF;;;;;;;;;;;1;;;;;;;;;;;;;;;;;;;;20.02.2026
34000380;20000246;group;2007;;;TC;;;;;;;;;;;1;;;;;;;;;;;;;;;;;;;;20.02.2026
34000381;20000246;group;2007;;;C;;;;;;;;;;;1;;;;;;;;;;;;;;;;;;;;20.02.2026
34000382;20000276;group;2007;;;Sigma;;;;;;;;;;;1;;;;;;;;;;;;;;;;;;;;20.02.2026
34000383;20000276;group;2007;;;CR;;;;;;;;;;;1;;;;;;;;;;;;;;;;;;;;20.02.2026
34000384;20000276;group;2007;;;HR;;;;;;;;;;;1;;;;;;;;;;;;;;;;;;;;20.02.2026
34000385;20000276;group;2007;;;TK;;;;;;;;;;;1;;;;;;;;;;;;;;;;;;;;20.02.2026
34000386;20000276;group;2007;;;CW;;;;;;;;;;;1;;;;;;;;;;;;;;;;;;;;20.02.2026
34000387;20000276;group;2007;;;ERC;;;;;;;;;;;1;;;;;;;;;;;;;;;;;;;;20.02.2026
34000388;20000276;group;2007;;;R;;;;;;;;;;;1;;;;;;;;;;;;;;;;;;;;20.02.2026
34000389;20000276;group;2007;;;IR;;;;;;;;;;;1;;;;;;;;;;;;;;;;;;;;20.02.2026
34000390;20000276;group;2007;;;DL;;;;;;;;;;;1;;;;;;;;;;;;;;;;;;;;20.02.2026
34000391;20000276;group;2007;;;KL;;;;;;;;;;;1;;;;;;;;;;;;;;;;;;;;20.02.2026
34000392;20000276;group;2007;;;DR;;;;;;;;;;;1;;;;;;;;;;;;;;;;;;;;20.02.2026
34000393;20000276;group;2007;;;JR;;;;;;;;;;;1;;;;;;;;;;;;;;;;;;;;20.02.2026
34000394;20000276;group;2007;;;CE;;;;;;;;;;;1;;;;;;;;;;;;;;;;;;;;20.02.2026
34000395;20000276;group;2007;;;FR;;;;;;;;;;;1;;;;;;;;;;;;;;;;;;;;20.02.2026
34000396;20000302;group;2007;;;Swift;;;;;;;;;;;1;;;;;;;;;;;;;;;;;;;;20.02.2026
34000397;20000302;group;2007;;;ECR;;;;;;;;;;;1;;;;;;;;;;;;;;;;;;;;20.02.2026
34000398;20000302;group;2007;;;MSP;;;;;;;;;;;1;;;;;;;;;;;;;;;;;;;;20.02.2026
34000399;20000302;group;2007;;;IDP;;;;;;;;;;;1;;;;;;;;;;;;;;;;;;;;20.02.2026
34000400;20000302;group;2007;;;CBM;;;;;;;;;;;1;;;;;;;;;;;;;;;;;;;;20.02.2026
34000401;20000302;group;2007;;;Scribona;;;;;;;;;;;1;;;;;;;;;;;;;;;;;;;;20.02.2026
34000402;20000302;group;2007;;;IR;;;;;;;;;;;1;;;;;;;;;;;;;;;;;;;;20.02.2026
34000403;20000302;group;2007;;;GSX;;;;;;;;;;;1;;;;;;;;;;;;;;;;;;;;20.02.2026
34000404;20000302;group;2007;;;DP;;;;;;;;;;;1;;;;;;;;;;;;;;;;;;;;20.02.2026
34000405;20000302;group;2007;;;CX;;;;;;;;;;;1;;;;;;;;;;;;;;;;;;;;20.02.2026
34000406;20000302;group;2007;;;MP;;;;;;;;;;;1;;;;;;;;;;;;;;;;;;;;20.02.2026
34000407;20000329;group;2007;;;MPS;;;;;;;;;;;1;;;;;;;;;;;;;;;;;;;;20.02.2026
34000408;20000329;group;2007;;;VC;;;;;;;;;;;1;;;;;;;;;;;;;;;;;;;;20.02.2026
34000409;20000333;group;2007;;;LG;;;;;;;;;;;1;;;;;;;;;;;;;;;;;;;;20.02.2026
34000410;20000388;group;2007;;;Solid;;;;;;;;;;;1;;;;;;;;;;;;;;;;;;;;20.02.2026
34000411;20000391;group;2007;;;Fax;;;;;;;;;;;1;;;;;;;;;;;;;;;;;;;;20.02.2026
34000412;20000391;group;2007;;;NP;;;;;;;;;;;1;;;;;;;;;;;;;;;;;;;;20.02.2026
34000413;20000391;group;2007;;;Fax L;;;;;;;;;;;1;;;;;;;;;;;;;;;;;;;;20.02.2026
34000414;20000391;group;2007;;;CLC;;;;;;;;;;;1;;;;;;;;;;;;;;;;;;;;20.02.2026
34000415;20000499;group;2007;;;B;;;;;;;;;;;1;;;;;;;;;;;;;;;;;;;;20.02.2026
31000119;20000264;group;2007;;;PC-D;;;;;;;;;;;2;;;;;;;;;;;;;;;;;;;;20.02.2026
31000120;20000264;group;2007;;;Pixma;;;;;;;;;;;1;;;;;;;;;;;;;;;;;;;;20.02.2026
31000375;20000746;group;2007;;;Winwriter;;;;;;;;;;;2;;;;;;;;;;;;;;;;;;;;20.02.2026
31000376;20000784;group;2007;;;Fax;;;;;;;;;;;1;;;;;;;;;;;;;;;;;;;;20.02.2026
31000377;20000784;group;2007;;;IF;;;;;;;;;;;1;;;;;;;;;;;;;;;;;;;;20.02.2026
31000378;20000784;group;2007;;;IPC;;;;;;;;;;;1;;;;;;;;;;;;;;;;;;;;20.02.2026
31000704;20001077;group;2007;;;XL;;;;;;;;;;;2;;;;;;;;;;;;;;;;;;;;20.02.2026
31000705;20001099;group;2007;;;DX;;;;;;;;;;;2;;;;;;;;;;;;;;;;;;;;20.02.2026
31000706;20001099;group;2007;;;Electronic;;;;;;;;;;;2;;;;;;;;;;;;;;;;;;;;20.02.2026
31000707;20001099;group;2007;;;Fax TAM;;;;;;;;;;;1;;;;;;;;;;;;;;;;;;;;20.02.2026
31000708;20001099;group;2007;;;FP;;;;;;;;;;;1;;;;;;;;;;;;;;;;;;;;20.02.2026
31000709;20001099;group;2007;;;FP-D;;;;;;;;;;;1;;;;;;;;;;;;;;;;;;;;20.02.2026
31000992;20001328;group;2007;;;NR;;;;;;;;;;;1;;;;;;;;;;;;;;;;;;;;20.02.2026
31000993;20001328;group;2007;;;NX;;;;;;;;;;;1;;;;;;;;;;;;;;;;;;;;20.02.2026
31000994;20001328;group;2007;;;Radix;;;;;;;;;;;2;;;;;;;;;;;;;;;;;;;;20.02.2026
31000995;20001328;group;2007;;;RC;;;;;;;;;;;1;;;;;;;;;;;;;;;;;;;;20.02.2026
31000996;20001328;group;2007;;;SCP;;;;;;;;;;;1;;;;;;;;;;;;;;;;;;;;20.02.2026
31000997;20001328;group;2007;;;SD;;;;;;;;;;;1;;;;;;;;;;;;;;;;;;;;20.02.2026
31000998;20001328;group;2007;;;SG;;;;;;;;;;;2;;;;;;;;;;;;;;;;;;;;20.02.2026
31000999;20001328;group;2007;;;SJ;;;;;;;;;;;1;;;;;;;;;;;;;;;;;;;;20.02.2026
31001000;20001328;group;2007;;;SP;;;;;;;;;;;1;;;;;;;;;;;;;;;;;;;;20.02.2026
31001001;20001328;group;2007;;;VS;;;;;;;;;;;2;;;;;;;;;;;;;;;;;;;;20.02.2026
31001002;20001328;group;2007;;;Wintype;;;;;;;;;;;1;;;;;;;;;;;;;;;;;;;;20.02.2026
31001003;20001328;group;2007;;;X;;;;;;;;;;;1;;;;;;;;;;;;;;;;;;;;20.02.2026
31001004;20001328;group;2007;;;XB;;;;;;;;;;;1;;;;;;;;;;;;;;;;;;;;20.02.2026
31001005;20001328;group;2007;;;XR;;;;;;;;;;;1;;;;;;;;;;;;;;;;;;;;20.02.2026
31001006;20001328;group;2007;;;Y;;;;;;;;;;;1;;;;;;;;;;;;;;;;;;;;20.02.2026
31001007;20001328;group;2007;;;ZA;;;;;;;;;;;1;;;;;;;;;;;;;;;;;;;;20.02.2026
31001009;20000920;group;2007;;;IP;;;;;;;;;;;1;;;;;;;;;;;;;;;;;;;;20.02.2026
34000437;20000730;group;2007;;;FP;;;;;;;;;;;1;;;;;;;;;;;;;;;;;;;;20.02.2026
34000438;20000730;group;2007;;;KK;;;;;;;;;;;1;;;;;;;;;;;;;;;;;;;;20.02.2026
34000439;20000750;group;2007;;;M;;;;;;;;;;;1;;;;;;;;;;;;;;;;;;;;20.02.2026
34000440;20000841;group;2007;;;K;;;;;;;;;;;1;;;;;;;;;;;;;;;;;;;;20.02.2026
34000441;20000851;group;2007;;;Diconix;;;;;;;;;;;1;;;;;;;;;;;;;;;;;;;;20.02.2026
34000442;20000861;group;2007;;;LW;;;;;;;;;;;2;;;;;;;;;;;;;;;;;;;;20.02.2026
34000443;20000861;group;2007;;;MP;;;;;;;;;;;2;;;;;;;;;;;;;;;;;;;;20.02.2026
34000444;20000868;group;2007;;;Winprinter;;;;;;;;;;;1;;;;;;;;;;;;;;;;;;;;20.02.2026
34000445;20000868;group;2007;;;Unity;;;;;;;;;;;1;;;;;;;;;;;;;;;;;;;;20.02.2026
34000446;20000886;group;2007;;;XM;;;;;;;;;;;1;;;;;;;;;;;;;;;;;;;;20.02.2026
34000447;20000886;group;2007;;;Forms Printer;;;;;;;;;;;2;;;;;;;;;;;;;;;;;;;;20.02.2026
34000448;20000946;group;2007;;;Telex;;;;;;;;;;;1;;;;;;;;;;;;;;;;;;;;20.02.2026
34000449;20000969;group;2007;;;Solid;;;;;;;;;;;1;;;;;;;;;;;;;;;;;;;;20.02.2026
34000450;20000989;group;2007;;;M;;;;;;;;;;;1;;;;;;;;;;;;;;;;;;;;20.02.2026
34000451;20000989;group;2007;;;FA;;;;;;;;;;;1;;;;;;;;;;;;;;;;;;;;20.02.2026
34000452;20000999;group;2007;;;Ma;;;;;;;;;;;1;;;;;;;;;;;;;;;;;;;;20.02.2026
34000453;20000999;group;2007;;;RL;;;;;;;;;;;1;;;;;;;;;;;;;;;;;;;;20.02.2026
34000454;20000999;group;2007;;;MX;;;;;;;;;;;1;;;;;;;;;;;;;;;;;;;;20.02.2026
34000455;20001003;group;2007;;;PT;;;;;;;;;;;1;;;;;;;;;;;;;;;;;;;;20.02.2026
34000456;20001013;group;2007;;;F;;;;;;;;;;;1;;;;;;;;;;;;;;;;;;;;20.02.2026
34000457;20001013;group;2007;;;M;;;;;;;;;;;1;;;;;;;;;;;;;;;;;;;;20.02.2026
34000458;20001013;group;2007;;;MFX;;;;;;;;;;;1;;;;;;;;;;;;;;;;;;;;20.02.2026
34000459;20001026;group;2007;;;JX;;;;;;;;;;;2;;;;;;;;;;;;;;;;;;;;20.02.2026
34000460;20001026;group;2007;;;R;;;;;;;;;;;2;;;;;;;;;;;;;;;;;;;;20.02.2026
34000461;20001047;group;2007;;;Laser;;;;;;;;;;;1;;;;;;;;;;;;;;;;;;;;20.02.2026
34000462;20001079;group;2007;;;L;;;;;;;;;;;1;;;;;;;;;;;;;;;;;;;;20.02.2026
34000463;20001080;group;2007;;;RS;;;;;;;;;;;1;;;;;;;;;;;;;;;;;;;;20.02.2026
34000464;20001099;group;2007;;;KX-MB;;;;;;;;;;;1;;;;;;;;;;;;;;;;;;;;20.02.2026
34000465;20001122;group;2007;;;Magic;;;;;;;;;;;1;;;;;;;;;;;;;;;;;;;;20.02.2026
34000466;20001150;group;2007;;;P;;;;;;;;;;;1;;;;;;;;;;;;;;;;;;;;20.02.2026
34000467;20001150;group;2007;;;L;;;;;;;;;;;1;;;;;;;;;;;;;;;;;;;;20.02.2026
34000468;20001150;group;2007;;;DP;;;;;;;;;;;1;;;;;;;;;;;;;;;;;;;;20.02.2026
34000469;20001154;group;2007;;;Electronic;;;;;;;;;;;1;;;;;;;;;;;;;;;;;;;;20.02.2026
34000470;20001161;group;2007;;;PP;;;;;;;;;;;1;;;;;;;;;;;;;;;;;;;;20.02.2026
34000472;20001196;group;2007;;;TC;;;;;;;;;;;1;;;;;;;;;;;;;;;;;;;;20.02.2026
34000473;20001207;group;2007;;;DA;;;;;;;;;;;1;;;;;;;;;;;;;;;;;;;;20.02.2026
34000474;20001218;group;2007;;;PR;;;;;;;;;;;1;;;;;;;;;;;;;;;;;;;;20.02.2026
34000475;20001250;group;2007;;;SFT Z;;;;;;;;;;;1;;;;;;;;;;;;;;;;;;;;20.02.2026
34000476;20001250;group;2007;;;SFT;;;;;;;;;;;1;;;;;;;;;;;;;;;;;;;;20.02.2026
34000477;20001250;group;2007;;;LX;;;;;;;;;;;1;;;;;;;;;;;;;;;;;;;;20.02.2026
34000478;20001250;group;2007;;;CX;;;;;;;;;;;1;;;;;;;;;;;;;;;;;;;;20.02.2026
34000479;20001250;group;2007;;;ICC;;;;;;;;;;;1;;;;;;;;;;;;;;;;;;;;20.02.2026
34000480;20001250;group;2007;;;SPF;;;;;;;;;;;1;;;;;;;;;;;;;;;;;;;;20.02.2026
34000481;20001250;group;2007;;;ECR;;;;;;;;;;;1;;;;;;;;;;;;;;;;;;;;20.02.2026
34000482;20001250;group;2007;;;Serd;;;;;;;;;;;1;;;;;;;;;;;;;;;;;;;;20.02.2026
34000483;20001250;group;2007;;;CY;;;;;;;;;;;1;;;;;;;;;;;;;;;;;;;;20.02.2026
34000416;20000511;group;2007;;;Confax;;;;;;;;;;;1;;;;;;;;;;;;;;;;;;;;20.02.2026
34000417;20000511;group;2007;;;Varifax;;;;;;;;;;;1;;;;;;;;;;;;;;;;;;;;20.02.2026
34000418;20000515;group;2007;;;S;;;;;;;;;;;1;;;;;;;;;;;;;;;;;;;;20.02.2026
31001207;20002488;group;2007;;;Rhinopro;;;;;;;;;;;1;;;;;;;;;;;;;;;;;;;;20.02.2026
31001208;20002488;group;2007;;;Labelwriter;;;;;;;;;;;1;;;;;;;;;;;;;;;;;;;;20.02.2026
31001209;20001214;group;2007;;;Aficio MP C;;;;;;;;;;;1;;;;;;;;;;;;;;;;;;;;20.02.2026
31001210;20001210;group;2007;;;Color Docustation MP C;;;;;;;;;;;1;;;;;;;;;;;;;;;;;;;;20.02.2026
31001211;20000681;group;2007;;;Color Docustation MP C;;;;;;;;;;;1;;;;;;;;;;;;;;;;;;;;20.02.2026
31001213;20000264;group;2007;;;i-SENSYS;;;;;;;;;;;1;;;;;;;;;;;;;;;;;;;;20.02.2026
31001215;20000264;group;2007;;;Selphy ES;;;;;;;;;;;1;;;;;;;;;;;;;;;;;;;;20.02.2026
31001216;20000728;group;2007;;;PhotoSmart D;;;;;;;;;;;1;;;;;;;;;;;;;;;;;;;;20.02.2026
31001217;20000728;group;2007;;;LaserJet M;;;;;;;;;;;1;;;;;;;;;;;;;;;;;;;;20.02.2026
31001218;20000728;group;2007;;;LaserJet P;;;;;;;;;;;1;;;;;;;;;;;;;;;;;;;;20.02.2026
31001219;20001076;group;2007;;;SimpleWay;;;;;;;;;;;1;;;;;;;;;;;;;;;;;;;;20.02.2026
31001220;20001214;group;2007;;;Aficio GX;;;;;;;;;;;1;;;;;;;;;;;;;;;;;;;;20.02.2026
31001224;20000264;group;2007;;;Fax C;;;;;;;;;;;1;;;;;;;;;;;;;;;;;;;;20.02.2026
31001225;20001128;group;2007;;;DM;;;;;;;;;;;1;;;;;;;;;;;;;;;;;;;;20.02.2026
31001226;20001128;group;2007;;;Personal Post;;;;;;;;;;;1;;;;;;;;;;;;;;;;;;;;20.02.2026
31001227;20000728;group;2007;;;Scitex;;;;;;;;;;;2;;;;;;;;;;;;;;;;;;;;20.02.2026
31001229;20001240;group;2007;;;CLX;;;;;;;;;;;1;;;;;;;;;;;;;;;;;;;;20.02.2026
31001230;20000264;group;2007;;;Fax JX;;;;;;;;;;;1;;;;;;;;;;;;;;;;;;;;20.02.2026
31001231;20000264;group;2007;;;imagePRESS;;;;;;;;;;;1;;;;;;;;;;;;;;;;;;;;20.02.2026
31001232;20000728;group;2007;;;OfficeJet J;;;;;;;;;;;1;;;;;;;;;;;;;;;;;;;;20.02.2026
31001233;20000728;group;2007;;;OfficeJet Pro L;;;;;;;;;;;1;;;;;;;;;;;;;;;;;;;;20.02.2026
31000938;20001289;group;2007;;;XQ;;;;;;;;;;;2;;;;;;;;;;;;;;;;;;;;20.02.2026
31000939;20001289;group;2007;;;Z;;;;;;;;;;;2;;;;;;;;;;;;;;;;;;;;20.02.2026
31000940;20001289;group;2007;;;ZL;;;;;;;;;;;2;;;;;;;;;;;;;;;;;;;;20.02.2026
31000941;20001289;group;2007;;;ZX;;;;;;;;;;;2;;;;;;;;;;;;;;;;;;;;20.02.2026
31000942;20001289;group;2007;;;ZY;;;;;;;;;;;2;;;;;;;;;;;;;;;;;;;;20.02.2026
31000943;20001295;group;2007;;;Beetle;;;;;;;;;;;1;;;;;;;;;;;;;;;;;;;;20.02.2026
31000945;20001295;group;2007;;;Console;;;;;;;;;;;1;;;;;;;;;;;;;;;;;;;;20.02.2026
31000946;20001295;group;2007;;;CSC;;;;;;;;;;;2;;;;;;;;;;;;;;;;;;;;20.02.2026
31000947;20001295;group;2007;;;Digifax;;;;;;;;;;;1;;;;;;;;;;;;;;;;;;;;20.02.2026
31000948;20001295;group;2007;;;DR;;;;;;;;;;;2;;;;;;;;;;;;;;;;;;;;20.02.2026
31000949;20001295;group;2007;;;ECS;;;;;;;;;;;1;;;;;;;;;;;;;;;;;;;;20.02.2026
31000950;20001295;group;2007;;;EX;;;;;;;;;;;1;;;;;;;;;;;;;;;;;;;;20.02.2026
31000951;20001295;group;2007;;;Fax;;;;;;;;;;;1;;;;;;;;;;;;;;;;;;;;20.02.2026
31000952;20001295;group;2007;;;HD;;;;;;;;;;;1;;;;;;;;;;;;;;;;;;;;20.02.2026
31000953;20001295;group;2007;;;HF;;;;;;;;;;;1;;;;;;;;;;;;;;;;;;;;20.02.2026
31000954;20001295;group;2007;;;Highprint PT;;;;;;;;;;;1;;;;;;;;;;;;;;;;;;;;20.02.2026
31000955;20001295;group;2007;;;Highprint;;;;;;;;;;;1;;;;;;;;;;;;;;;;;;;;20.02.2026
31000956;20001295;group;2007;;;ID;;;;;;;;;;;1;;;;;;;;;;;;;;;;;;;;20.02.2026
31000957;20001295;group;2007;;;Invoicing;;;;;;;;;;;1;;;;;;;;;;;;;;;;;;;;20.02.2026
31000958;20001295;group;2007;;;LP;;;;;;;;;;;1;;;;;;;;;;;;;;;;;;;;20.02.2026
31000959;20001295;group;2007;;;M;;;;;;;;;;;1;;;;;;;;;;;;;;;;;;;;20.02.2026
31000960;20001295;group;2007;;;MD;;;;;;;;;;;1;;;;;;;;;;;;;;;;;;;;20.02.2026
31000961;20001295;group;2007;;;MT;;;;;;;;;;;1;;;;;;;;;;;;;;;;;;;;20.02.2026
31000962;20001295;group;2007;;;ND;;;;;;;;;;;1;;;;;;;;;;;;;;;;;;;;20.02.2026
31000963;20001295;group;2007;;;S;;;;;;;;;;;1;;;;;;;;;;;;;;;;;;;;20.02.2026
31000964;20001295;group;2007;;;SB;;;;;;;;;;;1;;;;;;;;;;;;;;;;;;;;20.02.2026
31000965;20001295;group;2007;;;SM;;;;;;;;;;;1;;;;;;;;;;;;;;;;;;;;20.02.2026
31000966;20001295;group;2007;;;SR;;;;;;;;;;;1;;;;;;;;;;;;;;;;;;;;20.02.2026
31000968;20001295;group;2007;;;T;;;;;;;;;;;1;;;;;;;;;;;;;;;;;;;;20.02.2026
31000969;20001295;group;2007;;;TD;;;;;;;;;;;1;;;;;;;;;;;;;;;;;;;;20.02.2026
31000970;20001295;group;2007;;;Teletext;;;;;;;;;;;1;;;;;;;;;;;;;;;;;;;;20.02.2026
31000971;20001295;group;2007;;;Telex;;;;;;;;;;;2;;;;;;;;;;;;;;;;;;;;20.02.2026
31000972;20001295;group;2007;;;Telfax;;;;;;;;;;;2;;;;;;;;;;;;;;;;;;;;20.02.2026
31000973;20001295;group;2007;;;Terminal;;;;;;;;;;;1;;;;;;;;;;;;;;;;;;;;20.02.2026
31000974;20001295;group;2007;;;Transdata;;;;;;;;;;;1;;;;;;;;;;;;;;;;;;;;20.02.2026
31000975;20001295;group;2007;;;UD;;;;;;;;;;;2;;;;;;;;;;;;;;;;;;;;20.02.2026
31000976;20001295;group;2007;;;ZD;;;;;;;;;;;1;;;;;;;;;;;;;;;;;;;;20.02.2026
31000977;20001328;group;2007;;;AL;;;;;;;;;;;1;;;;;;;;;;;;;;;;;;;;20.02.2026
31000978;20001328;group;2007;;;Delta;;;;;;;;;;;1;;;;;;;;;;;;;;;;;;;;20.02.2026
31000979;20001328;group;2007;;;DP;;;;;;;;;;;2;;;;;;;;;;;;;;;;;;;;20.02.2026
31000980;20001328;group;2007;;;FR;;;;;;;;;;;2;;;;;;;;;;;;;;;;;;;;20.02.2026
31000981;20001328;group;2007;;;Gemini;;;;;;;;;;;2;;;;;;;;;;;;;;;;;;;;20.02.2026
31000982;20001328;group;2007;;;Laserprinter;;;;;;;;;;;1;;;;;;;;;;;;;;;;;;;;20.02.2026
31000983;20001328;group;2007;;;LC;;;;;;;;;;;1;;;;;;;;;;;;;;;;;;;;20.02.2026
31000984;20001328;group;2007;;;LS;;;;;;;;;;;1;;;;;;;;;;;;;;;;;;;;20.02.2026
31000985;20001328;group;2007;;;LV;;;;;;;;;;;2;;;;;;;;;;;;;;;;;;;;20.02.2026
31000986;20001328;group;2007;;;MP;;;;;;;;;;;1;;;;;;;;;;;;;;;;;;;;20.02.2026
34000484;20001250;group;2007;;;SPX;;;;;;;;;;;1;;;;;;;;;;;;;;;;;;;;20.02.2026
34000485;20001250;group;2007;;;Sanfax;;;;;;;;;;;1;;;;;;;;;;;;;;;;;;;;20.02.2026
34000486;20001257;group;2007;;;Savinfax;;;;;;;;;;;1;;;;;;;;;;;;;;;;;;;;20.02.2026
34000487;20001257;group;2007;;;SLP;;;;;;;;;;;1;;;;;;;;;;;;;;;;;;;;20.02.2026
34000488;20001257;group;2007;;;C;;;;;;;;;;;1;;;;;;;;;;;;;;;;;;;;20.02.2026
34000489;20001280;group;2007;;;BP;;;;;;;;;;;1;;;;;;;;;;;;;;;;;;;;20.02.2026
31000123;20000264;group;2007;;;PJ;;;;;;;;;;;2;;;;;;;;;;;;;;;;;;;;20.02.2026
31000124;20000264;group;2007;;;PW;;;;;;;;;;;2;;;;;;;;;;;;;;;;;;;;20.02.2026
31000125;20000264;group;2007;;;QS;;;;;;;;;;;2;;;;;;;;;;;;;;;;;;;;20.02.2026
31000127;20000264;group;2007;;;S;;;;;;;;;;;2;;;;;;;;;;;;;;;;;;;;20.02.2026
31000128;20000264;group;2007;;;Selphy CP;;;;;;;;;;;1;;;;;;;;;;;;;;;;;;;;20.02.2026
31000129;20000264;group;2007;;;Selphy DS;;;;;;;;;;;1;;;;;;;;;;;;;;;;;;;;20.02.2026
31000130;20000264;group;2007;;;Smartbase MP;;;;;;;;;;;1;;;;;;;;;;;;;;;;;;;;20.02.2026
31000131;20000264;group;2007;;;Smartbase MPC;;;;;;;;;;;1;;;;;;;;;;;;;;;;;;;;20.02.2026
31000132;20000264;group;2007;;;SP;;;;;;;;;;;2;;;;;;;;;;;;;;;;;;;;20.02.2026
31000133;20000264;group;2007;;;Starwriter;;;;;;;;;;;2;;;;;;;;;;;;;;;;;;;;20.02.2026
31000134;20000264;group;2007;;;SX;;;;;;;;;;;2;;;;;;;;;;;;;;;;;;;;20.02.2026
31000135;20000264;group;2007;;;T;;;;;;;;;;;2;;;;;;;;;;;;;;;;;;;;20.02.2026
31001234;20000728;group;2007;;;OfficeJet Pro K;;;;;;;;;;;1;;;;;;;;;;;;;;;;;;;;20.02.2026
31001237;20000851;group;2007;;;EasyShare;;;;;;;;;;;1;;;;;;;;;;;;;;;;;;;;20.02.2026
31001238;20001214;group;2007;;;Aficio CL;;;;;;;;;;;1;;;;;;;;;;;;;;;;;;;;20.02.2026
31001240;20001210;group;2007;;;SP;;;;;;;;;;;1;;;;;;;;;;;;;;;;;;;;20.02.2026
31001241;20001237;group;2007;;;MF;;;;;;;;;;;1;;;;;;;;;;;;;;;;;;;;20.02.2026
31001242;20001122;group;2007;;;IPF;;;;;;;;;;;2;;;;;;;;;;;;;;;;;;;;20.02.2026
31001243;20000728;group;2007;;;CM;;;;;;;;;;;2;;;;;;;;;;;;;;;;;;;;20.02.2026
31001245;20000728;group;2007;;;DesignJet Z;;;;;;;;;;;1;;;;;;;;;;;;;;;;;;;;20.02.2026
31001246;20000728;group;2007;;;DesignJet T;;;;;;;;;;;1;;;;;;;;;;;;;;;;;;;;20.02.2026
31001247;20002389;group;2007;;;MP C;;;;;;;;;;;1;;;;;;;;;;;;;;;;;;;;20.02.2026
31001248;20002389;group;2007;;;MP;;;;;;;;;;;1;;;;;;;;;;;;;;;;;;;;20.02.2026
31001249;20002389;group;2007;;;Faxstation;;;;;;;;;;;1;;;;;;;;;;;;;;;;;;;;20.02.2026
31001250;20002389;group;2007;;;Fax;;;;;;;;;;;1;;;;;;;;;;;;;;;;;;;;20.02.2026
31001251;20002389;group;2007;;;F;;;;;;;;;;;2;;;;;;;;;;;;;;;;;;;;20.02.2026
31001252;20002389;group;2007;;;DSC;;;;;;;;;;;1;;;;;;;;;;;;;;;;;;;;20.02.2026
31001253;20002389;group;2007;;;Docustation;;;;;;;;;;;1;;;;;;;;;;;;;;;;;;;;20.02.2026
31001254;20002389;group;2007;;;D;;;;;;;;;;;1;;;;;;;;;;;;;;;;;;;;20.02.2026
31001255;20002389;group;2007;;;CS;;;;;;;;;;;1;;;;;;;;;;;;;;;;;;;;20.02.2026
31001256;20002389;group;2007;;;CP;;;;;;;;;;;1;;;;;;;;;;;;;;;;;;;;20.02.2026
31001257;20002389;group;2007;;;CC;;;;;;;;;;;1;;;;;;;;;;;;;;;;;;;;20.02.2026
31001258;20002389;group;2007;;;C;;;;;;;;;;;2;;;;;;;;;;;;;;;;;;;;20.02.2026
31001259;20002389;group;2007;;;E;;;;;;;;;;;2;;;;;;;;;;;;;;;;;;;;20.02.2026
31001260;20002389;group;2007;;;DSM;;;;;;;;;;;1;;;;;;;;;;;;;;;;;;;;20.02.2026
31001261;20002389;group;2007;;;P;;;;;;;;;;;1;;;;;;;;;;;;;;;;;;;;20.02.2026
31001262;20002389;group;2007;;;SP C;;;;;;;;;;;1;;;;;;;;;;;;;;;;;;;;20.02.2026
31001263;20002389;group;2007;;;SP;;;;;;;;;;;1;;;;;;;;;;;;;;;;;;;;20.02.2026
31001264;20000784;group;2007;;;Aficio;;;;;;;;;;;1;;;;;;;;;;;;;;;;;;;;20.02.2026
31001265;20000264;group;2007;;;Smartbase PC;;;;;;;;;;;1;;;;;;;;;;;;;;;;;;;;20.02.2026
31001266;20000264;group;2007;;;Notejet;;;;;;;;;;;2;;;;;;;;;;;;;;;;;;;;20.02.2026
31001267;20000264;group;2007;;;Fax;;;;;;;;;;;1;;;;;;;;;;;;;;;;;;;;20.02.2026
31001268;20000728;group;2007;;;OfficeJet H;;;;;;;;;;;1;;;;;;;;;;;;;;;;;;;;20.02.2026
31001269;20000264;group;2007;;;imagePROGRAF LP;;;;;;;;;;;1;;;;;;;;;;;;;;;;;;;;20.02.2026
31001271;20000593;group;2007;;;Stylus ME;;;;;;;;;;;1;;;;;;;;;;;;;;;;;;;;20.02.2026
31001272;20000784;group;2007;;;MP;;;;;;;;;;;1;;;;;;;;;;;;;;;;;;;;20.02.2026
31001273;20001240;group;2007;;;MultiXpress;;;;;;;;;;;1;;;;;;;;;;;;;;;;;;;;20.02.2026
31001274;20000593;group;2007;;;Stylus SX;;;;;;;;;;;1;;;;;;;;;;;;;;;;;;;;20.02.2026
31001275;20000593;group;2007;;;Stylus S;;;;;;;;;;;1;;;;;;;;;;;;;;;;;;;;20.02.2026
31001276;20000728;group;2007;;;DesignJet H;;;;;;;;;;;1;;;;;;;;;;;;;;;;;;;;20.02.2026
31001277;20001214;group;2007;;;Pro;;;;;;;;;;;2;;;;;;;;;;;;;;;;;;;;20.02.2026
31001278;20000784;group;2007;;;Pro;;;;;;;;;;;1;;;;;;;;;;;;;;;;;;;;20.02.2026
31001280;20000593;group;2007;;;Stylus Office;;;;;;;;;;;1;;;;;;;;;;;;;;;;;;;;20.02.2026
31001281;20000728;group;2007;;;PhotoSmart B;;;;;;;;;;;1;;;;;;;;;;;;;;;;;;;;20.02.2026
31001282;20000728;group;2007;;;PhotoSmart PE;;;;;;;;;;;1;;;;;;;;;;;;;;;;;;;;20.02.2026
31001283;20000728;group;2007;;;PhotoSmart PM;;;;;;;;;;;1;;;;;;;;;;;;;;;;;;;;20.02.2026
31001284;20001099;group;2007;;;KX-MC;;;;;;;;;;;1;;;;;;;;;;;;;;;;;;;;20.02.2026
31001285;20001074;group;2007;;;MC;;;;;;;;;;;1;;;;;;;;;;;;;;;;;;;;20.02.2026
31001286;20000984;group;2007;;;TASKalfa;;;;;;;;;;;1;;;;;;;;;;;;;;;;;;;;20.02.2026
31001287;20000593;group;2007;;;Workforce;;;;;;;;;;;1;;;;;;;;;;;;;;;;;;;;20.02.2026
50045805;20000849;item;145222230;1505,0006;C68;Ink cartridge magenta;;;magenta;1505;;;ISO/IEC 24711;;;;;420;;;13;;;;;;;T;;F;;;;;;;20.02.2026
50046062;20000849;item;145222240;1505,0046;C71;Ink cartridge light magenta;;;photomagenta;;;;;;;;;;;;13;;;;;;;T;;F;;;;;;;20.02.2026
90001294;20000229;group;2009;;;LC-552;;;;;;;;;;;;;;;;;;;;;;;;;;;;;;;20.02.2026
50042922;20001109;item;145211100;627650;1121;Toner cartridge black;;;black;1121;5248;;;;;;1;3900;5;170;;;;;;;;T;;F;;;;;;;20.02.2026
50196805;20000499;group;2007;;;M;;;;;;;;;;;1;;;;;;;;;;;;;;;;;;;;20.02.2026
50042829;20001109;item;145211200;629517;1176;Toner cartridge;;;black;1176;;;;;;;1;2100;5;120;;;;;;;;T;;F;;;;;;;20.02.2026
50043546;20001109;item;145222110;361752;C27;Ink cartridge black;;;black;1503;4259;;;;;;;5075;;;13;;;;;;;T;;F;;;;;;;20.02.2026
50043547;20001109;item;145222210;361707;C28;Ink cartridge cyan;;;cyan;1505;;;;;;;;1365;;;13;;;;;;;T;;F;;;;;;;20.02.2026
50043549;20001109;item;145222250;361721;C30;Ink cartridge yellow;;;yellow;1505;;;;;;;;950;;;13;;;;;;;T;;F;;;;;;;20.02.2026
50043550;20001109;item;145222220;361738;C32;Ink cartridge light cyan;;;photocyan;;;;;;;;;;;;13;;;;;;;T;;F;;;;;;;20.02.2026
50043551;20001109;item;145222240;361745;C33;Ink cartridge light magenta;;;photomagenta;;;;;;;;;;;;13;;;;;;;T;;F;;;;;;;20.02.2026
50027529;20000264;item;145222220;0624 B 001;CLI-8 PC;Ink cartridge light cyan;;;photocyan;;;;;;;;;5715;;;13;;;;;;;F;;F;;;;;;;20.02.2026
50027530;20000264;item;145222240;0625 B 001;CLI-8 PM;Ink cartridge light magenta;;;photomagenta;;;;;;;;;5630;;;13;;;;;;;F;;F;;;;;;;20.02.2026
50062063;20000849;item;145211100;0858,4000;C-T7;Toner cartridge black economy;;;black;858;5125;;;;;;;2500;5;160;;;;;;;;T;;F;;;;;;;20.02.2026
50049655;20000849;item;145222210;1505,0003;C67;Ink cartridge cyan;;;cyan;1505;;;ISO/IEC 24711;;;;;420;;;13;;;;;;;T;;F;;;;;;;20.02.2026
50054804;20000264;item;145222400;2934 B 010;CLI-521;Ink cartridge multi pack C,M,Y;;;cyan magenta yellow;;;;ISO/IEC 24711;;;;3;446;;;9;;;;;;;F;;F;;;;;;;20.02.2026
50053817;20000264;item;145222250;2936 B 001;CLI-521 Y;Ink cartridge yellow;;;yellow;;;;ISO/IEC 24711;;;;;477;;;9;;205;;;;;F;;F;;;;;;;20.02.2026
90000781;20000728;group;2009;;;65;;;;;;;;;;;;;;;;;;;;;;;;;;;;;;;20.02.2026
90000782;20000728;group;2009;;;303;;;;;;;;;;;;;;;;;;;;;;;;;;;;;;;20.02.2026
90000780;20000728;group;2009;;;901;;;;;;;;;;;;;;;;;;;;;;;;;;;;;;;20.02.2026
90000783;20000728;group;2009;;;302;;;;;;;;;;;;;;;;;;;;;;;;;;;;;;;20.02.2026
90000784;20000728;group;2009;;;300;;;;;;;;;;;;;;;;;;;;;;;;;;;;;;;20.02.2026
90000785;20000728;group;2009;;;62XL;;;;;;;;;;;;;;;;;;;;;;;;;;;;;;;20.02.2026
90000786;20000728;group;2009;;;650;;;;;;;;;;;;;;;;;;;;;;;;;;;;;;;20.02.2026
90000787;20000728;group;2009;;;301;;;;;;;;;;;;;;;;;;;;;;;;;;;;;;;20.02.2026
90000788;20000728;group;2009;;;60XL;;;;;;;;;;;;;;;;;;;;;;;;;;;;;;;20.02.2026
90000789;20000728;group;2009;;;300XL;;;;;;;;;;;;;;;;;;;;;;;;;;;;;;;20.02.2026
90000790;20000728;group;2009;;;302XL;;;;;;;;;;;;;;;;;;;;;;;;;;;;;;;20.02.2026
90000791;20000728;group;2009;;;122XL;;;;;;;;;;;;;;;;;;;;;;;;;;;;;;;20.02.2026
90000792;20000728;group;2009;;;121;;;;;;;;;;;;;;;;;;;;;;;;;;;;;;;20.02.2026
90000793;20000728;group;2009;;;664XL;;;;;;;;;;;;;;;;;;;;;;;;;;;;;;;20.02.2026
90000794;20000728;group;2009;;;65XL;;;;;;;;;;;;;;;;;;;;;;;;;;;;;;;20.02.2026
90000795;20000728;group;2009;;;652;;;;;;;;;;;;;;;;;;;;;;;;;;;;;;;20.02.2026
90000796;20000728;group;2009;;;123XL;;;;;;;;;;;;;;;;;;;;;;;;;;;;;;;20.02.2026
50050848;20000264;item;145222210;2934 B 001;CLI-521 C;Ink cartridge cyan;;;cyan;;;;ISO/IEC 24711;;;;;448;;;9;;205;;;;;F;;F;;;;;;;20.02.2026
50050865;20000849;item;145222110;1504,0001;C66;Ink cartridge black pigmented;;;black;1504;4258;;ISO/IEC 24711;;;;;505;;;26;;;;;;;T;;F;;;;;;;20.02.2026
50030979;20000849;item;145211100;1176,0000;C-T15;Toner cartridge black;;;black;1176;5247;;;;;;;2000;;130;;;;;;;;T;;F;;;;;;;20.02.2026
50030980;20000849;item;145211100;1121,0000;C-T16;Toner cartridge black;;;black;1121;5248;;;;;;;2500;5;;;;;;;;;T;;F;;;;;;;20.02.2026
90001015;20000229;group;2009;;;LC-424;;;;;;;;;;;;;;;;;;;;;;;;;;;;;;;20.02.2026
50079096;20000264;item;145132000;4206 B 006;;Pixma MX 870;;;;;;;;;;;870;;;;;;;;;;;;F;;;;;;;;20.02.2026
50048616;20000264;item;145222110;2932 B 001;PGI-520 PGBK;Ink cartridge black pigmented;;;black;;;;;;;;;324;;;19;;;;;;;F;;F;;;;;;;20.02.2026
50060064;20000264;item;145222230;2935 B 001;CLI-521 M;Ink cartridge magenta;;;magenta;;;;ISO/IEC 24711;;;;;445;;;9;;205;;;;;F;;F;;;;;;;20.02.2026
50058009;20000849;item;145222210;1510,0003;C74;Ink cartridge cyan;;;cyan;1510;;;ISO/IEC 24711;;;;;535;;;9;;;;;;;T;;F;;;;;;;20.02.2026
50048748;20000264;item;145222110;2933 B 001;CLI-521 BK;Ink cartridge foto black;;;photoblack;;;;ISO/IEC 24711;;;;;1250;;;9;;690;;;;;F;;F;;;;;;;20.02.2026
50074214;20001109;item;145222400;4103291;P19;Ink cartridge multi pack C,M,Y;;;cyan magenta yellow;;;;ISO/IEC 19752;;;;3;755;;;9;;;;;;;T;;F;;;;;;;20.02.2026
50074216;;text;;;;SCHABLONENBANDKASSETTE;;;black;;;;;;;;;;;;10;;;;;;;;;F;F;F;;;;;20.02.2026
50072459;20000264;item;145131000;;;Pixma IP 1900;;;;;;;;;;;1900;;;;;;;;;;;;T;;;;;;;;20.02.2026
50072460;;text;;;;KATEGORIE;;;black;;;;;;;;2;;;;31;;;;;;;;;;;;;;;;20.02.2026
50074232;;text;;;;FAVOURITES;;;;;;;;;;;;;;;;;;;;;;;;;;;;;;;20.02.2026
50074233;;text;;;;PARTSFIT;;;;;;;;;;;;;;;;;;;;;;;;;;;;;;;20.02.2026
50074234;;text;;;;PARTSIDENT;;;;;;;;;;;;;;;;;;;;;;;;;;;;;;;20.02.2026
50074235;;text;;;;PARTSSIMILAR;;;;;;;;;;;;;;;;;;;;;;;;;;;;;;;20.02.2026
50074237;;text;;;;PARTSCONFIT;;;;;;;;;;;;;;;;;;;;;;;;;;;;;;;20.02.2026
50074238;;text;;;;PARTSIGNORED;;;;;;;;;;;;;;;;;;;;;;;;;;;;;;;20.02.2026
50074239;;text;;;;IGNORE;;;;;;;;;;;;;;;;;;;;;;;;;;;;;;;20.02.2026
50074240;;text;;;;NOIGNORE;;;;;;;;;;;;;;;;;;;;;;;;;;;;;;;20.02.2026
50074241;;text;;;;ADDFAVOURITES;;;;;;;;;;;;;;;;;;;;;;;;;;;;;;;20.02.2026
50074242;;text;;;;REMOVEFAVOURITES;;;;;;;;;;;;;;;;;;;;;;;;;;;;;;;20.02.2026
50074243;;text;145224400;;;DRUCKKOPF MULTIPACK;;;;;;;;;;;;;;;;;;;;;;F;;;;;;;;;20.02.2026
50074244;;text;145221400;;;DRUCKKOPFPATRONE MULTIPACK;;;;;;;;;;;;;;;;;;;;;;F;;F;;;;;;;20.02.2026
50074245;;text;145222400;;;TINTENPATRONE MULTIPACK;;;;;;;;;;;;;;;;;;;;;;F;;F;;;;;;;20.02.2026
50074246;;text;145222400;;;TINTENPATRONE BUNDLE;;;;;;;;;;;;;;;;;;;;;;F;;F;;;;;;;20.02.2026
50074247;;text;145222500;;;TINTENPATRONE PROMOPACK;;;;;;;;;;;;;;;;;;;;;;F;;F;;;;;;;20.02.2026
50074248;;text;145222400;;;TINTENPATRONE BONUSPACK;;;;;;;;;;;;;;;;;;;;;;F;;F;;;;;;;20.02.2026
50074249;;text;145211500;;;TONER MULTIPACK;;;;;;;;;;;;;;;;;;;;;;F;;F;;;;;;;20.02.2026
50074250;;text;145211500;;;TONER RAINBOW-KIT;;;;;;;;;;;;;;;;;;;;;;F;;F;;;;;;;20.02.2026
50074251;;text;145211500;;;TONER VALUE-KIT;;;;;;;;;;;;;;;;;;;;;;F;;;;;;;;;20.02.2026
50074252;;text;145211500;;;TONERKARTUSCHE MULTIPACK;;;;;;;;;;;;;;;;;;;;;;F;;;;;;;;;20.02.2026
50074254;;text;145211500;;;TONERKARTUSCHE RAINBOW-KIT;;;;;;;;;;;;;;;;;;;;;;F;;;;;;;;;20.02.2026
50074255;;text;145211300;;;TONERKARTUSCHE VALUE-KIT;;;;;;;;;;;;;;;;;;;;;;F;;;;;;;;;20.02.2026
50074202;20001109;item;145222110;4103192;C34;Ink cartridge black;;;black;1500;;;;;;;;250;;;20;;;;;;;T;;F;;;;;;;20.02.2026
50074203;20001109;item;145222110;4103239;C36;Ink cartridge black pigmented;;;black;1508;;;ISO/IEC 19752;;;;;405;;;19;;;;;;;T;;F;;;;;;;20.02.2026
50074204;20001109;item;145222110;4103246;C37;Ink cartridge foto black;;;photoblack;1509;;;ISO/IEC 24711;;;;;3425;;;9;;;;;;;T;;F;;;;;;;20.02.2026
50074205;20001109;item;145222210;4103253;C38;Ink cartridge cyan;;;cyan;1510;;;ISO/IEC 19752;;;;;755;;;9;;;;;;;T;;F;;;;;;;20.02.2026
50074206;20001109;item;145222230;4103260;C39;Ink cartridge magenta;;;magenta;1510;;;;;;;;708;;;9;;;;;;;T;;F;;;;;;;20.02.2026
50074207;20001109;item;145222250;4103277;C40;Ink cartridge yellow;;;yellow;1510;;;ISO/IEC 19752;;;;;662;;;9;;;;;;;T;;F;;;;;;;20.02.2026
40091305;20000264;item;145131000;;;Pixma IP 4500 X;;;;;;;;;;;4500;;;;;;;;;;;;F;;;;;;;;20.02.2026
40091311;20000264;item;145142000;2234 B 007;;Faxphone L 90;;;;;;;;;;;90;;;;;;;;;;;;T;;;;;;;;20.02.2026
40093887;20000264;item;145123000;2711 B 116;;i-SENSYS MF 4330 d;;;;;;;;;;;4330;;;;;;;;;;;;F;;;;;;;;20.02.2026
40091889;20000264;item;145131000;2909 B 009;;Pixma IP 4600;;;;;;;;;;;4600;;;;;;;;;;;;F;;;;;;;;20.02.2026
40091984;20000264;item;145131000;2868 B 009;;Pixma IP 3600;;;;;;;;;;;3600;;;;;;;;;;;;F;;;;;;;;20.02.2026
50013796;20000849;item;145222110;0958,0001;C15;Ink cartridge black;;;black;958;4127;;ISO/IEC 24711;;;;;210;;;17;;;;;;;T;;F;;;;;;;20.02.2026
50013797;20000849;item;145222210;0958,0003;C16;Ink cartridge cyan;;;cyan;;;;ISO/IEC 24711;;;;;280;;;17;;;;;;;T;;F;;;;;;;20.02.2026
50013798;20000849;item;145222230;0958,0006;C17;Ink cartridge magenta;;;magenta;;;;ISO/IEC 24711;;;;;280;;;17;;;;;;;T;;F;;;;;;;20.02.2026
50013799;20000849;item;145222250;0958,0009;C18;Ink cartridge yellow;;;yellow;;;;ISO/IEC 24711;;;;;280;;;17;;;;;;;T;;F;;;;;;;20.02.2026
50013800;20000849;item;145222220;0958,0043;C19;Ink cartridge light cyan;;;photocyan;958;;;;;;;;;;;17;;;;;;;T;;F;;;;;;;20.02.2026
50013801;20000849;item;145222240;0958,0046;C20;Ink cartridge light magenta;;;photomagenta;958;;;;;;;;;;;17;;;;;;;T;;F;;;;;;;20.02.2026
90001207;20000984;group;2009;;;TK-8385;;;;;;;;;;;;;;;;;;;;;;;;;;;;;;;20.02.2026
90001208;20000984;group;2009;;;TK-8395;;;;;;;;;;;;;;;;;;;;;;;;;;;;;;;20.02.2026
90001209;20000728;group;2009;;;222X;;;;;;;;;;;;;;;;;;;;;;;;;;;;;;;20.02.2026
90001210;20000728;group;2009;;;222A;;;;;;;;;;;;;;;;;;;;;;;;;;;;;;;20.02.2026
50001415;20000264;item;145211100;1557 A 003;FX-3;Toner cartridge black;;;black;858;5125;;;;;;;2700;5;;;;;;;;;F;;F;;;;;;;20.02.2026
40069622;20000264;item;145123000;1827 B 026;;i-SENSYS MF 4690 pl;;;;;;;;;;;4690;;;;;;;;;;;;F;;;;;;;;20.02.2026
40069623;20000264;item;145123000;1827 B 027;;i-SENSYS MF 4660 pl;;;;;;;;;;;4660;;;;;;;;;;;;F;;;;;;;;20.02.2026
40069624;20000530;item;145123000;;;L 100;;;;;;;;;;;100;;;;;;;;;;;;T;;;;;;;;20.02.2026
40078460;20000264;item;145123000;2711 B 119;;i-SENSYS MF 4370 dn;;;;;;;;;;;4370;;;;;;;;;;;;F;;;;;;;;20.02.2026
40078492;20000264;item;145141000;3303 B 017;;Fax JX 210 P;;;;;;;;;;;210;;;;;;;;;;;;T;;;;;;;;20.02.2026
50009064;20001109;item;145211100;619239;858;Toner cartridge black recycled;;;black;858;5125;;;;;;1;2700;5;155;;;;;;;;T;;F;;;;;;;20.02.2026
40081226;20000264;item;145123000;2711 B 118;;i-SENSYS MF 4350 d;;;;;;;;;;;4350;;;;;;;;;;;;F;;;;;;;;20.02.2026
40070802;20000264;item;145132000;2175 B 006;;Pixma MP 210;;;;;;;;;;;210;;;;;;;;;;;;T;;;;;;;;20.02.2026
40068882;20000264;item;145121000;8822 A 003;;i-SENSYS LBP-3200;;;;;;;;;;;3200;;;;;;;;;;;;T;;;;;;;;20.02.2026
40068887;20000264;item;145121000;;;i-SENSYS LBP-3240;;;;;;;;;;;3240;;;;;;;;;;;;T;;;;;;;;20.02.2026
40068888;20000264;item;145121000;;;Lasershot LBP-3240;;;;;;;;;;;3240;;;;;;;;;;;;F;;;;;;;;20.02.2026
40068890;20000264;item;145123000;;;i-SENSYS MF 3240;;;;;;;;;;;3240;;;;;;;;;;;;F;;;;;;;;20.02.2026
40068893;20000264;item;145123000;0989 B 006;;i-SENSYS MF 3220;;;;;;;;;;;3220;;;;;;;;;;;;F;;;;;;;;20.02.2026
40071663;20000264;item;145132000;2174 B 006;;Pixma MP 140;;;;;;;;;;;140;;;;;;;;;;;;T;;;;;;;;20.02.2026
40067642;20000264;item;145132000;1449 B 006;;Pixma MP 460;;;;;;;;;;;460;;;;;;;;;;;;T;;;;;;;;20.02.2026
40079047;20000264;item;145142000;0574 B 045;;Fax L 95;;;;;;;;;;;95;;;;;;;;;;;;T;;;;;;;;20.02.2026
40079240;20000264;item;145132000;2922 B 006;;Pixma MP 980;;;;;;;;;;;980;;;;;;;;;;;;T;;;;;;;;20.02.2026
40067966;20000264;item;145131000;;;Pixma IP 3100;;;;;;;;;;;3100;;;;;;;;;;;;T;;;;;;;;20.02.2026
40073311;20000264;item;145142000;;;Fax L 95 IN;;;;;;;;;;;95;;;;;;;;;;;;T;;;;;;;;20.02.2026
40071472;20000264;item;145123000;1483 B 088;;i-SENSYS MF 4010;;;;;;;;;;;4010;;;;;;;;;;;;F;;;;;;;;20.02.2026
40087483;20000264;item;145131000;3295 B 002;;Pixma Pro 9000 Mark II;;;;;;;;;;;9000;;;;;;;;;;;;F;;;;;;;;20.02.2026
40068963;20000264;item;145131000;;;Pixma IP 2500;;;;;;;;;;;2500;;;;;;;;;;;;T;;;;;;;;20.02.2026
34002241;20000229;group;2007;;;Checkwriter;;;;;;;;;;;1;;;;;;;;;;;;;;;;;;;;20.02.2026
34002242;20000229;group;2007;;;DCP-L;;;;;;;;;;;1;;;;;;;;;;;;;;;;;;;;20.02.2026
34002245;20000264;group;2007;;;imagePROGRAF GP;;;;;;;;;;;1;;;;;;;;;;;;;;;;;;;;20.02.2026
34002246;20000264;group;2007;;;imagePROGRAF IPF;;;;;;;;;;;1;;;;;;;;;;;;;;;;;;;;20.02.2026
34002247;20000264;group;2007;;;imagePROGRAF Pro;;;;;;;;;;;1;;;;;;;;;;;;;;;;;;;;20.02.2026
34002248;20000264;group;2007;;;imagePROGRAF TA;;;;;;;;;;;1;;;;;;;;;;;;;;;;;;;;20.02.2026
34002249;20000264;group;2007;;;imagePROGRAF TM;;;;;;;;;;;1;;;;;;;;;;;;;;;;;;;;20.02.2026
34002250;20000264;group;2007;;;imagePROGRAF TZ;;;;;;;;;;;1;;;;;;;;;;;;;;;;;;;;20.02.2026
50019850;20001109;item;145222110;339379;C18;Ink cartridge black;;;black;958;4127;;;;;;;370;;;13;;;;;;;T;;F;;;;;;;20.02.2026
50019851;20001109;item;145222210;339386;C19;Ink cartridge cyan;;;cyan;;;;;;;;;440;;;13;;;;;;;T;;F;;;;;;;20.02.2026
50019852;20001109;item;145222230;339393;C20;Ink cartridge magenta;;;magenta;;;;;;;;;440;;;13;;;;;;;T;;F;;;;;;;20.02.2026
50019853;20001109;item;145222250;339409;C21;Ink cartridge yellow;;;yellow;;;;;;;;;440;;;13;;;;;;;T;;F;;;;;;;20.02.2026
50041342;20000849;item;145222110;1500,HC01;C59;Ink cartridge black;;;black;1500;4255;;;;;;;300;;;22;;;;;;;T;;F;;;;;;;20.02.2026
50041343;20000849;item;145222110;1500,4001;C57;Ink cartridge black;;;black;1500;;;;;;;;195;;;16;;;;;;;T;;F;;;;;;;20.02.2026
50041345;20000849;item;145222310;1501,4030;C58;Ink cartridge color;;;color;1501;4254;;ISO/IEC 24711;;;;;155;;;12;;;;;;;T;;F;;;;;;;20.02.2026
50038802;20000264;item;145222400;4706 A 027;BCI-6;Ink cartridge multi pack C,M,Y + Paper SG-101;;3x13ml;cyan magenta yellow;;;;;;;;3;;;;;;;;;;;F;;F;;;;;;;20.02.2026
50028832;20000264;item;145222400;4706 A 022;BCI-6;Ink cartridge multi pack C,M,Y;;3x13ml;cyan magenta yellow;;;;ISO/IEC 24711;;;;3;280;;;;;;;;;;F;;F;;;;;;;20.02.2026
50027090;20000264;item;145222110;0620 B 001;CLI-8 BK;Ink cartridge black;;;black;;4259;;ISO/IEC 24711;;;;;400;;;13;;;;;;;F;;F;;;;;;;20.02.2026
50027091;20000264;item;145222210;0621 B 001;CLI-8 C;Ink cartridge cyan;;;cyan;1505;;;ISO/IEC 24711;;;;;420;;;13;;;;;;;F;;F;;;;;;;20.02.2026
50027092;20000264;item;145222230;0622 B 001;CLI-8 M;Ink cartridge magenta;;;magenta;1505;;;ISO/IEC 24711;;;;;478;;;13;;;;;;;F;;F;;;;;;;20.02.2026
50027093;20000264;item;145222250;0623 B 001;CLI-8 Y;Ink cartridge yellow;;;yellow;1505;;;ISO/IEC 24711;;;;;530;;;13;;;;;;;F;;F;;;;;;;20.02.2026
50027094;20000264;item;145222110;0628 B 001;PGI-5 BK;Ink cartridge black pigmented;;;black;;;;ISO/IEC 24711;;;;;505;;;26;;;;;;;F;;F;;;;;;;20.02.2026
50027095;20000264;item;145221310;0617 B 001;CL-41;Printhead cartridge color;;;color;1501;;;ISO/IEC 24711;;;;;308;;;12;;;;;;;F;;F;;;;;;;20.02.2026
50027096;20000264;item;145221110;0615 B 001;PG-40;Printhead cartridge black;;;black;1500;;;ISO/IEC 24711;;;;;;;;16;;;;;;;F;;F;;;;;;;20.02.2026
50027097;20000264;item;145211100;0263 B 002;FX-10;Toner cartridge black;;;black;1176;5247;;ISO/IEC 19752;;;;;2000;;;;;;;;;;F;;F;;;;;;;20.02.2026
50028593;20000849;item;145211100;1119,0000;C-T14;Toner cartridge black;;;black;1119;5233;;;;;;;3500;5;240;;;;;;;;T;;F;;;;;;;20.02.2026
50027409;20000264;item;145221110;0616 B 001;PG-50;Printhead cartridge black;;;black;1500;;;ISO/IEC 24711;;;;;;;;22;;;;;;;F;;F;;;;;;;20.02.2026
90000971;20000593;group;2009;;;T40V;;;;;;;;;;;;;;;;;;;;;;;;;;;;;;;20.02.2026
90000972;20000593;group;2009;;;T40W;;;;;;;;;;;;;;;;;;;;;;;;;;;;;;;20.02.2026
90001212;50096914;group;2009;;;CTO-2600;;;;;;;;;;;;;;;;;;;;;;;;;;;;;;;20.02.2026
90000976;20000728;group;2009;;;207X;;;;;;;;;;;;;;;;;;;;;;;;;;;;;;;20.02.2026
40069119;20000264;item;145142000;;;i-SENSYS Fax L 100;;;;;;;;;;;100;;;;;;;;;;;;T;;;;;;;;20.02.2026
40069120;20000264;item;145142000;;;i-SENSYS Fax L 120;;;;;;;;;;;120;;;;;;;;;;;;T;;;;;;;;20.02.2026
40069121;20000264;item;145142000;;;i-SENSYS Fax L 380 S;;;;;;;;;;;380;;;;;;;;;;;;T;;;;;;;;20.02.2026
40069122;20000264;item;145142000;;;i-SENSYS Fax L 390;;;;;;;;;;;390;;;;;;;;;;;;T;;;;;;;;20.02.2026
40069123;20000264;item;145131000;;;Pixma IP 1800;;;;;;;;;;;1800;;;;;;;;;;;;F;;;;;;;;20.02.2026
40071122;20000264;item;145132000;2178 B 025;;Pixma MP 520;;;;;;;;;;;520;;;;;;;;;;;;F;;;;;;;;20.02.2026
40071123;20000264;item;145132000;2180 B 006;;Pixma MP 610;;;;;;;;;;;610;;;;;;;;;;;;T;;;;;;;;20.02.2026
40071124;20000264;item;145132000;2181 B 006;;Pixma MP 970;;;;;;;;;;;970;;;;;;;;;;;;T;;;;;;;;20.02.2026
40071125;20000264;item;145132000;2182 B 009;;Pixma MX 300;;;;;;;;;;;300;;;;;;;;;;;;T;;;;;;;;20.02.2026
40074310;20000264;item;145123000;2711 B 115;;i-SENSYS MF 4320 d;;;;;;;;;;;4320;;;;;;;;;;;;F;;;;;;;;20.02.2026
40074498;20000264;item;145131000;;;Pixma IP 4200 X;;;;;;;;;;;4200;;;;;;;;;;;;F;;;;;;;;20.02.2026
40071126;20000264;item;145132000;2184 B 009;;Pixma MX 310;;;;;;;;;;;310;;;;;;;;;;;;T;;;;;;;;20.02.2026
40071127;20000264;item;145132000;2186 B 009;;Pixma MX 700;;;;;;;;;;;700;;;;;;;;;;;;T;;;;;;;;20.02.2026
40071128;20000264;item;145131000;2170 B 009;;Pixma IP 3500;;;;;;;;;;;3500;;;;;;;;;;;;T;;;;;;;;20.02.2026
40071129;20000264;item;145131000;2171 B 009;;Pixma IP 4500;;;;;;;;;;;4500;;;;;;;;;;;;F;;;;;;;;20.02.2026
40071131;20000264;item;145132000;2176 B 006;;Pixma MP 220;;;;;;;;;;;220;;;;;;;;;;;;T;;;;;;;;20.02.2026
40077314;20000264;item;145132000;2919 B 006;;Pixma MP 540;;;;;;;;;;;540;;;;;;;;;;;;T;;;;;;;;20.02.2026
50066059;20001109;item;145222400;361813;P16;Ink cartridge multi pack Bk,C,M,Y;;1 x 27 ml + 3 x 13 ml;black cyan magenta yellow;;;;ISO/IEC 19752;;;;4;593;;;27;;;;;;;T;;F;;;;;;;20.02.2026
40067637;20000264;item;145131000;1436 B 009;;Pixma IP 1700;;;;;;;;;;;1700;;;;;;;;;;;;T;;;;;;;;20.02.2026
40067638;20000264;item;145131000;;;Pixma IP 6310 D;;;;;;;;;;;6310;;;;;;;;;;;;F;;;;;;;;20.02.2026
40067639;20000264;item;145131000;1441 B 006;;Pixma IP 6700 D;;;;;;;;;;;6700;;;;;;;;;;;;T;;;;;;;;20.02.2026
40067640;20000264;item;145132000;1447 B 006;;Pixma MP 160;;;;;;;;;;;160;;;;;;;;;;;;T;;;;;;;;20.02.2026
40067641;20000264;item;145132000;1448 B 006;;Pixma MP 180;;;;;;;;;;;180;;;;;;;;;;;;T;;;;;;;;20.02.2026
50033210;20000264;item;145221310;0617 B 008;CL-41 GP 501;Printhead cartridge color +GP-501 10x15cm 100 sheet;;;color;1501;;;;;;;;312;;;12;;;;;;;F;;F;;;;;;;20.02.2026
50033211;20000264;item;145222400;0620 B 011;CLI-8 PP-101;Ink cartridge multi pack BK,C,M,Y +PP-101 10x15cm 50 sheet;;;black cyan magenta yellow;;;;;;;;4;;;;13;;;;;;;F;;F;;;;;;;20.02.2026
50209711;20000569;item;145142000;;;Agoris 6108;;;;;;;;;;;6108;;;;;;;;;;;;T;;;;;;;;20.02.2026
40087947;20000264;item;145141000;3304 B 017;;Fax JX 510 P;;;;;;;;;;;510;;;;;;;;;;;;T;;;;;;;;20.02.2026
40081702;20000264;item;145132000;2920 B 006;;Pixma MP 630;;;;;;;;;;;630;;;;;;;;;;;;T;;;;;;;;20.02.2026
40073564;20000264;item;145132000;2921 B 006;;Pixma MP 620;;;;;;;;;;;620;;;;;;;;;;;;F;;;;;;;;20.02.2026
40073798;20000264;item;145123000;2711 B 117;;i-SENSYS MF 4340 d;;;;;;;;;;;4340;;;;;;;;;;;;F;;;;;;;;20.02.2026
40076785;20000264;item;145131000;;;Pixma IP 4600 X;;;;;;;;;;;4600;;;;;;;;;;;;F;;;;;;;;20.02.2026
40067763;20000264;item;145132000;1450 B 006;;Pixma MP 510;;;;;;;;;;;510;;;;;;;;;;;;T;;;;;;;;20.02.2026
40067764;20000264;item;145132000;1451 B 006;;Pixma MP 600;;;;;;;;;;;600;;;;;;;;;;;;F;;;;;;;;20.02.2026
40067765;20000264;item;145132000;1453 B 006;;Pixma MP 810;;;;;;;;;;;810;;;;;;;;;;;;T;;;;;;;;20.02.2026
40067766;20000264;item;145132000;1452 B 006;;Pixma MP 600 R;;;;;;;;;;;600;;;;;;;;;;;;F;;;;;;;;20.02.2026
40067767;20000264;item;145123000;1483 B 063;;i-SENSYS MF 4120;;;;;;;;;;;4120;;;;;;;;;;;;F;;;;;;;;20.02.2026
40067768;20000264;item;145123000;1483 B 062;;i-SENSYS MF 4140;;;;;;;;;;;4140;;;;;;;;;;;;F;;;;;;;;20.02.2026
40067769;20000264;item;145123000;1483 B 061;;i-SENSYS MF 4150;;;;;;;;;;;4150;;;;;;;;;;;;F;;;;;;;;20.02.2026
40067772;20000264;item;145131000;1437 B 009;;Pixma IP 3300;;;;;;;;;;;3300;;;;;;;;;;;;T;;;;;;;;20.02.2026
40067773;20000264;item;145131000;1439 B 009;;Pixma IP 5300;;;;;;;;;;;5300;;;;;;;;;;;;T;;;;;;;;20.02.2026
40068414;20000264;item;145141000;1735 B 017;;Fax JX 200;;;;;;;;;;;200;;;;;;;;;;;;T;;;;;;;;20.02.2026
40068415;20000264;item;145141000;1732 B 017;;Fax JX 500;;;;;;;;;;;500;;;;;;;;;;;;T;;;;;;;;20.02.2026
40079995;20000264;item;145132000;3747 B 002;;Pixma MP 560;;;;;;;;;;;560;;;;;;;;;;;;T;;;;;;;;20.02.2026
40085199;20000264;item;145123000;2711 B 120;;i-SENSYS MF 4380 dn;;;;;;;;;;;4380;;;;;;;;;;;;F;;;;;;;;20.02.2026
40068383;20000264;item;145131000;;;Pixma IP 1200;;;;;;;;;;;1200;;;;;;;;;;;;T;;;;;;;;20.02.2026
40068384;20000264;item;145131000;1435 B 008;;Pixma IP 1300;;;;;;;;;;;1300;;;;;;;;;;;;T;;;;;;;;20.02.2026
40067778;20000264;item;145131000;1438 B 009;;Pixma IP 4300;;;;;;;;;;;4300;;;;;;;;;;;;T;;;;;;;;20.02.2026
50071371;20000264;item;145222110;0628 B 025;PGI-5 BK;Ink cartridge black pigmented twin pack;;;black;;;;ISO/IEC 24711;;;;2;800;;;26;;;;;;;F;;F;;;;;;;20.02.2026
50012263;20000264;item;145222110;0985 A 002;BCI-5 BK;Ink cartridge black;;;black;958;4127;;;;;;;240;;;13;;;;;;;F;;F;;;;;;;20.02.2026
90001071;20001214;group;2009;;;TYPE M C 2000 H;;;;;;;;;;;;;;;;;;;;;;;;;;;;;;;20.02.2026
50079908;;text;145266000;;;FEINSTAUBFILTER;;;;;;;;;;;;;;;;;;;;;;F;;;;;;;;;20.02.2026
90000980;20000264;group;2009;;;T09;;;;;;;;;;;;;;;;;;;;;;;;;;;;;;;20.02.2026
50079568;;text;;;;ANDERE;;;;;;;;;;;;;;;;;;;;;;;;;;;;;;;20.02.2026
50079570;20000264;item;145123000;2711 B 135;;PC-D 440;;;;;;;;;;;440;;;;;;;;;;;;T;;;;;;;;20.02.2026
90000990;20001289;group;2009;;;MXC-60;;;;;;;;;;;;;;;;;;;;;;;;;;;;;;;20.02.2026
90000991;20001289;group;2009;;;MXC-55;;;;;;;;;;;;;;;;;;;;;;;;;;;;;;;20.02.2026
90000992;20001289;group;2009;;;MXC-50;;;;;;;;;;;;;;;;;;;;;;;;;;;;;;;20.02.2026
90000993;20001289;group;2009;;;MXC-35;;;;;;;;;;;;;;;;;;;;;;;;;;;;;;;20.02.2026
50074176;20001109;item;145222310;4103208;C35;Ink cartridge color;;;color;1501;4254;;;;;;3;202;;;6;;;;;;;T;;F;;;;;;;20.02.2026
50072338;;text;145261300;;;DIRECTLABEL-ETIKETTEN;;;;;;;;;;;;;;;;;;;;;;F;;;;;;;;;20.02.2026
50072350;;text;;;;ICON;;;black;;;;;;;;;10000;;;;;;;;;;;;;;;;;;;20.02.2026
50034729;20000264;item;145211100;1557 A 020;FX-3;Toner cartridge black twin pack;;;black;858;5125;;;;;;2;2700;5;;;;;;;;;F;;F;;;;;;;20.02.2026
90000988;20000593;group;2009;;;T02Q;;;;;;;;;;;;;;;;;;;;;;;;;;;;;;;20.02.2026
90000989;20000264;group;2009;;;BC-11 E;;;;;;;;;;;;;;;;;;;;;;;;;;;;;;;20.02.2026
34001575;20000728;group;2007;;;Tango;;;;;;;;;;;1;;;;;;;;;;;;;;;;;;;;20.02.2026
40083915;20000264;item;145132000;;;Pixma MP 520 X;;;;;;;;;;;520;;;;;;;;;;;;F;;;;;;;;20.02.2026
50035656;20000264;item;145211100;7833 A 008;CARTRIDGE T;Toner cartridge black twin pack;;;black;;5233;;;;;;2;3500;5;;;;;;;;;F;;F;;;;;;;20.02.2026
50036943;20001109;item;145222110;358844;C26P;Ink cartridge black pigmented Power-Pad;;;black;1504;;;;;;;3;;;;24;;;;;;;T;;F;;;;;;;20.02.2026
50036944;20001109;item;145222600;358851;C27P;Power-Pads black;;;black;1503;;;;;;;3;;;;4,5;;;;;;;T;;F;;;;;;;20.02.2026
50036945;20001109;item;145222400;358868;C31P;Ink cartridge multi pack cyan magenta yellow Power-Pad;;;cyan magenta yellow;1505;;;;;;;9;;;;4,5;;;;;;;T;;F;;;;;;;20.02.2026
50014291;20000264;item;145222250;4708 A 002;BCI-6 Y;Ink cartridge yellow;;;yellow;;;;ISO/IEC 24711;;;;;210;5;;13;;;;;;;F;;F;;;;;;;20.02.2026
50014292;20000264;item;145222230;4707 A 002;BCI-6 M;Ink cartridge magenta;;;magenta;;;;ISO/IEC 24711;;;;;280;;;13;;;;;;;F;;F;;;;;;;20.02.2026
50014293;20000264;item;145222210;4706 A 002;BCI-6 C;Ink cartridge cyan;;;cyan;;;;ISO/IEC 24711;;;;;280;;;13;;;;;;;F;;F;;;;;;;20.02.2026
50014294;20000264;item;145222110;4705 A 002;BCI-6 BK;Ink cartridge black;;;black;958;4127;;ISO/IEC 24711;;;;;210;;;13;;;;;;;F;;F;;;;;;;20.02.2026
90001016;20000229;group;2009;;;LC-426;;;;;;;;;;;;;;;;;;;;;;;;;;;;;;;20.02.2026
90001017;20000728;group;2009;;;667XL;;;;;;;;;;;;;;;;;;;;;;;;;;;;;;;20.02.2026
50014516;20000264;item;145222220;4709 A 002;BCI-6 PC;Ink cartridge light cyan;;;photocyan;958;;;ISO/IEC 24711;;;;;280;;;13;;;;;;;F;;F;;;;;;;20.02.2026
50014517;20000264;item;145222240;4710 A 002;BCI-6 PM;Ink cartridge light magenta;;;photomagenta;958;;;ISO/IEC 24711;;;;;280;;;13;;;;;;;F;;F;;;;;;;20.02.2026
50041747;20000264;item;145222400;0621 B 015;CLI-8 GP-501;Ink cartridge multi pack C,M,Y + Paper GP-501;;3x13ml;cyan magenta yellow;1505;;;;;;;3;;;;;;;;;;;F;;F;;;;;;;20.02.2026
90000754;20000728;group;2009;;;818;;;;;;;;;;;;;;;;;;;;;;;;;;;;;;;20.02.2026
90000755;20000728;group;2009;;;818XL;;;;;;;;;;;;;;;;;;;;;;;;;;;;;;;20.02.2026
90000757;20001067;group;2009;;;IH 215;;;;;;;;;;;;;;;;;;;;;;;;;;;;;;;20.02.2026
50078890;;text;;;;POSPRINTER;;;;;;;;;;;;;;;;;;;;;;;;;;;;;;;20.02.2026
50078891;;text;;;;POSCARTRIDGE;;;;;;;;;;;;;;;;;;;;;;;;;;;;;;;20.02.2026
50078892;;text;;;;POSCARTRIDGE2;;;;;;;;;;;;;;;;;;;;;;;;;;;;;;;20.02.2026
50078893;;text;;;;POSPRINTER2;;;;;;;;;;;;;;;;;;;;;;;;;;;;;;;20.02.2026
50078894;;text;;;;POSPRINTER3;;;;;;;;;;;;;;;;;;;;;;;;;;;;;;;20.02.2026
50078895;;text;;;;POSCARTRIDGE3;;;;;;;;;;;;;;;;;;;;;;;;;;;;;;;20.02.2026
50078896;;text;;;;POSRESULT;;;;;;;;;;;;;;;;;;;;;;;;;;;;;;;20.02.2026
50078898;;text;;;;BLISTER_MT;;;yellow;;;;;;;;;3500;5;;;;;;;;;;;;;;;;;;20.02.2026
90000762;20001400;group;2009;;;IJ-215;;;;;;;;;;;;;;;;;;;;;;;;;;;;;;;20.02.2026
90000763;20000728;group;2009;;;14;;;;;;;;;;;;;;;;;;;;;;;;;;;;;;;20.02.2026
90000764;20000728;group;2009;;;121XL;;;;;;;;;;;;;;;;;;;;;;;;;;;;;;;20.02.2026
90000765;20000728;group;2009;;;304;;;;;;;;;;;;;;;;;;;;;;;;;;;;;;;20.02.2026
90000766;20000728;group;2009;;;62;;;;;;;;;;;;;;;;;;;;;;;;;;;;;;;20.02.2026
90000767;20000728;group;2009;;;61;;;;;;;;;;;;;;;;;;;;;;;;;;;;;;;20.02.2026
90000768;20000728;group;2009;;;651;;;;;;;;;;;;;;;;;;;;;;;;;;;;;;;20.02.2026
90000769;20000728;group;2009;;;303XL;;;;;;;;;;;;;;;;;;;;;;;;;;;;;;;20.02.2026
90000770;20000728;group;2009;;;664;;;;;;;;;;;;;;;;;;;;;;;;;;;;;;;20.02.2026
90000771;20000728;group;2009;;;60;;;;;;;;;;;;;;;;;;;;;;;;;;;;;;;20.02.2026
90000772;20000728;group;2009;;;123;;;;;;;;;;;;;;;;;;;;;;;;;;;;;;;20.02.2026
90000773;20000728;group;2009;;;704;;;;;;;;;;;;;;;;;;;;;;;;;;;;;;;20.02.2026
90000774;20000728;group;2009;;;63XL;;;;;;;;;;;;;;;;;;;;;;;;;;;;;;;20.02.2026
90000775;20000728;group;2009;;;678;;;;;;;;;;;;;;;;;;;;;;;;;;;;;;;20.02.2026
90000776;20000728;group;2009;;;122;;;;;;;;;;;;;;;;;;;;;;;;;;;;;;;20.02.2026
90000777;20000728;group;2009;;;301XL;;;;;;;;;;;;;;;;;;;;;;;;;;;;;;;20.02.2026
90000778;20000728;group;2009;;;304XL;;;;;;;;;;;;;;;;;;;;;;;;;;;;;;;20.02.2026
90000779;20000728;group;2009;;;703;;;;;;;;;;;;;;;;;;;;;;;;;;;;;;;20.02.2026
50078532;20000264;item;145131000;;;Pixma IX 4000 R;;;;;;;;;;;4000;;;;;;;;;;;;F;;;;;;;;20.02.2026
50080516;;text;;;;EDITLANG;;;;;;;;;;;;;;;;;;;;;;;;;;;;;;;20.02.2026
50080517;;text;;;;EDITLIC;;;;;;;;;;;;;;;;;;;;;;;;;;;;;;;20.02.2026
50080518;;text;;;;SIMILARMATCH;;;;;;;;;;;;;;;;;;;;;;;;;;;;;;;20.02.2026
50080519;;text;;;;EXACTMATCH;;;;;;;;;;;;;;;;;;;;;;;;;;;;;;;20.02.2026
50080520;;text;;;;NOEXACTMATCH;;;;;;;;;;;;;;;;;;;;;;;;;;;;;;;20.02.2026
50080521;;text;;;;NOEXACTMATCH;;;;;;;;;;;;;;;;;;;;;;;;;;;;;;;20.02.2026
50080522;;text;;;;NOSIMILARMATCH;;;;;;;;;;;;;;;;;;;;;;;;;;;;;;;20.02.2026
50080534;20000728;group;2007;;;LaserJet Pro;;;;;;;;;;;1;;;;;;;;;;;;;;;;;;;;20.02.2026
50078646;;text;;;;POSSCREEN;;;;;;;;;;;;;;;;;;;;;;;;;;;;;;;20.02.2026
50078647;;text;;;;POSIMPORTANT;;;black;;;;;;;;;;;;300;;;;;;;;;;;;;;;;20.02.2026
50078648;;text;;;;DATEN;;;;;;;;;;;;;;;;;;;;;;;;;;;;;;;20.02.2026
50078649;;text;145216000;;;ACCUMULATOR BELT;;;;;;;;;;;;;;;;;;;;;;F;;F;;;;;;;20.02.2026
50079418;;text;;;;INSERTED;;;black red;1;;;;;;;;;;;;;;;;;;;;;;;;;;;20.02.2026
50077172;;text;;;;INVALIDLIC;;;black;;;;;;;;;;;;;;;;;;;;;;;;;;;;20.02.2026
50077173;;text;;;;EDIT;;;black;;;;;;;;;;;;;;;;;;;;;;;;;;;;20.02.2026
50077174;;text;;;;ITEMGROUP;;;black;;;;;;;;;;;;;;;;;;;;;;;;;;;;20.02.2026
50077175;;text;;;;GROUPREL;;;black;;;;;;;;;;;;;;;;;;;;;;;;;;;;20.02.2026
50268703;;text;;;;ISLISTPUBBLISHED;;;;;;;;;;;;;;;;;;;;;;;;;;;;;;;20.02.2026
50072322;20000264;item;145131000;3742 B 002;;Pixma IP 4700;;;;;;;;;;;4700;;;;;;;;;;;;T;;;;;;;;20.02.2026
50072324;20000264;item;145132000;3748 B 002;;Pixma MP 640;;;;;;;;;;;640;;;;;;;;;;;;F;;;;;;;;20.02.2026
50072325;20000264;item;145132000;3746 B 009;;Pixma MP 550;;;;;;;;;;;550;;;;;;;;;;;;T;;;;;;;;20.02.2026
50072328;20000264;item;145132000;3749 B 002;;Pixma MP 990;;;;;;;;;;;990;;;;;;;;;;;;T;;;;;;;;20.02.2026
40096009;20000264;item;145123000;2711 B 057;;PC-D 450;;;;;;;;;;;450;;;;;;;;;;;;T;;;;;;;;20.02.2026
90001009;20000264;group;2009;;;064 H;;;;;;;;;;;;;;;;;;;;;;;;;;;;;;;20.02.2026
90001010;20000264;group;2009;;;064;;;;;;;;;;;;;;;;;;;;;;;;;;;;;;;20.02.2026
50020207;20000264;item;145211100;8489 A 002;EP-27;Toner cartridge black;;;black;1121;5248;;;;;;;2500;5;;;;;;;;;F;;F;;;;;;;20.02.2026
50017956;20000264;item;145211100;7833 A 002;CARTRIDGE T;Toner cartridge black;;;black;;5233;;ISO/IEC 19752;;;;;3500;5;;;;;;;;;F;;F;;;;;;;20.02.2026
40073102;20000264;item;145131000;;;Pixma IP 6100 D;;;;;;;;;;;6100;;;;;;;;;;;;T;;;;;;;;20.02.2026
40073105;20000264;item;145132000;;;Pixma MP 450 X;;;;;;;;;;;450;;;;;;;;;;;;F;;;;;;;;20.02.2026
40073163;20000264;item;145131000;2435 B 009;;Pixma IP 2600;;;;;;;;;;;2600;;;;;;;;;;;;T;;;;;;;;20.02.2026
40073164;20000264;item;145132000;2436 B 009;;Pixma MX 850;;;;;;;;;;;850;;;;;;;;;;;;T;;;;;;;;20.02.2026
40073165;20000264;item;145123000;2235 B 017;;i-SENSYS MF 4270;;;;;;;;;;;4270;;;;;;;;;;;;T;;;;;;;;20.02.2026
40073169;20000264;item;145142000;2234 B 040;;Fax L 140;;;;;;;;;;;140;;;;;;;;;;;;T;;;;;;;;20.02.2026
40073170;20000264;item;145142000;;;Fax L 160;;;;;;;;;;;160;;;;;;;;;;;;T;;;;;;;;20.02.2026
40073171;20000264;item;145142000;;;i-SENSYS Fax L 140;;;;;;;;;;;140;;;;;;;;;;;;T;;;;;;;;20.02.2026
40073172;20000264;item;145142000;2234 B 041;;i-SENSYS Fax L 160;;;;;;;;;;;160;;;;;;;;;;;;T;;;;;;;;20.02.2026
50020943;20000264;item;145211100;8955 A 001;FX-8;Toner cartridge black;;;black;;5233;;;;;;;3500;;;;;;;;;;F;;F;;;;;;;20.02.2026
40098921;20000264;item;145132000;2910 B 006;;Pixma MP 190;;;;;;;;;;;190;;;;;;;;;;;;T;;;;;;;;20.02.2026
40089492;20000264;item;145132000;3301 B 010;;Pixma MX 860;;;;;;;;;;;860;;;;;;;;;;;;T;;;;;;;;20.02.2026
50026470;20001109;item;145222400;343345;;Ink cartridge multi pack Bk,C,M,Y;;;black cyan magenta yellow;;;;;;;;4;;;;;;;;;;;T;;F;;;;;;;20.02.2026
50023767;20001109;item;145211100;623829;1119;Toner cartridge black;;;black;1119;5233;;;;;;1;5650;;230;;;;;;;;T;;F;;;;;;;20.02.2026
40064793;20001400;item;145142000;;;Fax 900;;;;;;;;;;;900;;;;;;;;;;;;T;;;;;;;;20.02.2026
40063833;20000264;item;145131000;9992 A 006;;Pixma IP 4200;;;;;;;;;;;4200;;;;;;;;;;;;F;;;;;;;;20.02.2026
40062736;20000264;item;145131000;9719 A 017;;Pixma IP 4000 R;;;;;;;;;;;4000;;;;;;;;;;;;F;;;;;;;;20.02.2026
40063834;20000264;item;145131000;9989 A 006;;Pixma IP 1600;;;;;;;;;;;1600;;;;;;;;;;;;T;;;;;;;;20.02.2026
40063836;20000264;item;145142000;0574 B 006;;Fax L 100;;;;;;;;;;;100;;;;;;;;;;;;T;;;;;;;;20.02.2026
40063837;20000264;item;145142000;0574 B 007;;Fax L 120;;;;;;;;;;;120;;;;;;;;;;;;T;;;;;;;;20.02.2026
40064027;20000264;item;145131000;9990 A 006;;Pixma IP 2200;;;;;;;;;;;2200;;;;;;;;;;;;T;;;;;;;;20.02.2026
40064032;20000264;item;145131000;9993 A 006;;Pixma IP 5200;;;;;;;;;;;5200;;;;;;;;;;;;F;;;;;;;;20.02.2026
40064033;20000264;item;145131000;0195 B 006;;Pixma IP 5200 R;;;;;;;;;;;5200;;;;;;;;;;;;F;;;;;;;;20.02.2026
40064034;20000264;item;145131000;;;Pixma IP 6210 D;;;;;;;;;;;6210;;;;;;;;;;;;F;;;;;;;;20.02.2026
40064035;20000264;item;145131000;;;Pixma IP 6220 D;;;;;;;;;;;6220;;;;;;;;;;;;F;;;;;;;;20.02.2026
40064036;20000264;item;145131000;;;Pixma IP 6600;;;;;;;;;;;6600;;;;;;;;;;;;F;;;;;;;;20.02.2026
40064037;20000264;item;145132000;0575 B 005;;Pixma MP 150;;;;;;;;;;;150;;;;;;;;;;;;T;;;;;;;;20.02.2026
40064038;20000264;item;145132000;0576 B 005;;Pixma MP 170;;;;;;;;;;;170;;;;;;;;;;;;T;;;;;;;;20.02.2026
40064039;20000264;item;145132000;0577 B 005;;Pixma MP 450;;;;;;;;;;;450;;;;;;;;;;;;F;;;;;;;;20.02.2026
40064040;20000264;item;145132000;0579 B 005;;Pixma MP 500;;;;;;;;;;;500;;;;;;;;;;;;T;;;;;;;;20.02.2026
40064041;20000264;item;145132000;0581 B 005;;Pixma MP 800;;;;;;;;;;;800;;;;;;;;;;;;F;;;;;;;;20.02.2026
90000797;20000728;group;2009;;;63;;;;;;;;;;;;;;;;;;;;;;;;;;;;;;;20.02.2026
50051035;20000849;item;145222110;1503,0001;C65;Ink cartridge black;;;black;1503;4259;;ISO/IEC 24711;;;;;420;;;13;;;;;;;T;;F;;;;;;;20.02.2026
40064949;20000264;item;145142000;0815 B 005;;Fax L 380 S;;;;;;;;;;;380;;;;;;;;;;;;F;;;;;;;;20.02.2026
40064950;20000264;item;145142000;0815 B 016;;Fax L 390;;;;;;;;;;;390;;;;;;;;;;;;T;;;;;;;;20.02.2026
90000975;20000728;group;2009;;;653;;;;;;;;;;;;;;;;;;;;;;;;;;;;;;;20.02.2026
90001002;20000264;group;2009;;;C-EXV 58;;;;;;;;;;;;;;;;;;;;;;;;;;;;;;;20.02.2026
50279831;;text;145222250;;;HALTERUNG;;;;;;;;;;;;;;;;;;;;;;F;;;;;;;;;20.02.2026
90001196;20001289;group;2009;;;MXC-36;;;;;;;;;;;;;;;;;;;;;;;;;;;;;;;20.02.2026
50255222;;text;;;;SPULENKERN;;;;;;;;;;;;;;;;;;;;;;;;;;;;;;;20.02.2026
50210460;;text;145510000;;;ROLLER-KIT;;;;;;;;;;;;;;;;;;;;;;;;;;;;;;;20.02.2026
40064402;20000264;item;145142000;;;Faxphone L 120;;;;;;;;;;;120;;;;;;;;;;;;T;;;;;;;;20.02.2026
40063526;20000264;item;145123000;9867 A 015;;Laserbase MF 5770;;;;;;;;;;;5770;;;;;;;;;;;;F;;;;;;;;20.02.2026
50128134;20000264;item;145123000;;;Laserbase MF 5700 Series;;;;;;;;;;;5700;;;;;;;;;;;;T;;;;;;;;20.02.2026
40064207;20000264;item;145123000;;;Laserbase MF 5750;;;;;;;;;;;5750;;;;;;;;;;;;F;;;;;;;;20.02.2026
40064208;20000264;item;145123000;9867 A 014;;Laserbase MF 5730;;;;;;;;;;;5730;;;;;;;;;;;;F;;;;;;;;20.02.2026
40065304;20000264;item;145132000;;;Pixma MP 530;;;;;;;;;;;530;;;;;;;;;;;;T;;;;;;;;20.02.2026
40065305;20000264;item;145132000;0582 B 005;;Pixma MP 800 R;;;;;;;;;;;800;;;;;;;;;;;;F;;;;;;;;20.02.2026
40065306;20000264;item;145132000;0583 B 014;;Pixma MP 830;;;;;;;;;;;830;;;;;;;;;;;;T;;;;;;;;20.02.2026
40065307;20000264;item;145131000;9995 A 016;;Pixma Pro 9000;;;;;;;;;;;9000;;;;;;;;;;;;F;;;;;;;;20.02.2026
40065309;20000264;item;145131000;1464 B 016;;Pixma IX 4000;;;;;;;;;;;4000;;;;;;;;;;;;F;;;;;;;;20.02.2026
40065310;20000264;item;145131000;0532 B 016;;Pixma IX 5000;;;;;;;;;;;5000;;;;;;;;;;;;T;;;;;;;;20.02.2026
50129928;20000886;group;2007;;;MS;;;;;;;;;;;1;;;;;;;;;;;;;;;;;;;;20.02.2026
40064096;20000264;item;145131000;0010 B 006;;Pixma IP 6600 D;;;;;;;;;;;6600;;;;;;;;;;;;F;;;;;;;;20.02.2026
40063183;20000264;item;145132000;9792 A 003;;Pixma MP 760;;;;;;;;;;;760;;;;;;;;;;;;T;;;;;;;;20.02.2026
50129190;20000264;item;145131000;;;Pixma IP 4000 Series;;;;;;;;;;;4000;;;;;;;;;;;;T;;;;;;;;20.02.2026
40063017;20001400;item;145142000;;;T-Fax 8500;;;;;;;;;;;8500;;;;;;;;;;;;T;;;;;;;;20.02.2026
50131162;;text;145194000;;;*ZZSC;;;;;;;;;;;;;;;;;;;;;;;F;;;;;;;;20.02.2026
40066996;20000264;item;145123000;;;Laserbase MF 3220;;;;;;;;;;;3220;;;;;;;;;;;;F;;;;;;;;20.02.2026
40066997;20000264;item;145123000;0989 B 008;;Laserbase MF 3240;;;;;;;;;;;3240;;;;;;;;;;;;F;;;;;;;;20.02.2026
50107211;;text;;;;SINGLE SLIP;;;;;;;ISO/IEC 19798;;;;3;1000;;;;;;;;;;;;;;;;;;;20.02.2026
50106503;20000264;item;145132000;;;Pixma MP 520 Series;;;;;;;;;;;520;;;;;;;;;;;;T;;;;;;;;20.02.2026
90000843;20000264;group;2009;;;301;;;;;;;;;;;;;;;;;;;;;;;;;;;;;;;20.02.2026
90000844;20000264;group;2009;;;702;;;;;;;;;;;;;;;;;;;;;;;;;;;;;;;20.02.2026
90001205;20000728;group;2009;;;219A;;;;;;;;;;;;;;;;;;;;;;;;;;;;;;;20.02.2026
90001206;20000728;group;2009;;;219X;;;;;;;;;;;;;;;;;;;;;;;;;;;;;;;20.02.2026
90000845;20000264;group;2009;;;BCI-3 E;;;;;;;;;;;;;;;;;;;;;;;;;;;;;;;20.02.2026
90000846;20000264;group;2009;;;PFI-710;;;;;;;;;;;;;;;;;;;;;;;;;;;;;;;20.02.2026
90000847;20000264;group;2009;;;C-EXV 26;;;;;;;;;;;;;;;;;;;;;;;;;;;;;;;20.02.2026
90000848;20000264;group;2009;;;C-EXV 17;;;;;;;;;;;;;;;;;;;;;;;;;;;;;;;20.02.2026
90000849;20000264;group;2009;;;BCI-1401;;;;;;;;;;;;;;;;;;;;;;;;;;;;;;;20.02.2026
90000850;20000264;group;2009;;;BCI-1421;;;;;;;;;;;;;;;;;;;;;;;;;;;;;;;20.02.2026
90000851;20000264;group;2009;;;GI-490;;;;;;;;;;;;;;;;;;;;;;;;;;;;;;;20.02.2026
90000852;20000264;group;2009;;;731;;;;;;;;;;;;;;;;;;;;;;;;;;;;;;;20.02.2026
90000853;20000264;group;2009;;;PGI-2500 XL;;;;;;;;;;;;;;;;;;;;;;;;;;;;;;;20.02.2026
90000854;20000264;group;2009;;;EP-86;;;;;;;;;;;;;;;;;;;;;;;;;;;;;;;20.02.2026
90000855;20000264;group;2009;;;BCI-1101;;;;;;;;;;;;;;;;;;;;;;;;;;;;;;;20.02.2026
50103045;;text;;;;/4MIN;;;;;;;;;;;;;;;;;;;;;;;;;;;;;;;20.02.2026
50107295;20000264;item;145131000;;;S 820 Series;;;;;;;;;;;820;;;;;;;;;;;;T;;;;;;;;20.02.2026
90000977;20001164;group;2009;;;TN-627;;;;;;;;;;;;;;;;;;;;;;;;;;;;;;;20.02.2026
50121920;;text;;;;/TYPESEARCH;;;;;;;;;;;;;;;;;;;;;;;;;;;;;;;20.02.2026
50084911;20000264;item;145222400;0621 B 029;CLI-8;Ink cartridge multi pack C,M,Y;;3x13ml;cyan magenta yellow;1505;;;ISO/IEC 24711;;;;3;;;;;;;;;;;F;;F;;;;;;;20.02.2026
50121874;20000886;group;2007;;;ES;;;;;;;;;;;2;;;;;;;;;;;;;;;;;;;;20.02.2026
50199321;;text;145265100;;;STEMPEL;;;;;;;;;;;;;;;;;;;;;;F;;;;;;;;;20.02.2026
50142102;20000264;item;145131000;;;I 560 Series;;;;;;;;;;;560;;;;;;;;;;;;T;;;;;;;;20.02.2026
50337566;;text;145261000;;;P-TOUCH;;;;;;;;;;;;;;;;;;;;;;F;;;;;;;;;20.02.2026
50364336;;text;145330000;;;P-TOUCH ETIKETTEN;;;;;;;;;;;;;;;;;;;;;;F;F;F;F;F;;;;;20.02.2026
90000861;20000264;group;2009;;;701;;;;;;;;;;;;;;;;;;;;;;;;;;;;;;;20.02.2026
90000863;20000264;group;2009;;;C-EXV 44;;;;;;;;;;;;;;;;;;;;;;;;;;;;;;;20.02.2026
90000864;20000264;group;2009;;;C-EXV 45;;;;;;;;;;;;;;;;;;;;;;;;;;;;;;;20.02.2026
90000865;20000264;group;2009;;;CLI-226;;;;;;;;;;;;;;;;;;;;;;;;;;;;;;;20.02.2026
90000866;20000264;group;2009;;;729;;;;;;;;;;;;;;;;;;;;;;;;;;;;;;;20.02.2026
90000904;20000264;group;2009;;;045;;;;;;;;;;;;;;;;;;;;;;;;;;;;;;;20.02.2026
90000905;20000264;group;2009;;;046H;;;;;;;;;;;;;;;;;;;;;;;;;;;;;;;20.02.2026
90000906;20000264;group;2009;;;C-EXV 55;;;;;;;;;;;;;;;;;;;;;;;;;;;;;;;20.02.2026
90000907;20000264;group;2009;;;PGI-2500;;;;;;;;;;;;;;;;;;;;;;;;;;;;;;;20.02.2026
90000908;20000264;group;2009;;;PFI-120;;;;;;;;;;;;;;;;;;;;;;;;;;;;;;;20.02.2026
90000909;20000264;group;2009;;;BCI-21;;;;;;;;;;;;;;;;;;;;;;;;;;;;;;;20.02.2026
90000910;20000264;group;2009;;;BCI-12;;;;;;;;;;;;;;;;;;;;;;;;;;;;;;;20.02.2026
90000911;20000264;group;2009;;;BCI-24;;;;;;;;;;;;;;;;;;;;;;;;;;;;;;;20.02.2026
90000912;20000264;group;2009;;;BCI-11;;;;;;;;;;;;;;;;;;;;;;;;;;;;;;;20.02.2026
90000913;20000264;group;2009;;;BCI-15;;;;;;;;;;;;;;;;;;;;;;;;;;;;;;;20.02.2026
90000871;20000264;group;2009;;;C-EXV 2;;;;;;;;;;;;;;;;;;;;;;;;;;;;;;;20.02.2026
90000872;20000264;group;2009;;;BCI-1002;;;;;;;;;;;;;;;;;;;;;;;;;;;;;;;20.02.2026
90000873;20000264;group;2009;;;BCI-5;;;;;;;;;;;;;;;;;;;;;;;;;;;;;;;20.02.2026
90000874;20000264;group;2009;;;PFI-703;;;;;;;;;;;;;;;;;;;;;;;;;;;;;;;20.02.2026
90000875;20000264;group;2009;;;711;;;;;;;;;;;;;;;;;;;;;;;;;;;;;;;20.02.2026
90000876;20000264;group;2009;;;BCI-8;;;;;;;;;;;;;;;;;;;;;;;;;;;;;;;20.02.2026
90000877;20000264;group;2009;;;EP-82;;;;;;;;;;;;;;;;;;;;;;;;;;;;;;;20.02.2026
90000878;20000264;group;2009;;;C-EXV 30;;;;;;;;;;;;;;;;;;;;;;;;;;;;;;;20.02.2026
90000879;20000264;group;2009;;;PGI-1500 XL;;;;;;;;;;;;;;;;;;;;;;;;;;;;;;;20.02.2026
50148021;;text;;;;DOUBLE SLIP;;;;;;;ISO/IEC 19798;;;;3;1000;;;;;;;;;;;;;;;;;;;20.02.2026
50144701;20001400;item;145142000;;;T-Fax 8400 Series;;;;;;;;;;;8400;;;;;;;;;;;;T;;;;;;;;20.02.2026
50145483;20000264;item;145142000;;;Fax L 380 Series;;;;;;;;;;;380;;;;;;;;;;;;T;;;;;;;;20.02.2026
50146800;;text;145164000;;;*ZLPP;;;;;;;;;;;;;;;;;;;;;;;F;;;;;;;;20.02.2026
90000867;20000264;group;2009;;;PFI-107;;;;;;;;;;;;;;;;;;;;;;;;;;;;;;;20.02.2026
90000868;20000264;group;2009;;;CLI-581;;;;;;;;;;;;;;;;;;;;;;;;;;;;;;;20.02.2026
90000869;20000264;group;2009;;;046;;;;;;;;;;;;;;;;;;;;;;;;;;;;;;;20.02.2026
50142697;20000886;group;2007;;;Interpret;;;;;;;;;;;1;;;;;;;;;;;;;;;;;;;;20.02.2026
50143254;;text;;;;DATAOLDUPDATE;;;;;;;;;;;;;;;;;;;;;;;;;;;;;;;20.02.2026
50097327;;text;;;;BUILD_CROSSSELLING;;;;;;;;;;;2;;;;;;;;;;;;;;;;;;;;20.02.2026
50091464;;text;145193000;;;*ZZLG;;;;;;;;;;;;;;;;;;;;;;;;;;;;;;;20.02.2026
50091479;;text;145267000;;;LAMINIERFOLIE;;;;;;;;;;;;;;;;;;;;;;F;;;;;;;;;20.02.2026
90000962;20001484;group;2009;;;CK-5515;;;;;;;;;;;;;;;;;;;;;;;;;;;;;;;20.02.2026
90000963;20001484;group;2009;;;CK-8516;;;;;;;;;;;;;;;;;;;;;;;;;;;;;;;20.02.2026
90000809;20000264;group;2009;;;CLI-426;;;;;;;;;;;;;;;;;;;;;;;;;;;;;;;20.02.2026
50382922;;text;;;;/RESETPWSUCCESSFUL;;;;;;;;;;;;;;;;;;;;;;;;;;;;;;;20.02.2026
50130884;20000264;item;145123000;;;i-SENSYS MF 4690;;;;;;;;;;;4690;;;;;;;;;;;;F;;;;;;;;20.02.2026
50136504;20000264;item;145123000;;;Laserbase MF 3200 Series;;;;;;;;;;;3200;;;;;;;;;;;;T;;;;;;;;20.02.2026
50139435;20000264;item;145142000;;;Faxphone L 100;;;;;;;;;;;100;;;;;;;;;;;;T;;;;;;;;20.02.2026
50139061;;text;;;;AUTOMATICSERIES;;;;;;;;;;;;;;;;;;;;;;;;;;;;;;;20.02.2026
90000828;20000264;group;2009;;;PGI-1400 XL;;;;;;;;;;;;;;;;;;;;;;;;;;;;;;;20.02.2026
50115785;20000264;item;145142000;;;Faxphone L 160;;;;;;;;;;;160;;;;;;;;;;;;T;;;;;;;;20.02.2026
90000961;20000593;group;2009;;;GS3;;;;;;;;;;;;;;;;;;;;;;;;;;;;;;;20.02.2026
90000829;20000264;group;2009;;;PFI-307;;;;;;;;;;;;;;;;;;;;;;;;;;;;;;;20.02.2026
90000830;20000264;group;2009;;;C-EXV 54;;;;;;;;;;;;;;;;;;;;;;;;;;;;;;;20.02.2026
50117249;20000264;item;145131000;;;Pixma IP 4600 Series;;;;;;;;;;;4600;;;;;;;;;;;;T;;;;;;;;20.02.2026
90000831;20000264;group;2009;;;PFI-320;;;;;;;;;;;;;;;;;;;;;;;;;;;;;;;20.02.2026
90000832;20000264;group;2009;;;PFI-303;;;;;;;;;;;;;;;;;;;;;;;;;;;;;;;20.02.2026
90000833;20000264;group;2009;;;707;;;;;;;;;;;;;;;;;;;;;;;;;;;;;;;20.02.2026
90000834;20000264;group;2009;;;PFI-105;;;;;;;;;;;;;;;;;;;;;;;;;;;;;;;20.02.2026
90000835;20000264;group;2009;;;EP-87;;;;;;;;;;;;;;;;;;;;;;;;;;;;;;;20.02.2026
90000836;20000264;group;2009;;;PFI-101;;;;;;;;;;;;;;;;;;;;;;;;;;;;;;;20.02.2026
90000837;20000264;group;2009;;;BJI-643;;;;;;;;;;;;;;;;;;;;;;;;;;;;;;;20.02.2026
90000838;20000264;group;2009;;;CLI-451;;;;;;;;;;;;;;;;;;;;;;;;;;;;;;;20.02.2026
90000839;20000264;group;2009;;;732;;;;;;;;;;;;;;;;;;;;;;;;;;;;;;;20.02.2026
90000840;20000264;group;2009;;;045H;;;;;;;;;;;;;;;;;;;;;;;;;;;;;;;20.02.2026
90000841;20000264;group;2009;;;C-EXV 49;;;;;;;;;;;;;;;;;;;;;;;;;;;;;;;20.02.2026
90000842;20000264;group;2009;;;718;;;;;;;;;;;;;;;;;;;;;;;;;;;;;;;20.02.2026
50126925;20000851;group;2007;;;PPM;;;;;;;;;;;1;;;;;;;;;;;;;;;;;;;;20.02.2026
90000824;20000264;group;2009;;;T01;;;;;;;;;;;;;;;;;;;;;;;;;;;;;;;20.02.2026
90000825;20000264;group;2009;;;PFI-106;;;;;;;;;;;;;;;;;;;;;;;;;;;;;;;20.02.2026
50115509;20000886;group;2007;;;CS;;;;;;;;;;;2;;;;;;;;;;;;;;;;;;;;20.02.2026
90000826;20000264;group;2009;;;PFI-207;;;;;;;;;;;;;;;;;;;;;;;;;;;;;;;20.02.2026
90000804;20000264;group;2009;;;BJI-P 600;;;;;;;;;;;;;;;;;;;;;;;;;;;;;;;20.02.2026
90000805;20000264;group;2009;;;PFI-304;;;;;;;;;;;;;;;;;;;;;;;;;;;;;;;20.02.2026
90000806;20000264;group;2009;;;PFI-704;;;;;;;;;;;;;;;;;;;;;;;;;;;;;;;20.02.2026
90000807;20000264;group;2009;;;716;;;;;;;;;;;;;;;;;;;;;;;;;;;;;;;20.02.2026
90000808;20000264;group;2009;;;C-EXV 8;;;;;;;;;;;;;;;;;;;;;;;;;;;;;;;20.02.2026
90000827;20000264;group;2009;;;C-EXV 51;;;;;;;;;;;;;;;;;;;;;;;;;;;;;;;20.02.2026
50118557;20001214;group;2007;;;Priport DX;;;;;;;;;;;1;;;;;;;;;;;;;;;;;;;;20.02.2026
90000934;20000728;group;2009;;;638;;;;;;;;;;;;;;;;;;;;;;;;;;;;;;;20.02.2026
50116078;20001240;group;2007;;;Myjet Plus MJC;;;;;;;;;;;2;;;;;;;;;;;;;;;;;;;;20.02.2026
50117434;20000264;item;145131000;;;Pixma IP 6600 Series;;;;;;;;;;;6600;;;;;;;;;;;;T;;;;;;;;20.02.2026
50112497;20000264;item;145131000;;;Pixma IP 4200 Series;;;;;;;;;;;4200;;;;;;;;;;;;T;;;;;;;;20.02.2026
50086339;;text;145214100;;;TRANSFER-BELT;;;;;;;;;;;;;;;;;;;;;;F;;F;;;;;;;20.02.2026
50087135;20000264;item;145123000;;;Laserbase MF 3112;;;;;;;;;;;3112;;;;;;;;;;;;F;;;;;;;;20.02.2026
50087136;20000264;item;145123000;;;Laserbase MF 3222;;;;;;;;;;;3222;;;;;;;;;;;;F;;;;;;;;20.02.2026
50147023;20000886;group;2007;;;Prospect;;;;;;;;;;;1;;;;;;;;;;;;;;;;;;;;20.02.2026
50135381;20000728;group;2007;;;Envy;;;;;;;;;;;1;;;;;;;;;;;;;;;;;;;;20.02.2026
90000901;20000264;group;2009;;;EP-83;;;;;;;;;;;;;;;;;;;;;;;;;;;;;;;20.02.2026
90000902;20000264;group;2009;;;C-EXV 47;;;;;;;;;;;;;;;;;;;;;;;;;;;;;;;20.02.2026
90000903;20000264;group;2009;;;PFI-306;;;;;;;;;;;;;;;;;;;;;;;;;;;;;;;20.02.2026
50135007;20000264;item;145131000;;;Pixma IX 4000 Series;;;;;;;;;;;4000;;;;;;;;;;;;T;;;;;;;;20.02.2026
50133237;20000264;item;145123000;;;i-SENSYS MF 3228;;;;;;;;;;;3228;;;;;;;;;;;;F;;;;;;;;20.02.2026
90000892;20000264;group;2009;;;CLI-251;;;;;;;;;;;;;;;;;;;;;;;;;;;;;;;20.02.2026
90000893;20000264;group;2009;;;GI-590;;;;;;;;;;;;;;;;;;;;;;;;;;;;;;;20.02.2026
90000894;20000264;group;2009;;;PGI-2400 XL;;;;;;;;;;;;;;;;;;;;;;;;;;;;;;;20.02.2026
90000895;20000264;group;2009;;;C-EXV 20;;;;;;;;;;;;;;;;;;;;;;;;;;;;;;;20.02.2026
90000896;20000264;group;2009;;;CLI-221;;;;;;;;;;;;;;;;;;;;;;;;;;;;;;;20.02.2026
90000897;20000264;group;2009;;;EP-85;;;;;;;;;;;;;;;;;;;;;;;;;;;;;;;20.02.2026
90000898;20000264;group;2009;;;C-EXV 16;;;;;;;;;;;;;;;;;;;;;;;;;;;;;;;20.02.2026
90000899;20000264;group;2009;;;T02;;;;;;;;;;;;;;;;;;;;;;;;;;;;;;;20.02.2026
90000900;20000264;group;2009;;;C-EXV 10;;;;;;;;;;;;;;;;;;;;;;;;;;;;;;;20.02.2026
90000880;20000264;group;2009;;;GI-290;;;;;;;;;;;;;;;;;;;;;;;;;;;;;;;20.02.2026
90000881;20000264;group;2009;;;C-EXV 48;;;;;;;;;;;;;;;;;;;;;;;;;;;;;;;20.02.2026
90000882;20000264;group;2009;;;BJI-P 300;;;;;;;;;;;;;;;;;;;;;;;;;;;;;;;20.02.2026
90000883;20000264;group;2009;;;BCI-6;;;;;;;;;;;;;;;;;;;;;;;;;;;;;;;20.02.2026
90000884;20000264;group;2009;;;PGI-1500;;;;;;;;;;;;;;;;;;;;;;;;;;;;;;;20.02.2026
34001112;20000728;group;2007;;;PageWide;;;;;;;;;;;1;;;;;;;;;;;;;;;;;;;;20.02.2026
50091005;;text;145214300;;;CHARGER-KIT;;;;;;;;;;;;;;;;;;;;;;F;;F;;;;;;;20.02.2026
50090814;;text;145261200;;;DIRECTLABEL ETIKETTEN;;;;;;;;;;;;;;;;;;;;;;F;;;;;;;;;20.02.2026
50143155;;text;145231260;;;CROSSSELLING ID;;;;;;;;;;;;;;;;;;;;;;F;;;;;;;;;20.02.2026
50091097;20000264;item;145211100;0263 B 001;FX-9;Toner cartridge black;;;black;1176;5247;;;;;;;2000;;;;;;;;;;F;;F;;;;;;;20.02.2026
50082199;20000120;group;2007;;;Personal Laserwriter;;;;;;;;;;;1;;;;;;;;;;;;;;;;;;;;20.02.2026
50082200;20000120;group;2007;;;Color Stylewriter;;;;;;;;;;;1;;;;;;;;;;;;;;;;;;;;20.02.2026
50082201;20000120;group;2007;;;Imagewriter;;;;;;;;;;;1;;;;;;;;;;;;;;;;;;;;20.02.2026
50082202;20000120;group;2007;;;Stylewriter;;;;;;;;;;;1;;;;;;;;;;;;;;;;;;;;20.02.2026
50082203;20000120;group;2007;;;Laserwriter;;;;;;;;;;;1;;;;;;;;;;;;;;;;;;;;20.02.2026
50198155;20000499;group;2007;;;A;;;;;;;;;;;1;;;;;;;;;;;;;;;;;;;;20.02.2026
50198427;20001535;group;2007;;;WC;;;;;;;;;;;1;;;;;;;;;;;;;;;;;;;;20.02.2026
50080973;20002389;group;2007;;;Gelsprinter;;;;;;;;;;;1;;;;;;;;;;;;;;;;;;;;20.02.2026
50081998;;text;;;;NR;;;;;;;;;;;;;;;;;;;;;;;;;;;;;;;20.02.2026
50105652;;text;145218400;;;REINIGUNGS-KIT;;;;;;;;;;;;;;;;;;;;;;F;;F;;;;;;;20.02.2026
50102408;20000593;group;2007;;;Expression Home;;;;;;;;;;;1;;;;;;;;;;;;;;;;;;;;20.02.2026
90000856;20000264;group;2009;;;C-EXV 25;;;;;;;;;;;;;;;;;;;;;;;;;;;;;;;20.02.2026
90000857;20000264;group;2009;;;BCI-1201;;;;;;;;;;;;;;;;;;;;;;;;;;;;;;;20.02.2026
90000858;20000264;group;2009;;;BCI-1411;;;;;;;;;;;;;;;;;;;;;;;;;;;;;;;20.02.2026
90000859;20000264;group;2009;;;PFI-301;;;;;;;;;;;;;;;;;;;;;;;;;;;;;;;20.02.2026
90000860;20000264;group;2009;;;PFI-701;;;;;;;;;;;;;;;;;;;;;;;;;;;;;;;20.02.2026
90001303;20001067;group;2009;;;P1;;;;;;;;;;;;;;;;;;;;;;;;;;;;;;;20.02.2026
50147769;20000264;item;145142000;;;Faxphone L 140;;;;;;;;;;;140;;;;;;;;;;;;T;;;;;;;;20.02.2026
50103170;20001240;group;2007;;;Xpress;;;;;;;;;;;2;;;;;;;;;;;;;;;;;;;;20.02.2026
50148528;;text;145247000;;;THERMO-TRANSFER ETIKETTEN;;;;;;;;;;;;;;;;;;;;;;F;;;;;;;;;20.02.2026
50146640;20000264;item;145123000;;;Laserbase MF 3100 Series;;;;;;;;;;;3100;;;;;;;;;;;;T;;;;;;;;20.02.2026
50100557;20000886;group;2007;;;Prevail;;;;;;;;;;;1;;;;;;;;;;;;;;;;;;;;20.02.2026
50097942;20000593;group;2007;;;Expression Premium;;;;;;;;;;;1;;;;;;;;;;;;;;;;;;;;20.02.2026
50098301;20000264;item;145123000;;;i-SENSYS MF 4018;;;;;;;;;;;4018;;;;;;;;;;;;F;;;;;;;;20.02.2026
50100445;20000851;group;2007;;;ESP;;;;;;;;;;;1;;;;;;;;;;;;;;;;;;;;20.02.2026
90000810;20000264;group;2009;;;C-EXV 34;;;;;;;;;;;;;;;;;;;;;;;;;;;;;;;20.02.2026
90000811;20000264;group;2009;;;C-EXV 52;;;;;;;;;;;;;;;;;;;;;;;;;;;;;;;20.02.2026
90000812;20000264;group;2009;;;PFI-707;;;;;;;;;;;;;;;;;;;;;;;;;;;;;;;20.02.2026
90000813;20000264;group;2009;;;C-EXV 24;;;;;;;;;;;;;;;;;;;;;;;;;;;;;;;20.02.2026
90000814;20000264;group;2009;;;502;;;;;;;;;;;;;;;;;;;;;;;;;;;;;;;20.02.2026
90000815;20000264;group;2009;;;BCI-1302;;;;;;;;;;;;;;;;;;;;;;;;;;;;;;;20.02.2026
90000816;20000264;group;2009;;;PFI-102;;;;;;;;;;;;;;;;;;;;;;;;;;;;;;;20.02.2026
90000817;20000264;group;2009;;;C-EXV 19;;;;;;;;;;;;;;;;;;;;;;;;;;;;;;;20.02.2026
90000818;20000264;group;2009;;;BCI-1431;;;;;;;;;;;;;;;;;;;;;;;;;;;;;;;20.02.2026
90000819;20000264;group;2009;;;C-EXV 29;;;;;;;;;;;;;;;;;;;;;;;;;;;;;;;20.02.2026
90000820;20000264;group;2009;;;C-EXV 31;;;;;;;;;;;;;;;;;;;;;;;;;;;;;;;20.02.2026
90000821;20000264;group;2009;;;040;;;;;;;;;;;;;;;;;;;;;;;;;;;;;;;20.02.2026
90000822;20000264;group;2009;;;PFI-706;;;;;;;;;;;;;;;;;;;;;;;;;;;;;;;20.02.2026
90000823;20000264;group;2009;;;034;;;;;;;;;;;;;;;;;;;;;;;;;;;;;;;20.02.2026
90000798;20000264;group;2009;;;CLI-521;;;;;;;;;;;;;;;;;;;;;;;;;;;;;;;20.02.2026
90000799;20000264;group;2009;;;CLI-8;;;;;;;;;;;;;;;;;;;;;;;;;;;;;;;20.02.2026
90000800;20000264;group;2009;;;CLI-42;;;;;;;;;;;;;;;;;;;;;;;;;;;;;;;20.02.2026
90000801;20000264;group;2009;;;CLI-526;;;;;;;;;;;;;;;;;;;;;;;;;;;;;;;20.02.2026
90000802;20000264;group;2009;;;CLI-551;;;;;;;;;;;;;;;;;;;;;;;;;;;;;;;20.02.2026
90000803;20000264;group;2009;;;CLI-571;;;;;;;;;;;;;;;;;;;;;;;;;;;;;;;20.02.2026
50101903;20000886;group;2007;;;OfficeEdge;;;;;;;;;;;2;;;;;;;;;;;;;;;;;;;;20.02.2026
50101437;20000264;item;145222400;0624 B 026;CLI-8 PCPM;Ink cartridge bundle PC+PM;;;no color;;;;;;;;2;450;;;13;;;;;;;F;;F;;;;;;;20.02.2026
50099319;20000851;group;2007;;;Ektaprint;;;;;;;;;;;1;;;;;;;;;;;;;;;;;;;;20.02.2026
50100731;20000264;item;145142000;;;Faxphone L 190;;;;;;;;;;;190;;;;;;;;;;;;T;;;;;;;;20.02.2026
90000885;20000264;group;2009;;;C-EXV 21;;;;;;;;;;;;;;;;;;;;;;;;;;;;;;;20.02.2026
90000886;20000264;group;2009;;;PFI-310;;;;;;;;;;;;;;;;;;;;;;;;;;;;;;;20.02.2026
50098596;20000886;group;2007;;;Prestige;;;;;;;;;;;1;;;;;;;;;;;;;;;;;;;;20.02.2026
50097901;20001214;group;2007;;;Aficio MP W;;;;;;;;;;;1;;;;;;;;;;;;;;;;;;;;20.02.2026
90000887;20000264;group;2009;;;PFI-110;;;;;;;;;;;;;;;;;;;;;;;;;;;;;;;20.02.2026
90000888;20000264;group;2009;;;C-EXV 9;;;;;;;;;;;;;;;;;;;;;;;;;;;;;;;20.02.2026
90000889;20000264;group;2009;;;C-EXV 28;;;;;;;;;;;;;;;;;;;;;;;;;;;;;;;20.02.2026
90000890;20000264;group;2009;;;723;;;;;;;;;;;;;;;;;;;;;;;;;;;;;;;20.02.2026
90000891;20000264;group;2009;;;PFI-206;;;;;;;;;;;;;;;;;;;;;;;;;;;;;;;20.02.2026
50101231;20000499;group;2007;;;S;;;;;;;;;;;1;;;;;;;;;;;;;;;;;;;;20.02.2026
34001636;20000264;group;2007;;;WG;;;;;;;;;;;1;;;;;;;;;;;;;;;;;;;;20.02.2026
50084221;20000264;item;145123000;;;i-SENSYS MF 4122;;;;;;;;;;;4122;;;;;;;;;;;;F;;;;;;;;20.02.2026
50084222;20000264;item;145123000;;;i-SENSYS MF 4650;;;;;;;;;;;4650;;;;;;;;;;;;F;;;;;;;;20.02.2026
50084388;;text;145590000;;;ERSATZTEIL;;;;;;;;;;;;;;;;;;;;;;;;;;;;;;;20.02.2026
50081409;;text;145268000;;;NETZTEIL;;;;;;;;;;;;;;;;;;;;;;F;;F;;;;;;;20.02.2026
50093943;20000264;item;145222110;2932 B 012;PGI-520 PGBK;Ink cartridge black pigmented twin pack;;;black;;;;ISO/IEC 24711;;;;2;324;;;19;;;;;;;F;;F;;;;;;;20.02.2026
50141292;20000886;group;2007;;;Pinnacle;;;;;;;;;;;1;;;;;;;;;;;;;;;;;;;;20.02.2026
50197540;20000264;item;145121000;;;Lasershot LBP-3200 Series;;;;;;;;;;;3200;;;;;;;;;;;;T;;;;;;;;20.02.2026
90001298;50096914;group;2009;;;CDL-2300;;;;;;;;;;;;;;;;;;;;;;;;;;;;;;;20.02.2026
90001299;50096914;group;2009;;;CTL-2300;;;;;;;;;;;;;;;;;;;;;;;;;;;;;;;20.02.2026
50110112;20000851;group;2007;;;Personal Picture Maker;;;;;;;;;;;1;;;;;;;;;;;;;;;;;;;;20.02.2026
50106363;20000264;item;145123000;;;Laserbase MF 5600 Series;;;;;;;;;;;5600;;;;;;;;;;;;T;;;;;;;;20.02.2026
50135148;20001109;item;145222400;4105615;C36C37;Ink cartridge multi pack black PGI+CLI;;;black;1509;;;;;;;2;3425;;;9;;;;;;;T;;F;;;;;;;20.02.2026
50132031;20000264;item;145132000;;;Pixma MP 640 Series;;;;;;;;;;;640;;;;;;;;;;;;T;;;;;;;;20.02.2026
50169401;20000264;item;145131000;;;Pixma IP 4500 Series;;;;;;;;;;;4500;;;;;;;;;;;;T;;;;;;;;20.02.2026
145269000;;group;2001;;;Others;;;no color;;;;;;;;;84439990;;;;;;;;;;;;;;;;;;;20.02.2026
145261500;;group;2001;;;Format-etikettes;20-35-03-02;;no color;;;;;;;;;84439990;;;;;;;;;;;;;;;;;;;20.02.2026
50290004;;text;145261500;;;FORMAT-ETIKETTEN;;;no color;;;;;;;;;;;;;;;;;;;;;;;;;;;;20.02.2026
34001887;20000229;group;2007;;;TD;;;;;;;;;;;1;;;;;;;;;;;;;;;;;;;;20.02.2026
50457844;;text;;;;WACHS;;;;;;;;;;;;;;;;;;;;;;;;F;F;F;;;;;20.02.2026
50426920;;text;;;;HARZ;;;;;;;;;;;;;;;;;;;;;;;;F;F;F;;;;;20.02.2026
50405473;;text;;;;RECYCLINGTYPE;;;;;;;;;;;;;;;;;;;;;;;;F;F;F;;;;;20.02.2026
50339918;;text;;;;/LOGINTITLE;;;;;;;;;;;;;;;;;;;;;;;;;;;;;;;20.02.2026
50373358;;text;;;;/NOTREGISTERED;;;;;;;;;;;;;;;;;;;;;;;;;;;;;;;20.02.2026
50388418;;text;;;;/FORGOTPASSWORD;;;;;;;;;;;;;;;;;;;;;;;;;;;;;;;20.02.2026
50301961;;text;;;;/RESETPASSWORD;;;;;;;;;;;;;;;;;;;;;;;;;;;;;;;20.02.2026
50308311;;text;;;;/PASSWORD;;;;;;;;;;;;;;;;;;;;;;;;;;;;;;;20.02.2026
90000921;20000728;group;2009;;;912;;;;;;;;;;;;;;;;;;;;;;;;;;;;;;;20.02.2026
50187027;20000264;item;145132000;;;Pixma MP 600 Series;;;;;;;;;;;600;;;;;;;;;;;;T;;;;;;;;20.02.2026
50166327;20000264;item;145123000;;;i-SENSYS MF 4300 Series;;;;;;;;;;;4300;;;;;;;;;;;;T;;;;;;;;20.02.2026
50168728;20000264;group;2007;;;Smartbase MF;;;;;;;;;;;1;;;;;;;;;;;;;;;;;;;;20.02.2026
50184262;20000264;item;145123000;;;i-SENSYS MF 4100 Series;;;;;;;;;;;4100;;;;;;;;;;;;T;;;;;;;;20.02.2026
50171055;20001400;item;145142000;;;T-Fax 8600 Series;;;;;;;;;;;8600;;;;;;;;;;;;T;;;;;;;;20.02.2026
34000932;20000229;group;2007;;;HL-L;;;;;;;;;;;1;;;;;;;;;;;;;;;;;;;;20.02.2026
34000933;20000229;group;2007;;;HL-S;;;;;;;;;;;1;;;;;;;;;;;;;;;;;;;;20.02.2026
34001424;20000593;group;2007;;;Expression Photo;;;;;;;;;;;1;;;;;;;;;;;;;;;;;;;;20.02.2026
90001185;20001214;group;2009;;;P C600;;;;;;;;;;;;;;;;;;;;;;;;;;;;;;;20.02.2026
50526112;;text;;;;/HERSTELLERS;;;;;;;;;;;;;;;;;;;;;;;;;;;;;;;20.02.2026
50545366;;text;;;;/PRIVACYPOLICY;;;;;;;;;;;;;;;;;;;;;;;;;;;;;;;20.02.2026
50372390;;text;;;;COMPATIBLE;;;;;;;;;;;;;;;;;;;;;;;;;;;;;;;20.02.2026
50284022;20000264;item;145222400;2933 B 010;CLI-521;Ink cartridge multi pack C,M,Y + Photopaper 10x15cm 50 sheet;;;cyan magenta yellow;;;;ISO/IEC 24711;;;;3;446;;;9;;;;;;;F;;F;;;;;;;20.02.2026
50522830;;text;145320000;;;SELBSTLAMINIEREND;;;;;;;;;;;;;;;;;;;;;;F;F;F;F;F;;;;;20.02.2026
50282638;20001109;item;145221110;4105684;C41;Printhead cartridge black;;;black;1500;;;;;;;;24;;;24;;;;;;;T;;F;;;;;;;20.02.2026
50290105;20000681;group;2007;;;MP C;;;;;;;;;;;1;;;;;;;;;;;;;;;;;;;;20.02.2026
90001211;20000728;group;2009;;;873;;;;;;;;;;;;;;;;;;;;;;;;;;;;;;;20.02.2026
99900435;;text;;;;POLYESTERFOLIE;;;;;;;;;;;;;;;;;;;;;;;;;;;;;;;20.02.2026
99900436;;text;;;;POSITIV;;;;;;;;;;;;;;;;;;;;;;;;;;;;;;;20.02.2026
99900437;;text;145310000;;;PRAESENTATIONSPAPIER;;;;;;;;;;;;;;;;;;;;;;;F;;;;;;;;20.02.2026
145222400;;group;2001;;;Ink cartridge multi pack;19-14-06-05;24-20-01-01;no color;;;;;;;;2;32159020;;;;;;;;;;;;;;;;;;;20.02.2026
145222500;;group;2001;;;Ink waste box;19-14-06-05;24-20-01-01;no color;;;;;;;;2;32159020;;;;;;;;;;;;;;;;;;;20.02.2026
145222600;;group;2001;;;Ink Others;19-14-06-05;24-20-01-01;no color;;;;;;;;2;32159020;;;;;;;;;;;;;;;;;;;20.02.2026
145223000;;group;2001;;;Dry ink in color-stix;19-14-06-12;24-20-01-04;color;;;;;;;;2;32159020;;;;;;;;;;;;;;;;;;;20.02.2026
145226000;;group;2001;;;Refill-kit;19-14-06-06;24-20-01-02;no color;;;;;;;;2;84439990;;;;;;;;;;;;;;;;;;;20.02.2026
145229200;;group;2001;;;Color option;19-14-92-90;;no color;;;;;;;;2;84439990;;;;;;;;;;;;;;;;;;;20.02.2026
145229300;;group;2001;;;Printhead box;24-21-08-01;24-21-08-01;no color;;;;;;;;2;84439990;;;;;;;;;;;;;;;;;;;20.02.2026
145227000;;group;2001;;;Photo-kit;19-14-92-90;;no color;;;;;;;;2;84439990;;;;;;;;;;;;;;;;;;;20.02.2026
145229100;;group;2001;;;Scanhead;19-14-91-90;24-32-01-91;no color;;;;;;;;2;84439990;;;;;;;;;;;;;;;;;;;20.02.2026
145229000;;group;2001;;;Others InkJet;19-14-06-90;24-20-90-90;no color;;;;;;;;2;84439990;;;;;;;;;;;;;;;;;;;20.02.2026
145230000;;group;2001;;;Dot-matrix;19-14-06-00;24-20-04-00;no color;;;;;;;;;84439990;;;;;;;;;;;;;;;;;;;20.02.2026
145231000;;group;2001;;;Ribbon / Colorroll;19-14-06-11;24-20-04-02;black;;;;;;;;;84439990;;;;;;;;;;;;;;;;;;;20.02.2026
145231100;;group;2001;;;Ribbon;19-14-06-11;24-20-04-02;black;;;;;;;;2;84439990;;;;;;;;;;;;;;;;;;;20.02.2026
145231200;;group;2001;;;Nylon;19-14-06-11;24-20-04-02;black;;;;;;;;;84439990;;;;;;;;;;;;;;;;;;;20.02.2026
145231210;;group;2001;;;Nylon black;19-14-06-11;24-20-04-02;black;;;;;;;;2;84439990;;;;;;;;;;;;;;;;;;;20.02.2026
145231220;;group;2001;;;Nylon black+red;19-14-06-11;24-20-04-02;black red;;;;;;;;2;84439990;;;;;;;;;;;;;;;;;;;20.02.2026
145231230;;group;2001;;;Nylon purple;19-14-06-11;24-20-04-02;purple;;;;;;;;2;84439990;;;;;;;;;;;;;;;;;;;20.02.2026
145231240;;group;2001;;;Nylon color;19-14-06-11;24-20-04-02;color;;;;;;;;2;84439990;;;;;;;;;;;;;;;;;;;20.02.2026
145231250;;group;2001;;;Nylon blue;19-14-06-11;24-20-04-02;blue;;;;;;;;2;84439990;;;;;;;;;;;;;;;;;;;20.02.2026
99900181;;text;;;;???;;;;;;;;;;;;;;;;;;;;;;;;;;;;;;;20.02.2026
99900217;;text;;;;1/2-ZOLL;;;;;;;;;;;;;;;;;;;;;;;;;;;;;;;20.02.2026
99900218;;text;;;;10Y;;;;;;;;;;;;;;;;;;;;;;;;;;;;;;;20.02.2026
99900219;;text;;;;11Y;;;;;;;;;;;;;;;;;;;;;;;;;;;;;;;20.02.2026
99900220;;text;;;;13Y;;;;;;;;;;;;;;;;;;;;;;;;;;;;;;;20.02.2026
99900221;;text;;;;14Y;;;;;;;;;;;;;;;;;;;;;;;;;;;;;;;20.02.2026
99900222;;text;;;;15Y;;;;;;;;;;;;;;;;;;;;;;;;;;;;;;;20.02.2026
99900223;;text;;;;18Y;;;;;;;;;;;;;;;;;;;;;;;;;;;;;;;20.02.2026
99900224;;text;;;;20Y;;;;;;;;;;;;;;;;;;;;;;;;;;;;;;;20.02.2026
99900225;;text;;;;21Y;;;;;;;;;;;;;;;;;;;;;;;;;;;;;;;20.02.2026
99900226;;text;;;;22Y;;;;;;;;;;;;;;;;;;;;;;;;;;;;;;;20.02.2026
99900227;;text;;;;25Y;;;;;;;;;;;;;;;;;;;;;;;;;;;;;;;20.02.2026
99900228;;text;;;;28Y;;;;;;;;;;;;;;;;;;;;;;;;;;;;;;;20.02.2026
99900229;;text;;;;30Y;;;;;;;;;;;;;;;;;;;;;;;;;;;;;;;20.02.2026
99900230;;text;;;;33Y;;;;;;;;;;;;;;;;;;;;;;;;;;;;;;;20.02.2026
99900231;;text;;;;3FARB;;;;;;;;;;;;;;;;;;;;;;;;;;;;;;;20.02.2026
99900234;;text;;;;40Y;;;;;;;;;;;;;;;;;;;;;;;;;;;;;;;20.02.2026
99900235;;text;;;;44Y;;;;;;;;;;;;;;;;;;;;;;;;;;;;;;;20.02.2026
99900503;;text;145214300;;;TRANSFER-CORONA;;;;;;;;;;;;;;;;;;;;;;;;F;;;;;;;20.02.2026
99900504;;text;145214100;;;TRANSFER-KIT;;;;;;;;;;;;;;;;;;;;;;;;F;;;;;;;20.02.2026
145231260;;group;2001;;;Nylon Others;19-14-06-11;24-20-04-02;black;;;;;;;;2;84439990;;;;;;;;;;;;;;;;;;;20.02.2026
145231300;;group;2001;;;Carbon-ribbon;19-14-06-11;24-20-04-02;black;;;;;;;;2;84439990;;;;;;;;;;;;;;;;;;;20.02.2026
145231400;;group;2001;;;Multistrike;19-14-06-11;24-20-04-02;black;;;;;;;;2;84439990;;;;;;;;;;;;;;;;;;;20.02.2026
145231500;;group;2001;;;Cotton;19-14-06-11;24-20-04-02;black;;;;;;;;2;84439990;;;;;;;;;;;;;;;;;;;20.02.2026
145231600;;group;2001;;;Silk;19-14-06-11;24-20-04-02;black;;;;;;;;2;84439990;;;;;;;;;;;;;;;;;;;20.02.2026
145231700;;group;2001;;;Polyester;19-14-06-11;24-20-04-02;black;;;;;;;;2;84439990;;;;;;;;;;;;;;;;;;;20.02.2026
145231800;;group;2001;;;Colorroll;24-32-05-04;24-20-08-02;black;;;;;;;;2;84439990;;;;;;;;;;;;;;;;;;;20.02.2026
145231900;;group;2001;;;Others;19-14-06-11;24-20-04-02;no color;;;;;;;;2;84439990;;;;;;;;;;;;;;;;;;;20.02.2026
145231910;;group;2001;;;Assorted Colors;19-14-06-11;24-20-04-02;color;;;;;;;;2;84439990;;;;;;;;;;;;;;;;;;;20.02.2026
145231920;;group;2001;;;Electro-thermal-ribbon;19-14-06-11;24-20-04-02;no color;;;;;;;;2;84439990;;;;;;;;;;;;;;;;;;;20.02.2026
145231930;;group;2001;;;Thermal-carbon ribbon;19-14-06-11;24-20-04-02;no color;;;;;;;;2;84439990;;;;;;;;;;;;;;;;;;;20.02.2026
145231940;;group;2001;;;Thermal-carbon roll;19-14-06-11;24-20-04-02;no color;;;;;;;;2;84439990;;;;;;;;;;;;;;;;;;;20.02.2026
145231950;;group;2001;;;Steel Printribbon;19-14-06-11;24-20-04-02;no color;;;;;;;;2;84439990;;;;;;;;;;;;;;;;;;;20.02.2026
145231960;;group;2001;;;refill box;19-14-06-11;24-20-04-02;no color;;;;;;;;2;84439990;;;;;;;;;;;;;;;;;;;20.02.2026
145231970;;group;2001;;;erase-rod;19-14-06-11;24-20-04-02;no color;;;;;;;;2;84439990;;;;;;;;;;;;;;;;;;;20.02.2026
145231980;;group;2001;;;Tape for ironing;24-32-11-05;24-32-12-01;no color;;;;;;;;2;84439990;;;;;;;;;;;;;;;;;;;20.02.2026
145232000;;group;2001;;;Correctable;24-32-03-05;24-20-07-02;no color;;;;;;;;;84439990;;;;;;;;;;;;;;;;;;;20.02.2026
145232100;;group;2001;;;Correctable film;24-32-03-05;24-20-07-02;no color;;;;;;;;2;84439990;;;;;;;;;;;;;;;;;;;20.02.2026
145232200;;group;2001;;;Cover-up-cartridge;24-32-03-05;24-20-07-02;no color;;;;;;;;2;84439990;;;;;;;;;;;;;;;;;;;20.02.2026
145232300;;group;2001;;;Cover-up-tape;24-32-03-05;24-20-07-02;no color;;;;;;;;2;84439990;;;;;;;;;;;;;;;;;;;20.02.2026
145232400;;group;2001;;;lift-off-cassette;24-32-03-05;24-20-07-02;no color;;;;;;;;2;84439990;;;;;;;;;;;;;;;;;;;20.02.2026
145232500;;group;2001;;;Lift-off-tape;24-32-03-05;24-20-07-02;no color;;;;;;;;2;84439990;;;;;;;;;;;;;;;;;;;20.02.2026
145233000;;group;2001;;;Film;19-14-06-11;24-20-04-02;no color;;;;;;;;;84439990;;;;;;;;;;;;;;;;;;;20.02.2026
145234000;;group;2001;;;Daisy wheel;19-14-91-02;24-20-06-06;no color;;;;;;;;;84439990;;;;;;;;;;;;;;;;;;;20.02.2026
145240000;;group;2001;;;Thermal-transfer;19-14-06-00;24-20-03-00;no color;;;;;;;;;84439990;;;;;;;;;;;;;;;;;;;20.02.2026
145241000;;group;2001;;;Thermal-transfer ribbon;19-14-06-11;24-20-04-02;black;;;;;;;;;84439990;;;;;;;;;;;;;;;;;;;20.02.2026
145242000;;group;2001;;;Thermal-transfer film;19-14-06-11;24-20-04-02;black;;;;;;;;;84439990;;;;;;;;;;;;;;;;;;;20.02.2026
99900505;;text;145214200;;;TRANSFER-UNIT;;;;;;;;;;;;;;;;;;;;;;;;F;;;;;;;20.02.2026
99900506;;text;145330000;;;TRANSPARENTETIKETTEN;;;;;;;;;;;;;;;;;;;;;;;F;;;;;;;;20.02.2026
99900507;;text;145320000;;;TRANSPARENTFOLIE;;;;;;;;;;;;;;;;;;;;;;;F;;;;;;;;20.02.2026
99900508;;text;145310000;;;TRANSPARENTPAPIER;;;;;;;;;;;;;;;;;;;;;;;F;;;;;;;;20.02.2026
99900509;;text;145212300;;;TROMMEL-ENTWICKLEREINHEIT;;;;;;;;;;;;;;;;;;;;;;;;F;;;;;;;20.02.2026
99900510;;text;145234000;;;TYPEDRUCKKOPF;;;;;;;;;;;;;;;;;;;;;;;;F;;;;;;;20.02.2026
99900511;;text;;;;UND;;;;;;;;;;;;;;;;;;;;;;;;;;;;;;;20.02.2026
99900512;;text;145310000;;;VELINPAPIER;;;;;;;;;;;;;;;;;;;;;;;F;;;;;;;;20.02.2026
99900513;;text;145200000;;;VERBMAT;;;;;;;;;;;;;;;;;;;;;;;;F;;;;;;;20.02.2026
99900514;;text;;;;VIOLETT;;;;;;;;;;;;;;;;;;;;;;;;;;;;;;;20.02.2026
99900515;;text;145310000;;;VISITENKARTEN;;;;;;;;;;;;;;;;;;;;;;;F;;;;;;;;20.02.2026
99900516;;text;;;;WECHSELTANKS;;;;;;;;;;;;;;;;;;;;;;;;;;;;;;;20.02.2026
99900517;;text;;;;WEISS;;;;;;;;;;;;;;;;;;;;;;;;;;;;;;;20.02.2026
99900518;;text;;;;WIE-GRUPPE;;;;;;;;;;;;;;;;;;;;;;;;;;;;;;;20.02.2026
99900519;;text;;;;YELLOW;;;;;;;;;;;;;;;;;;;;;;;;;;;;;;;20.02.2026
99900520;;text;;;;ZAEHLER;;;;;;;;;;;;;;;;;;;;;;;;;;;;;;;20.02.2026
99900521;;text;;;;ZEICHEN;;;;;;;;;;;;;;;;;;;;;;;;;;;;;;;20.02.2026
99900522;;text;;;;ZIP-PACK;;;;;;;;;;;;;;;;;;;;;;;;;;;;;;;20.02.2026
99900523;;text;;;;ZOLL;;;;;;;;;;;;;;;;;;;;;;;;;;;;;;;20.02.2026
99900524;;text;145400000;;;ZUBEHOER;;;;;;;;;;;;;;;;;;;;;;;;;;;;;;;20.02.2026
99900602;;text;;;;REMANUFACTURED;;;;;;;;;;;;;;;;;;;;;;;;;;;;;;;20.02.2026
99900603;;text;;;;NEUTRAL;;;;;;;;;;;;;;;;;;;;;;;;;;;;;;;20.02.2026
99900604;;text;;;;BRANDNEW;;;black;;;;;;;;;4500;;;;;;;;;;;;;;;;;;;20.02.2026
99900605;;text;;;;SUMME;;;;;;;;;;;;;;;;;;;;;;;;;;;;;;;20.02.2026
99900614;;text;;;;PREMIER;;;;;;;;;;;;;;;;;;;;;;;;;;;;;;;20.02.2026
99900618;;text;;;;PERFORMER;;;;;;;;;;;;;;;;;;;;;;;;;;;;;;;20.02.2026
99900622;;text;;;;RECYCLED;;;;;;;;;;;;;;;;;;;;;;;;;;;;;;;20.02.2026
99900626;;text;;;;ROSA;;;;;;;;;;;;;;;;;;;;;;;;;;;;;;;20.02.2026
99900627;;text;;;;GELOCHT;;;;;;;;;;;;;;;;;;;;;;;;;;;;;;;20.02.2026
99900629;;text;;;;/MEMOS;;;;;;;;;;;;;;;;;;;;;;;;;;;;;;;20.02.2026
99900630;;text;;;;SENSORGEDRUCKT;;;;;;;;;;;;;;;;;;;;;;;;;;;;;;;20.02.2026
99900631;;text;;;;SENSORABZIEHBAR;;;;;;;;;;;;;;;;;;;;;;;;;;;;;;;20.02.2026
99900632;;text;;;;PAPIERRUECKEN;;;;;;;;;;;;;;;;;;;;;;;;;;;;;;;20.02.2026
99900634;;text;;;;#MODIFICATION;;;;;;;;;;;;;;;;;;;;;;;;;;;;;;;20.02.2026
99900651;;text;;;;/DRUCKWERKFAM;;;;;;;;;;;;;;;;;;;;;;;;;;;;;;;20.02.2026
99900652;;text;;;;PREBATE;;;;;;;;;;;;;;;;;;;;;;;;;;;;;;;20.02.2026
99900653;;text;;;;/DISCONNECT;;;;;;;;;;;;;;;;;;;;;;;;;;;;;;;20.02.2026
99900655;;text;145219300;;;HEFTDRAHT;;;;;;;;;;;;;;;;;;;;;;;;F;;;;;;;20.02.2026
99900656;;text;;;;/ACTIVE;;;;;;;;;;;;;;;;;;;;;;;;;;;;;;;20.02.2026
99900657;;text;;;;WACHSSTIFT;;;;;;;;;;;;;;;;;;;;;;;;;;;;;;;20.02.2026
99900658;;text;145510000;;;PICKUP-ROLLER;;;;;;;;;;;;;;;;;;;;;;;;;;;;;;;20.02.2026
99900659;;text;;;;/ANZEIGE;;;;;;;;;;;;;;;;;;;;;;;;;;;;;;;20.02.2026
99900660;;text;;;;HELLWEISS;;;;;;;;;;;;;;;;;;;;;;;;;;;;;;;20.02.2026
99900661;;text;;;;/COST;;;;;;;;;;;;;;;;;;;;;;;;;;;;;;;20.02.2026
99900662;;text;;;;/REGISTER;;;;;;;;;;;;;;;;;;;;;;;;;;;;;;;20.02.2026
99902034;;text;;;;COVERAGE;;;;;;;;;;;;;;;;;;;;;;;;;;;;;;;20.02.2026
99902051;;text;;;;CONTENT_ML;;;;;;;;;;;;;;;;;;;;;;;;;;;;;;;20.02.2026
99902052;;text;;;;DIMENSIONS;;;;;;;;;;;;;;;;;;;;;;;;;;;;;;;20.02.2026
99902053;;text;;;;CARMANO;;;;;;;;;;;;;;;;;;;;;;;;;;;;;;;20.02.2026
99902054;;text;;;;COLORCODE;;;;;;;;;;;;;;;;;;;;;;;;;;;;;;;20.02.2026
99902055;;text;;;;BLISTERCODE;;;;;;;;;;;;;;;;;;;;;;;;;;;;;;;20.02.2026
99902056;;text;;;;ISAVAILABLE;;;;;;;;;;;;;;;;;;;;;;;;;;;;;;;20.02.2026
99902071;;text;;;;POWERPADS;;;;;;;;;;;;;;;;;;;;;;;;;;;;;;;20.02.2026
99902072;;text;145221600;;;STARTER-KIT;;;;;;;;;;;;;;;;;;;;;;F;;;;;;;;;20.02.2026
99902091;;text;;;;PAPIERGEWICHT;;;;;;;;;;;;;;;;;;;;;;;;;;;;;;;20.02.2026
99902092;;text;;;;CONTENT_SHEET;;;;;;;;;;;;;;;;;;;;;;;;;;;;;;;20.02.2026
99902093;;text;;;;NUM_PER_PAGE;;;;;;;;;;;;;;;;;;;;;;;;;;;;;;;20.02.2026
99902094;;text;;;;/FITS_COLORLASER;;;;;;;;;;;;;;;;;;;;;;;;;;;;;;;20.02.2026
99902095;;text;;;;/FITS_LASER;;;;;;;;;;;;;;;;;;;;;;;;;;;;;;;20.02.2026
99902096;;text;;;;/FITS_COPIER;;;;;;;;;;;;;;;;;;;;;;;;;;;;;;;20.02.2026
99902097;;text;;;;/FITS_INKJET;;;;;;;;;;;;;;;;;;;;;;;;;;;;;;;20.02.2026
99902111;;text;;;;CONTRACT;;;;;;;;;;;;;;;;;;;;;;;;;;;;;;;20.02.2026
99902131;;text;;;;ECLASS60;;;;;;;;;;;;;;;;;;;;;;;;;;;;;;;20.02.2026
99902151;;text;;;;CORPORATE;;;;;;;;;;;;;;;;;;;;;;;;;;;;;;;20.02.2026
99902171;;text;145229200;;;COLOR-UPGRADE-KIT;;;;;;;;;;;;;;;;;;;;;;F;;;;;;;;;20.02.2026
99902191;;text;145241000;;;THERMO-TRANSFER-KIT;;;;;;;;;;;;;;;;;;;;;;;;F;;;;;;;20.02.2026
99902192;;text;;;;TEFLON BELT;;;;;;;;;;;;;;;;;;;;;;;;;;;;;;;20.02.2026
99902231;;text;145264000;;;HEISSSCHRUMPFSCHLAUCH;;;;;;;;;;;;;;;;;;;;;;F;;;;;;;;;20.02.2026
99902251;;text;145231980;;;BUEGELBAND;;;;;;;;;;;;;;;;;;;;;;;;F;;;;;;;20.02.2026
99902271;;text;;;;ECLASS511;;;;;;;;;;;;;;;;;;;;;;;;;;;;;;;20.02.2026
99902291;;text;;;;BONUSPACK;;;;;;;;;;;;;;;;;;;;;;;;;;;;;;;20.02.2026
99902311;;text;;;;/ADR;;;;;;;;;;;;;;;;;;;;;;;;;;;;;;;20.02.2026
99902312;;text;;;;/IMP;;;;;;;;;;;;;;;;;;;;;;;;;;;;;;;20.02.2026
99902332;;text;;;;/PRODTYP;;;;;;;;;;;;;;;;;;;;;;;;;;;;;;;20.02.2026
99902351;;text;145137000;;;*ZLPH;;;;;;;;;;;;;;;;;;;;;;;;;;;;;;;20.02.2026
99902371;;text;145221280;;;DRUCKKOPFPATRONE BLAU;;;;;;;;;;;;;;;;;;;;;;;;F;;;;;;;20.02.2026
99902372;;text;145221310;;;DRUCKKOPFPATRONE COLOR;;;;;;;;;;;;;;;;;;;;;;;;F;;;;;;;20.02.2026
99902373;;text;145221210;;;DRUCKKOPFPATRONE CYAN;;;;;;;;;;;;;;;;;;;;;;;;F;;;;;;;20.02.2026
99902374;;text;145221220;;;DRUCKKOPFPATRONE CYAN HELL;;;;;;;;;;;;;;;;;;;;;;;;F;;;;;;;20.02.2026
99902375;;text;145221320;;;DRUCKKOPFPATRONE FOTO;;;;;;;;;;;;;;;;;;;;;;;;F;;;;;;;20.02.2026
99902376;;text;145221130;;;DRUCKKOPFPATRONE GRAU;;;;;;;;;;;;;;;;;;;;;;;;F;;;;;;;20.02.2026
99902377;;text;145221260;;;DRUCKKOPFPATRONE GRUEN;;;;;;;;;;;;;;;;;;;;;;;;F;;;;;;;20.02.2026
99902378;;text;145221230;;;DRUCKKOPFPATRONE MAGENTA;;;;;;;;;;;;;;;;;;;;;;;;F;;;;;;;20.02.2026
99902379;;text;145221240;;;DRUCKKOPFPATRONE MAGENTA HELL;;;;;;;;;;;;;;;;;;;;;;;;F;;;;;;;20.02.2026
99902380;;text;145221270;;;DRUCKKOPFPATRONE ROT;;;;;;;;;;;;;;;;;;;;;;;;F;;;;;;;20.02.2026
99902381;;text;145221110;;;DRUCKKOPFPATRONE SCHWARZ;;;;;;;;;;;;;;;;;;;;;;;;F;;;;;;;20.02.2026
99902382;;text;145221120;;;DRUCKKOPFPATRONE SCHWARZ MATT;;;;;;;;;;;;;;;;;;;;;;;;F;;;;;;;20.02.2026
145243000;;group;2001;;;Thermal-transfer multistrike;19-14-06-11;24-20-04-02;black;;;;;;;;;84439990;;;;;;;;;;;;;;;;;;;20.02.2026
145244000;;group;2001;;;Thermal-transfer paper;19-14-06-11;24-20-04-02;black;;;;;;;;;84439990;;;;;;;;;;;;;;;;;;;20.02.2026
145245000;;group;2001;;;Thermal-transfer roll;19-14-06-14;24-20-04-02;black;;;;;;;;;84439990;;;;;;;;;;;;;;;;;;;20.02.2026
145246000;;group;2001;;;Thermal-transfer silk;19-14-06-11;24-20-04-02;black;;;;;;;;;84439990;;;;;;;;;;;;;;;;;;;20.02.2026
145247000;;group;2001;;;Etikettes;;;black;;;;;;;;;84439990;;;;;;;;;;;;;;;;;;;20.02.2026
145250000;;group;2001;;;Compact photo printer;;;no color;;;;;;;;;84439990;;;;;;;;;;;;;;;;;;;20.02.2026
145251000;;group;2001;;;Photo Pack;19-14-06-90;24-20-90-90;no color;;;;;;;;;84439990;;;;;;;;;;;;;;;;;;;20.02.2026
145252000;;group;2001;;;Photo cartridge;19-14-06-90;24-20-90-90;no color;;;;;;;;;84439990;;;;;;;;;;;;;;;;;;;20.02.2026
145260000;;group;2001;;;Others;19-14-06-90;24-20-90-00;no color;;;;;;;;;84439990;;;;;;;;;;;;;;;;;;;20.02.2026
145261000;;group;2001;;;Labeling;24-32-11-05;24-32-12-01;no color;;;;;;;;;84439990;;;;;;;;;;;;;;;;;;;20.02.2026
145261100;;group;2001;;;Labeling Ribbon;24-32-11-05;24-32-12-01;black;;;;;;;;;84439990;;;;;;;;;;;;;;;;;;;20.02.2026
145261200;;group;2001;;;P-Touch Etikettes;24-32-11-07;;no color;;;;;;;;;84439990;;;;;;;;;;;;;;;;;;;20.02.2026
145261300;;group;2001;;;DirectLabel-etikettes;24-32-11-07;;no color;;;;;;;;;84439990;;;;;;;;;;;;;;;;;;;20.02.2026
145261400;;group;2001;;;Cutter blade;24-32-11-90;;no color;;;;;;;;;84439990;;;;;;;;;;;;;;;;;;;20.02.2026
145262000;;group;2001;;;Faxpaper;24-26-04-01;24-26-04-01;no color;;;;;;;;;84439990;;;;;;;;;;;;;;;;;;;20.02.2026
145263000;;group;2001;;;Embossing tape;24-32-11-05;24-32-12-01;no color;;;;;;;;;84439990;;;;;;;;;;;;;;;;;;;20.02.2026
145265000;;group;2001;;;Stamp;24-22-10-07;21-13-05-01;no color;;;;;;;;;84439990;;;;;;;;;;;;;;;;;;;20.02.2026
145266000;;group;2001;;;Respirable dust Fine dust filter;22-41-11-01;24-20-02-90;no color;;;;;;;;;84439990;;;;;;;;;;;;;;;;;;;20.02.2026
145267000;;group;2001;;;Laminator Pouches;24-32-15-05;24-32-16-04;no color;;;;;;;;;84439990;;;;;;;;;;;;;;;;;;;20.02.2026
145268000;;group;2001;;;3D cartridge;;;no color;;;;;;;;;84439990;;;;;;;;;;;;;;;;;;;20.02.2026
99900663;;text;;;;/KATALOGE;;;;;;;;;;;;;;;;;;;;;;;;;;;;;;;20.02.2026
99900664;;text;;;;/VALUE;;;;;;;;;;;;;;;;;;;;;;;;;;;;;;;20.02.2026
99900665;;text;;;;/ART;;;;;;;;;;;;;;;;;;;;;;;;;;;;;;;20.02.2026
99902383;;text;145221250;;;DRUCKKOPFPATRONE YELLOW;;;;;;;;;;;;;;;;;;;;;;;;F;;;;;;;20.02.2026
99902391;;text;;;;DRUCKKOPFPATRONE;;;;;;;;;;;;;;;;;;;;;;;;;;;;;;;20.02.2026
99902411;;text;;;;ECONOMY;;;;;;;;;;;;;;;;;;;;;;;;;;;;;;;20.02.2026
99902431;;text;;;;DYE;;;;;;;;;;;;;;;;;;;;;;;;;;;;;;;20.02.2026
99902451;;text;145231210;;;NACHTRAENK SCHWARZ;;;;;;;;;;;;;;;;;;;;;;;;F;;;;;;;20.02.2026
99902452;;text;145231230;;;NACHTRAENK VIOLETT;;;;;;;;;;;;;;;;;;;;;;;;F;;;;;;;20.02.2026
99902453;;text;145231240;;;NACHTRAENK COLOR;;;;;;;;;;;;;;;;;;;;;;;;F;;;;;;;20.02.2026
99902471;;text;;;;/WEBSITE;;;;;;;;;;;;;;;;;;;;;;;;;;;;;;;20.02.2026
99902491;;text;;;;CHIPRESETTER;;;;;;;;;;;;;;;;;;;;;;;;;;;;;;;20.02.2026
99902492;;text;;;;ISO-YIELD;;;;;;;;;;;;;;;;;;;;;;;;;;;;;;;20.02.2026
145100000;;group;2001;;;Models;19-14-01-00;24-20-00-00;no color;;;;;;;;;84433210;;;;;;;;;;;;;;;;;;;20.02.2026
145110000;;group;2001;;;Copier;19-14-05-00;24-32-01-00;no color;;;;;;;;13;84433210;;;;;;;;;;;;;;;;;;;20.02.2026
145111000;;group;2001;;;Digital Copier;19-14-05-02;24-32-01-01;no color;;;;;;;;13;84433100;;;;;;;;;;;;;;;;;;;20.02.2026
145112000;;group;2001;;;Color copier;19-14-05-02;24-32-01-01;no color;;;;;;;;13;84433100;;;;;;;;;;;;;;;;;;;20.02.2026
145113000;;group;2001;;;Copier;19-14-05-02;24-32-01-01;no color;;;;;;;;13;84433280;;;;;;;;;;;;;;;;;;;20.02.2026
145114000;;group;2001;;;CopyPrinter;19-14-05-90;24-32-01-90;no color;;;;;;;;13;84433280;;;;;;;;;;;;;;;;;;;20.02.2026
145120000;;group;2001;;;Laserprinter;19-14-01-02;19-02-02-01;no color;;;;;;;;10;84433210;;;;;;;;;;;;;;;;;;;20.02.2026
99900673;;text;;;;/FARBROLLEN;;;;;;;;;;;;;;;;;;;;;;;;;;;;;;;20.02.2026
99900677;;text;;;;/KUNDENNR;;;;;;;;;;;;;;;;;;;;;;;;;;;;;;;20.02.2026
99900678;;text;;;;/KUNDE;;;;;;;;;;;;;;;;;;;;;;;;;;;;;;;20.02.2026
99900680;;text;;;;/SUM;;;;;;;;;;;;;;;;;;;;;;;;;;;;;;;20.02.2026
99900682;;text;;;;/PRSSTAF;;;;;;;;;;;;;;;;;;;;;;;;;;;;;;;20.02.2026
99900683;;text;145320000;;;FOLIE;;;;;;;;;;;;;;;;;;;;;;;F;;;;;;;;20.02.2026
99900684;;text;145130000;;;INKJET;;;;;;;;;;;;;;;;;;;;;;;;;;;;;;;20.02.2026
99900687;;text;145150000;;;MULTIFUNKTION;;;;;;;;;;;;;;;;;;;;;;;;;;;;;;;20.02.2026
99900688;;text;145160000;;;THERMOTRANSFER;;;;;;;;;;;;;;;;;;;;;;;;;;;;;;;20.02.2026
99900689;;text;145170000;;;MATRIX;;;;;;;;;;;;;;;;;;;;;;;;;;;;;;;20.02.2026
99900690;;text;145140000;;;FAX;;;;;;;;;;;;;;;;;;;;;;;;;;;;;;;20.02.2026
99900691;;text;;;;/SONSTIGE;;;;;;;;;;;;;;;;;;;;;;;;;;;;;;;20.02.2026
99900692;;text;145214000;;;TRANSFER;;;;;;;;;;;;;;;;;;;;;;;;F;;;;;;;20.02.2026
99900693;;text;145217000;;;FUSER;;;;;;;;;;;;;;;;;;;;;;;;F;;;;;;;20.02.2026
99900694;;text;145232100;;;CORRECTABLE;;;;;;;;;;;;;;;;;;;;;;;;F;;;;;;;20.02.2026
99900695;;text;145218000;;;REINIGUNG;;;;;;;;;;;;;;;;;;;;;;F;;;;;;;;;20.02.2026
99900696;;text;;;;/LIEFERADR;;;;;;;;;;;;;;;;;;;;;;;;;;;;;;;20.02.2026
99900697;;text;;;;FORUSE;;;;;;;;;;;;;;;;;;;;;;;;;;;;;;;20.02.2026
99900698;;text;145120000;;;LASER;;;;;;;;;;;;;;;;;;;;;;;;;;;;;;;20.02.2026
99900699;;text;;;;/ADVSEEK;;;;;;;;;;;;;;;;;;;;;;;;;;;;;;;20.02.2026
99900700;;text;;;;/NEWMEM;;;;;;;;;;;;;;;;;;;;;;;;;;;;;;;20.02.2026
99900702;;text;;;;THERMO-TRANSFER-ROLLEN;;;;;;;;;;;;;;;;;;;;;;;;;;;;;;;20.02.2026
99900703;;text;;;;<TEXT35>;;;;;;;;;;;;;;;;;;;;;;;;;;;;;;;20.02.2026
99900704;;text;145261100;;;DIRECTLABEL;;;;;;;;;;;;;;;;;;;;;;F;;;;;;;;;20.02.2026
99900705;;text;;;;AUF;;;;;;;;;;;;;;;;;;;;;;;;;;;;;;;20.02.2026
99900706;;text;;;;GOLD;;;;;;;;;;;;;;;;;;;;;;;;;;;;;;;20.02.2026
99900707;;text;;;;TRANSPARENT;;;;;;;;;;;;;;;;;;;;;;;;;;;;;;;20.02.2026
99900708;;text;;;;GRAU;;;;;;;;;;;;;;;;;;;;;;;;;;;;;;;20.02.2026
99900709;;text;;;;EXTRASTARK;;;;;;;;;;;;;;;;;;;;;;;;;;;;;;;20.02.2026
99900710;;text;;;;KOMBIPACK;;;;;;;;;;;;;;;;;;;;;;;;;;;;;;;20.02.2026
99900711;;text;145222500;;;RESTTINTENBEHAELTER;;;;;;;;;;;;;;;;;;;;;;F;;F;;;;;;;20.02.2026
99900712;;text;145214400;;;TRANSFER-ROLLER;;;;;;;;;;;;;;;;;;;;;;;;F;;;;;;;20.02.2026
99900731;;text;145217400;;;USAGE-KIT;;;;;;;;;;;;;;;;;;;;;;;;F;;;;;;;20.02.2026
99900771;;text;;;;FASTDRYINK;;;;;;;;;;;;;;;;;;;;;;;;;;;;;;;20.02.2026
99900791;;text;;;;/PARTNR;;;;;;;;;;;;;;;;;;;;;;;;;;;;;;;20.02.2026
99900811;;text;;;;/FORUM;;;;;;;;;;;;;;;;;;;;;;;;;;;;;;;20.02.2026
99900851;;text;;;;<TEXT36>;;;;;;;;;;;;;;;;;;;;;;;;;;;;;;;20.02.2026
99900871;;text;;;;BRIGHTWHITE;;;;;;;;;;;;;;;;;;;;;;;;;;;;;;;20.02.2026
99900891;;text;;;;JE;;;;;;;;;;;;;;;;;;;;;;;;;;;;;;;20.02.2026
99900911;;text;145330000;;;STICKERPAPIER;;;;;;;;;;;;;;;;;;;;;;;F;;;;;;;;20.02.2026
99900931;;text;145226000;;;REFILL-KIT;;;;;;;;;;;;;;;;;;;;;;;;F;;;;;;;20.02.2026
99900951;;text;;;;/STATS;;;;;;;;;;;;;;;;;;;;;;;;;;;;;;;20.02.2026
99900953;;text;;;;/NEWMOD;;;;;;;;;;;;;;;;;;;;;;;;;;;;;;;20.02.2026
99900954;;text;;;;/WIND;;;;;;;;;;;;;;;;;;;;;;;;;;;;;;;20.02.2026
99900955;;text;;;;/REC;;;;;;;;;;;;;;;;;;;;;;;;;;;;;;;20.02.2026
99900956;;text;;;;/YIELD;;;;;;;;;;;;;;;;;;;;;;;;;;;;;;;20.02.2026
99900957;;text;;;;/ALTV;;;;;;;;;;;;;;;;;;;;;;;;;;;;;;;20.02.2026
99900958;;text;;;;/NOREC;;;black;;;;;;;;;4500;;;;;;;;;;;;;;;;;;;20.02.2026
99900959;;text;;;;/FITS;;;;;;;;;;;;;;;;;;;;;;;;;;;;;;;20.02.2026
99900960;;text;;;;/MODENG;;;;;;;;;;;;;;;;;;;;;;;;;;;;;;;20.02.2026
99900961;;text;;;;/MODENGR;;;;;;;;;;;;;;;;;;;;;;;;;;;;;;;20.02.2026
99900962;;text;;;;/TYP;;;;;;;;;;;;;;;;;;;;;;;;;;;;;;;20.02.2026
99900963;;text;;;;/MODELL;;;;;;;;;;;;;;;;;;;;;;;;;;;;;;;20.02.2026
99900971;;text;145310000;;;SPEZIALBESCHICHTET;;;;;;;;;;;;;;;;;;;;;;;F;;;;;;;;20.02.2026
99900972;;text;;;;FOTOGLOSSY;;;;;;;;;;;;;;;;;;;;;;;;;;;;;;;20.02.2026
99900973;;text;;;;MARMORIERT;;;;;;;;;;;;;;;;;;;;;;;;;;;;;;;20.02.2026
99900974;;text;;;;BEIGE;;;;;;;;;;;;;;;;;;;;;;;;;;;;;;;20.02.2026
34002290;20000229;group;2007;;;HL-J;;;;;;;;;;;1;;;;;;;;;;;;;;;;;;;;20.02.2026
34002291;20000728;group;2007;;;Color Laser;;;;;;;;;;;1;;;;;;;;;;;;;;;;;;;;20.02.2026
34002292;20000728;group;2007;;;Ink Tank;;;;;;;;;;;1;;;;;;;;;;;;;;;;;;;;20.02.2026
34002293;20000728;group;2007;;;TopShot LaserJet;;;;;;;;;;;1;;;;;;;;;;;;;;;;;;;;20.02.2026
34002294;20001164;group;2007;;;AccurioPress;;;;;;;;;;;1;;;;;;;;;;;;;;;;;;;;20.02.2026
34002295;20001164;group;2007;;;AccurioPrint;;;;;;;;;;;1;;;;;;;;;;;;;;;;;;;;20.02.2026
34002296;20000886;group;2007;;;B;;;;;;;;;;;1;;;;;;;;;;;;;;;;;;;;20.02.2026
34002297;20000886;group;2007;;;MB;;;;;;;;;;;1;;;;;;;;;;;;;;;;;;;;20.02.2026
34002298;20000886;group;2007;;;MC;;;;;;;;;;;1;;;;;;;;;;;;;;;;;;;;20.02.2026
34002299;20000886;group;2007;;;S;;;;;;;;;;;1;;;;;;;;;;;;;;;;;;;;20.02.2026
34002300;20001074;group;2007;;;CX;;;;;;;;;;;1;;;;;;;;;;;;;;;;;;;;20.02.2026
34002301;20001099;group;2007;;;DP-MB;;;;;;;;;;;1;;;;;;;;;;;;;;;;;;;;20.02.2026
34002302;20001535;group;2007;;;ColorPress;;;;;;;;;;;1;;;;;;;;;;;;;;;;;;;;20.02.2026
34002303;20001535;group;2007;;;Color;;;;;;;;;;;1;;;;;;;;;;;;;;;;;;;;20.02.2026
145121000;;group;2001;;;Laserprinter;19-14-01-02;19-02-02-01;no color;;;;;;;;10;84433210;;;;;;;;;;;;;;;;;;;20.02.2026
145122000;;group;2001;;;Colorlaser;19-14-01-02;19-02-02-01;no color;;;;;;;;10;84433210;;;;;;;;;;;;;;;;;;;20.02.2026
145123000;;group;2001;;;Multifunction laser;19-14-01-01;19-02-02-08;no color;;;;;;;;12;84433100;;;;;;;;;;;;;;;;;;;20.02.2026
145124000;;group;2001;;;Multifunction Colorlaser;19-14-01-01;19-02-02-08;no color;;;;;;;;12;84433100;;;;;;;;;;;;;;;;;;;20.02.2026
145130000;;group;2001;;;InkJet-Printer;19-14-01-03;19-02-02-02;no color;;;;;;;;8;84433210;;;;;;;;;;;;;;;;;;;20.02.2026
145131000;;group;2001;;;InkJet-Printer;19-14-01-03;19-02-02-02;no color;;;;;;;;8;84433210;;;;;;;;;;;;;;;;;;;20.02.2026
145132000;;group;2001;;;Multifunction InkJet;19-14-01-01;19-02-02-08;no color;;;;;;;;12;84433100;;;;;;;;;;;;;;;;;;;20.02.2026
145133000;;group;2001;;;Dry-Ink printer;19-14-01-09;19-02-02-03;no color;;;;;;;;8;84433210;;;;;;;;;;;;;;;;;;;20.02.2026
145134000;;group;2001;;;CD/DVD-InkJet-Printer;19-14-01-08;19-02-02-02;no color;;;;;;;;8;84433210;;;;;;;;;;;;;;;;;;;20.02.2026
145135000;;group;2001;;;Plotter;19-14-02-02;19-02-02-07;no color;;;;;;;;16;84433210;;;;;;;;;;;;;;;;;;;20.02.2026
145136000;;group;2001;;;Gel printer;19-14-01-09;19-02-02-03;no color;;;;;;;;8;84433210;;;;;;;;;;;;;;;;;;;20.02.2026
145137000;;group;2001;;;Postage meter InkJet;24-32-09-02;24-32-09-02;no color;;;;;;;;8;84433210;;;;;;;;;;;;;;;;;;;20.02.2026
145140000;;group;2001;;;Fax;19-06-01-03;19-06-01-03;no color;;;;;;;;7;84433280;;;;;;;;;;;;;;;;;;;20.02.2026
145141000;;group;2001;;;InkJet-Fax;19-06-01-03;19-06-01-03;no color;;;;;;;;7;84433280;;;;;;;;;;;;;;;;;;;20.02.2026
145142000;;group;2001;;;Laser fax;19-06-01-03;19-06-01-03;no color;;;;;;;;7;84433280;;;;;;;;;;;;;;;;;;;20.02.2026
145143000;;group;2001;;;Thermal-paper fax;19-06-01-03;19-06-01-03;no color;;;;;;;;7;84433280;;;;;;;;;;;;;;;;;;;20.02.2026
145144000;;group;2001;;;Thermal-transfer fax;19-14-01-04;19-06-01-03;no color;;;;;;;;7;84433280;;;;;;;;;;;;;;;;;;;20.02.2026
145150000;;group;2001;;;Multifunction;19-14-01-01;19-02-02-08;no color;;;;;;;;12;84433210;;;;;;;;;;;;;;;;;;;20.02.2026
145160000;;group;2001;;;Thermal-transfer;19-14-01-04;19-02-02-05;no color;;;;;;;;11;84433210;;;;;;;;;;;;;;;;;;;20.02.2026
145161000;;group;2001;;;thermal-transfer-printer;19-14-01-04;19-02-02-05;no color;;;;;;;;11;84433210;;;;;;;;;;;;;;;;;;;20.02.2026
145163000;;group;2001;;;Compact photo printer;19-14-01-06;19-02-02-04;no color;;;;;;;;8;84433210;;;;;;;;;;;;;;;;;;;20.02.2026
145164000;;group;2001;;;Postage meter Thermal-transfer;24-32-09-02;24-32-09-02;no color;;;;;;;;8;84433210;;;;;;;;;;;;;;;;;;;20.02.2026
145170000;;group;2001;;;Dot-matrix;19-14-01-05;19-02-02-06;no color;;;;;;;;17;84433210;;;;;;;;;;;;;;;;;;;20.02.2026
145171000;;group;2001;;;Receipt printer;19-14-01-05;19-02-02-06;no color;;;;;;;;17;84433210;;;;;;;;;;;;;;;;;;;20.02.2026
145172000;;group;2001;;;Calculator;19-14-01-05;24-32-05-90;no color;;;;;;;;14;84433210;;;;;;;;;;;;;;;;;;;20.02.2026
145173000;;group;2001;;;Cashiersystem;19-14-01-05;24-29-33-90;no color;;;;;;;;15;84433210;;;;;;;;;;;;;;;;;;;20.02.2026
145322300;;group;2001;;;Foil;24-26-17-04;24-26-17-04;no color;;;;;;;;6;;;;;;;;;;;;;;;;;;;;20.02.2026
145322400;;group;2001;;;Others;24-26-06-90;24-26-06-90;no color;;;;;;;;6;;;;;;;;;;;;;;;;;;;;20.02.2026
145323000;;group;2001;;;DIN A2;;;no color;;;;;;;;;;;;;;;;;;;;;;;;;;;;20.02.2026
145323100;;group;2001;;;Paper;24-26-06-90;24-26-06-90;no color;;;;;;;;6;;;;;;;;;;;;;;;;;;;;20.02.2026
145323200;;group;2001;;;Others;24-26-06-90;24-26-06-90;no color;;;;;;;;6;;;;;;;;;;;;;;;;;;;;20.02.2026
145330000;;group;2001;;;Small format / photo;;;no color;;;;;;;;;;;;;;;;;;;;;;;;;;;;20.02.2026
145331000;;group;2001;;;DIN A5;;;no color;;;;;;;;6;;;;;;;;;;;;;;;;;;;;20.02.2026
145332000;;group;2001;;;DIN A6;;;no color;;;;;;;;6;;;;;;;;;;;;;;;;;;;;20.02.2026
145333000;;group;2001;;;10x15;;;no color;;;;;;;;6;;;;;;;;;;;;;;;;;;;;20.02.2026
145334000;;group;2001;;;9x13;;;no color;;;;;;;;6;;;;;;;;;;;;;;;;;;;;20.02.2026
145335000;;group;2001;;;Greeting cards+envelopes;;;no color;;;;;;;;6;;;;;;;;;;;;;;;;;;;;20.02.2026
145336000;;group;2001;;;Photo sticker labels;;;no color;;;;;;;;6;;;;;;;;;;;;;;;;;;;;20.02.2026
145340000;;group;2001;;;sublimation-paper;19-14-06-14;24-20-03-02;no color;;;;;;;;6;;;;;;;;;;;;;;;;;;;;20.02.2026
145350000;;group;2001;;;Others;;;no color;;;;;;;;6;;;;;;;;;;;;;;;;;;;;20.02.2026
145400000;;group;2001;;;Accessories;19-14-06-90;24-20;no color;;;;;;;;;84439990;;;;;;;;;;;;;;;;;;;20.02.2026
145500000;;group;2001;;;Spare parts;;;no color;;;;;;;;;;;;;;;;;;;;;;;;;;;;20.02.2026
145510000;;group;2001;;;Pickup roller;19-14-91-02;24-20-06-06;no color;;;;;;;;2;;;;;;;;;;;;;;;;;;;;20.02.2026
99900991;;text;145265200;;;STEMPELFARBE;;;;;;;;;;;;;;;;;;;;;;F;;;;;;;;;20.02.2026
99901011;;text;;;;CHIP;;;;;;;;;;;;;;;;;;;;;;;;;;;;;;;20.02.2026
99901031;;text;;;;/NORMSEEK;;;;;;;;;;;;;;;;;;;;;;;;;;;;;;;20.02.2026
99901051;;text;;;;PIGMENTIERT;;;;;;;;;;;;;;;;;;;;;;;;;;;;;;;20.02.2026
99901071;;text;;;;UV-TINTE;;;;;;;;;;;;;;;;;;;;;;;;;;;;;;;20.02.2026
99901091;;text;;;;RAINBOW-KIT;;;;;;;;;;;;;;;;;;;;;;;;;;;;;;;20.02.2026
145174000;;group;2001;;;Dot-matrix printer;19-14-01-05;19-02-02-06;no color;;;;;;;;17;84433210;;;;;;;;;;;;;;;;;;;20.02.2026
145180000;;group;2001;;;Typewriter;24-32-03-90;24-32-03-90;no color;;;;;;;;17;84433210;;;;;;;;;;;;;;;;;;;20.02.2026
145190000;;group;2001;;;Others;19-14-01-90;19-02-02;no color;;;;;;;;;84433210;;;;;;;;;;;;;;;;;;;20.02.2026
145191000;;group;2001;;;Micro printer;19-14-90-00;19-02;no color;;;;;;;;9;84433210;;;;;;;;;;;;;;;;;;;20.02.2026
145192000;;group;2001;;;Labeler;19-14-01-07;24-32-11-03;no color;;;;;;;;9;84433210;;;;;;;;;;;;;;;;;;;20.02.2026
145193000;;group;2001;;;Laminator;24-32-15-01;24-32-15-01;no color;;;;;;;;9;84433210;;;;;;;;;;;;;;;;;;;20.02.2026
145194000;;group;2001;;;<STAMPCREATOR>;36-65-01-04;36-65-01-04;no color;;;;;;;;9;84433210;;;;;;;;;;;;;;;;;;;20.02.2026
145200000;;group;2001;;;Supplies;19-14-06-00;24-20-00-00;no color;;;;;;;;;84439990;;;;;;;;;;;;;;;;;;;20.02.2026
145210000;;group;2001;;;Laser / Copier;19-14-06-00;24-20-02-01;no color;;;;;;;;;84439990;;;;;;;;;;;;;;;;;;;20.02.2026
145211000;;group;2001;;;Toner;19-14-06-01;24-20-02-01;black;;;;;;;;;84439990;;;;;;;;;;;;;;;;;;;20.02.2026
145211100;;group;2001;;;Toner black;19-14-06-01;24-20-02-01;black;;;;;;;;2;84439990;;;;;;;;;;;;;;;;;;;20.02.2026
145211200;;group;2001;;;Toner cyan;19-14-06-01;24-20-02-01;cyan;;;;;;;;2;84439990;;;;;;;;;;;;;;;;;;;20.02.2026
145211300;;group;2001;;;Toner magenta;19-14-06-01;24-20-02-01;magenta;;;;;;;;2;84439990;;;;;;;;;;;;;;;;;;;20.02.2026
145211400;;group;2001;;;Toner yellow;19-14-06-01;24-20-02-01;yellow;;;;;;;;2;84439990;;;;;;;;;;;;;;;;;;;20.02.2026
145211500;;group;2001;;;Toner MultiPack;19-14-06-01;24-20-02-01;no color;;;;;;;;2;84439990;;;;;;;;;;;;;;;;;;;20.02.2026
145211600;;group;2001;;;Others;19-14-06-90;24-20-02-90;no color;;;;;;;;2;84439990;;;;;;;;;;;;;;;;;;;20.02.2026
145212000;;group;2001;;;Drum;19-14-06-02;24-20-06-02;no color;;;;;;;;;84439990;;;;;;;;;;;;;;;;;;;20.02.2026
145212100;;group;2001;;;Drum kit;19-14-06-02;24-20-06-02;no color;;;;;;;;2;84439990;;;;;;;;;;;;;;;;;;;20.02.2026
145212200;;group;2001;;;Drum unit;19-14-06-02;24-20-06-02;no color;;;;;;;;2;84439990;;;;;;;;;;;;;;;;;;;20.02.2026
145212300;;group;2001;;;Drum/developer-unit;19-14-06-02;24-20-06-02;no color;;;;;;;;2;84439990;;;;;;;;;;;;;;;;;;;20.02.2026
145212400;;group;2001;;;Silicon drum;19-14-06-02;24-20-06-02;no color;;;;;;;;2;84439990;;;;;;;;;;;;;;;;;;;20.02.2026
145212500;;group;2001;;;Drum;19-14-06-02;24-20-06-02;no color;;;;;;;;2;84439990;;;;;;;;;;;;;;;;;;;20.02.2026
50210067;;text;145222140;;;TINTENPATRONE SCHWARZ FOTO;;;;;;;;;;;;;;;;;;;;;;F;;;;;;;;;20.02.2026
145300000;;group;2001;;;Print medias;24-26-00-00;24-26-00-00;no color;;;;;;;;6;;;;;;;;;;;;;;;;;;;;20.02.2026
145310000;;group;2001;;;Large format /LFP;24-26-15-00;24-26-13;no color;;;;;;;;;;;;;;;;;;;;;;;;;;;;20.02.2026
145311000;;group;2001;;;24 inch;;;no color;;;;;;;;;;;;;;;;;;;;;;;;;;;;20.02.2026
145311100;;group;2001;;;Paper;24-26-15-01;24-26-13;no color;;;;;;;;6;;;;;;;;;;;;;;;;;;;;20.02.2026
145311200;;group;2001;;;Canvas;24-26-15-90;24-26-15-04;no color;;;;;;;;6;;;;;;;;;;;;;;;;;;;;20.02.2026
145311300;;group;2001;;;Foil;24-26-21-01;24-26-21-02;no color;;;;;;;;6;;;;;;;;;;;;;;;;;;;;20.02.2026
145311400;;group;2001;;;Others;24-26-15-90;24-26-15-04;no color;;;;;;;;6;;;;;;;;;;;;;;;;;;;;20.02.2026
145312000;;group;2001;;;36 inch;;;no color;;;;;;;;;;;;;;;;;;;;;;;;;;;;20.02.2026
145312100;;group;2001;;;Paper;24-26-15-01;24-26-13;no color;;;;;;;;6;;;;;;;;;;;;;;;;;;;;20.02.2026
145312200;;group;2001;;;Canvas;24-26-15-90;24-26-15-04;no color;;;;;;;;6;;;;;;;;;;;;;;;;;;;;20.02.2026
145312300;;group;2001;;;Foil;24-26-21-01;24-26-21-02;no color;;;;;;;;6;;;;;;;;;;;;;;;;;;;;20.02.2026
145312400;;group;2001;;;Others;24-26-15-90;24-26-15-04;no color;;;;;;;;6;;;;;;;;;;;;;;;;;;;;20.02.2026
145313000;;group;2001;;;42 inch;;;no color;;;;;;;;;;;;;;;;;;;;;;;;;;;;20.02.2026
145313100;;group;2001;;;Paper;24-26-15-01;24-26-13;no color;;;;;;;;6;;;;;;;;;;;;;;;;;;;;20.02.2026
145313200;;group;2001;;;Canvas;24-26-15-90;24-26-15-04;no color;;;;;;;;6;;;;;;;;;;;;;;;;;;;;20.02.2026
145313300;;group;2001;;;Foil;24-26-21-01;24-26-21-02;no color;;;;;;;;6;;;;;;;;;;;;;;;;;;;;20.02.2026
145313400;;group;2001;;;Others;24-26-15-90;24-26-15-04;no color;;;;;;;;6;;;;;;;;;;;;;;;;;;;;20.02.2026
145314000;;group;2001;;;54 inch;;;no color;;;;;;;;;;;;;;;;;;;;;;;;;;;;20.02.2026
145314100;;group;2001;;;Paper;24-26-15-01;24-26-13;no color;;;;;;;;6;;;;;;;;;;;;;;;;;;;;20.02.2026
145314200;;group;2001;;;Canvas;24-26-15-90;24-26-15-04;no color;;;;;;;;6;;;;;;;;;;;;;;;;;;;;20.02.2026
145314300;;group;2001;;;Foil;24-26-21-01;24-26-21-02;no color;;;;;;;;6;;;;;;;;;;;;;;;;;;;;20.02.2026
145314400;;group;2001;;;Others;24-26-15-90;24-26-15-04;no color;;;;;;;;6;;;;;;;;;;;;;;;;;;;;20.02.2026
145320000;;group;2001;;;Normal format;24-26-06;24-26-06;no color;;;;;;;;;;;;;;;;;;;;;;;;;;;;20.02.2026
145321000;;group;2001;;;DIN A4;;;no color;;;;;;;;;;;;;;;;;;;;;;;;;;;;20.02.2026
145321100;;group;2001;;;Paper;24-26-06-90;24-26-06-90;no color;;;;;;;;6;;;;;;;;;;;;;;;;;;;;20.02.2026
145321200;;group;2001;;;Photopaper;24-26-06-05;24-26-06-05;no color;;;;;;;;6;;;;;;;;;;;;;;;;;;;;20.02.2026
145321300;;group;2001;;;Foil;24-26-17-04;24-26-17-04;no color;;;;;;;;6;;;;;;;;;;;;;;;;;;;;20.02.2026
145321400;;group;2001;;;Etikettes;20-35-03-02;24-28-01-01;no color;;;;;;;;6;;;;;;;;;;;;;;;;;;;;20.02.2026
145321500;;group;2001;;;T-Shirt iron-on;24-33-08-01;24-33-08-01;no color;;;;;;;;6;;;;;;;;;;;;;;;;;;;;20.02.2026
145321600;;group;2001;;;Others;24-26-06-90;24-26-06-90;no color;;;;;;;;6;;;;;;;;;;;;;;;;;;;;20.02.2026
145322000;;group;2001;;;DIN A3;;;no color;;;;;;;;;;;;;;;;;;;;;;;;;;;;20.02.2026
145322100;;group;2001;;;Paper;24-26-06-90;24-26-06-90;no color;;;;;;;;6;;;;;;;;;;;;;;;;;;;;20.02.2026
145322200;;group;2001;;;Photopaper;24-26-06-05;24-26-06-05;no color;;;;;;;;6;;;;;;;;;;;;;;;;;;;;20.02.2026
99900666;;text;;;;/ERH;;;;;;;;;;;;;;;;;;;;;;;;;;;;;;;20.02.2026
99900667;;text;;;;/MASSE;;;;;;;;;;;;;;;;;;;;;;;;;;;;;;;20.02.2026
99900668;;text;;;;/TINTENPATRONEN;;;;;;;;;;;;;;;;;;;;;;;;;;;;;;;20.02.2026
99900671;;text;;;;/PAPIER;;;;;;;;;;;;;;;;;;;;;;;;;;;;;;;20.02.2026
99900672;;text;;;;/FARBBAENDER;;;;;;;;;;;;;;;;;;;;;;;;;;;;;;;20.02.2026
145221310;;group;2001;;;Printhead cartridge color;19-14-06-05;24-20-01-01;color;;;;;;;;2;84439990;;;;;;;;;;;;;;;;;;;20.02.2026
145221320;;group;2001;;;Printhead cartridge photo;19-14-06-05;24-20-01-01;no color;;;;;;;;2;84439990;;;;;;;;;;;;;;;;;;;20.02.2026
145221330;;group;2001;;;Others;19-14-06-05;24-20-01-01;no color;;;;;;;;2;84439990;;;;;;;;;;;;;;;;;;;20.02.2026
145221400;;group;2001;;;Printhead cartridge multi pack;19-14-06-05;24-20-01-01;no color;;;;;;;;2;84439990;;;;;;;;;;;;;;;;;;;20.02.2026
145221500;;group;2001;;;Printhead;19-14-06-05;24-20-01-01;no color;;;;;;;;2;84439990;;;;;;;;;;;;;;;;;;;20.02.2026
145221600;;group;2001;;;Printhead cartridge Others;19-14-06-05;24-20-01-01;no color;;;;;;;;2;84439990;;;;;;;;;;;;;;;;;;;20.02.2026
145222000;;group;2001;;;Ink cartridge;19-14-06-05;24-20-01-01;no color;;;;;;;;;32159020;;;;;;;;;;;;;;;;;;;20.02.2026
145222100;;group;2001;;;Ink cartridge black / gray;19-14-06-05;24-20-01-01;black gray;;;;;;;;2;32159020;;;;;;;;;;;;;;;;;;;20.02.2026
145222110;;group;2001;;;Ink cartridge black;19-14-06-05;24-20-01-01;black;;;;;;;;2;32159020;;;;;;;;;;;;;;;;;;;20.02.2026
145222120;;group;2001;;;Ink cartridge black matt;19-14-06-05;24-20-01-01;blackmatte;;;;;;;;2;32159020;;;;;;;;;;;;;;;;;;;20.02.2026
145222130;;group;2001;;;Ink cartridge gray;19-14-06-05;24-20-01-01;gray;;;;;;;;2;32159020;;;;;;;;;;;;;;;;;;;20.02.2026
145222140;;group;2001;;;Ink cartridge light black;19-14-06-05;24-20-01-01;black;;;;;;;;2;32159020;;;;;;;;;;;;;;;;;;;20.02.2026
145222150;;group;2001;;;Ink cartridge light light black;19-14-06-05;24-20-01-01;black;;;;;;;;2;32159020;;;;;;;;;;;;;;;;;;;20.02.2026
145222200;;group;2001;;;Ink cartridge single color;19-14-06-05;24-20-01-01;no color;;;;;;;;2;32159020;;;;;;;;;;;;;;;;;;;20.02.2026
145222210;;group;2001;;;Ink cartridge cyan;19-14-06-05;24-20-01-01;cyan;;;;;;;;2;32159020;;;;;;;;;;;;;;;;;;;20.02.2026
145222220;;group;2001;;;Ink cartridge light cyan;19-14-06-05;24-20-01-01;photocyan;;;;;;;;2;32159020;;;;;;;;;;;;;;;;;;;20.02.2026
145222230;;group;2001;;;Ink cartridge magenta;19-14-06-05;24-20-01-01;magenta;;;;;;;;2;32159020;;;;;;;;;;;;;;;;;;;20.02.2026
145222240;;group;2001;;;Ink cartridge light magenta;19-14-06-05;24-20-01-01;photomagenta;;;;;;;;2;32159020;;;;;;;;;;;;;;;;;;;20.02.2026
145222250;;group;2001;;;Ink cartridge yellow;19-14-06-05;24-20-01-01;yellow;;;;;;;;2;32159020;;;;;;;;;;;;;;;;;;;20.02.2026
145222260;;group;2001;;;Ink cartridge green;19-14-06-05;24-20-01-01;green;;;;;;;;2;32159020;;;;;;;;;;;;;;;;;;;20.02.2026
145222270;;group;2001;;;Ink cartridge red;19-14-06-05;24-20-01-01;red;;;;;;;;2;32159020;;;;;;;;;;;;;;;;;;;20.02.2026
145222280;;group;2001;;;Ink cartridge blue;19-14-06-05;24-20-01-01;blue;;;;;;;;2;32159020;;;;;;;;;;;;;;;;;;;20.02.2026
145222290;;group;2001;;;Others;19-14-06-05;24-20-01-01;no color;;;;;;;;2;32159020;;;;;;;;;;;;;;;;;;;20.02.2026
145222300;;group;2001;;;Ink cartridge  multi color;19-14-06-05;24-20-01-01;no color;;;;;;;;2;32159020;;;;;;;;;;;;;;;;;;;20.02.2026
99900236;;text;;;;45Y;;;;;;;;;;;;;;;;;;;;;;;;;;;;;;;20.02.2026
99900237;;text;;;;4FARB;;;;;;;;;;;;;;;;;;;;;;;;;;;;;;;20.02.2026
99900241;;text;;;;8FARB;;;;;;;;;;;;;;;;;;;;;;;;;;;;;;;20.02.2026
99900242;;text;;;;A0;;;;;;;;;;;;;;;;;;;;;;;;;;;;;;;20.02.2026
99900243;;text;;;;A1;;;;;;;;;;;;;;;;;;;;;;;;;;;;;;;20.02.2026
99900244;;text;145323000;;;A2;;;;;;;;;;;;;;;;;;;;;;F;F;F;F;F;;;;;20.02.2026
99900245;;text;145322000;;;A3;;;;;;;;;;;;;;;;;;;;;;F;F;F;F;F;;;;;20.02.2026
99900246;;text;145322000;;;A3+;;;;;;;;;;;;;;;;;;;;;;F;F;F;F;F;;;;;20.02.2026
99900247;;text;145321000;;;A4;;;;;;;;;;;;;;;;;;;;;;;;;;;;;;;20.02.2026
99900248;;text;;;;A4+;;;;;;;;;;;;;;;;;;;;;;;;;;;;;;;20.02.2026
99900249;;text;;;;A5;;;;;;;;;;;;;;;;;;;;;;;;;;;;;;;20.02.2026
99900250;;text;;;;A6;;;;;;;;;;;;;;;;;;;;;;;;;;;;;;;20.02.2026
99900251;;text;;;;AB;;;;;;;;;;;;;;;;;;;;;;;;;;;;;;;20.02.2026
99900252;;text;;;;ALLE-ANDEREN;;;;;;;;;;;;;;;;;;;;;;;;;;;;;;;20.02.2026
99900253;;text;;;;ALT;;;;;;;;;;;;;;;;;;;;;;;;;;;;;;;20.02.2026
99900254;;text;;;;AQUA;;;;;;;;;;;;;;;;;;;;;;;;;;;;;;;20.02.2026
99900255;;text;145231910;;;ASSORTED-COLORS;;;;;;;;;;;;;;;;;;;;;;;;F;;;;;;;20.02.2026
99900256;;text;;;;AUCH;;;;;;;;;;;;;;;;;;;;;;;;;;;;;;;20.02.2026
99900257;;text;;;;SERIE;;;;;;;;;;;;;;;;;;;;;;;;;;;;;;;20.02.2026
99900258;;text;145320000;;;BACKPRINT-FILM;;;;;;;;;;;;;;;;;;;;;;;F;;;;;;;;20.02.2026
99900259;;text;145310000;;;BANNERPAPIER;;;;;;;;;;;;;;;;;;;;;;;F;;;;;;;;20.02.2026
99900260;;text;;;;BAR REVERSE;;;;;;;;;;;;;;;;;;;;;;;;;;;;;;;20.02.2026
99900261;;text;;;;BARCODE;;;;;;;;;;;;;;;;;;;;;;;;;;;;;;;20.02.2026
99900262;;text;145231500;;;BAUMWOLLE;;;;;;;;;;;;;;;;;;;;;;;;F;;;;;;;20.02.2026
99900263;;text;;;;BEIDSEITIG;;;;;;;;;;;;;;;;;;;;;;;;;;;;;;;20.02.2026
99900264;;text;;;;BELEGDRUCKER;;;;;;;;;;;;;;;;;;;;;;;;;;;;;;;20.02.2026
99900265;;text;;;;BESCHICHTET;;;;;;;;;;;;;;;;;;;;;;;;;;;;;;;20.02.2026
99900266;;text;;;;BIS;;;;;;;;;;;;;;;;;;;;;;;;;;;;;;;20.02.2026
99900267;;text;;;;BL.;;;;;;;;;;;;;;;;;;;;;;;;;;;;;;;20.02.2026
99900268;;text;;;;BLATT;;;;;;;;;;;;;;;;;;;;;;;;;;;;;;;20.02.2026
99900269;;text;;;;BLAU;;;;;;;;;;;;;;;;;;;;;;;;;;;;;;;20.02.2026
99900270;;text;;;;BLAUER-KNOPF;;;;;;;;;;;;;;;;;;;;;;;;;;;;;;;20.02.2026
99900271;;text;;;;BRAUN;;;;;;;;;;;;;;;;;;;;;;;;;;;;;;;20.02.2026
99900272;;text;;;;BREIT;;;;;;;;;;;;;;;;;;;;;;;;;;;;;;;20.02.2026
99900273;;text;145320000;;;BUEGELFOLIE;;;;;;;;;;;;;;;;;;;;;;;F;;;;;;;;20.02.2026
99900274;;text;145231300;;;CARBONBAND;;;;;;;;;;;;;;;;;;;;;;;;F;;;;;;;20.02.2026
99900276;;text;145215000;;;COATING-KIT;;;;;;;;;;;;;;;;;;;;;;;;F;;;;;;;20.02.2026
99900277;;text;145219200;;;COLLECTOR-UNIT;;;;;;;;;;;;;;;;;;;;;;;;F;;;;;;;20.02.2026
99900278;;text;;;;COLOR;;;;;;;;;;;;;;;;;;;;;;;;;;;;;;;20.02.2026
99900280;;text;145229200;;;COLOR-KIT;;;;;;;;;;;;;;;;;;;;;;F;;;;;;;;;20.02.2026
99900281;;text;;;;COMBO-PACK;;;;;;;;;;;;;;;;;;;;;;;;;;;;;;;20.02.2026
99900282;;text;145214300;;;CORONA;;;;;;;;;;;;;;;;;;;;;;;;F;;;;;;;20.02.2026
99900283;;text;145232100;;;CORRECTABLE-BAND;;;;;;;;;;;;;;;;;;;;;;F;;;;;;;;;20.02.2026
99900284;;text;145232200;;;COVER-UP-CASSETTE;;;;;;;;;;;;;;;;;;;;;;;;F;;;;;;;20.02.2026
99900285;;text;145232300;;;COVER-UP-TAPE;;;;;;;;;;;;;;;;;;;;;;;;F;;;;;;;20.02.2026
99900286;;text;;;;CYAN;;;;;;;;;;;;;;;;;;;;;;;;;;;;;;;20.02.2026
99900287;;text;145213100;;;DEVELOPER;;;;;;;;;;;;;;;;;;;;;;;;F;;;;;;;20.02.2026
99900288;;text;145213200;;;DEVELOPER-UNIT;;;;;;;;;;;;;;;;;;;;;;;;F;;;;;;;20.02.2026
99900289;;text;145320000;;;DISPLAY-VINYL;;;;;;;;;;;;;;;;;;;;;;;F;;;;;;;;20.02.2026
99900290;;text;;;;DRUCKER;;;;;;;;;;;;;;;;;;;;;;;;;;;;;;;20.02.2026
99900291;;text;145224900;;;DRUCKKOPF;;;;;;;;;;;;;;;;;;;;;;F;;;;;;;;;20.02.2026
99900292;;text;145229300;;;DRUCKKOPFBOX;;;;;;;;;;;;;;;;;;;;;;;;F;;;;;;;20.02.2026
99900293;;text;145200000;;;DRUCKMEDIEN;;;;;;;;;;;;;;;;;;;;;;;;F;;;;;;;20.02.2026
99900294;;text;;;;DRUCKSTOFF;;;;;;;;;;;;;;;;;;;;;;;;;;;;;;;20.02.2026
99900295;;text;145212500;;;DRUM;;;;;;;;;;;;;;;;;;;;;;;;F;;;;;;;20.02.2026
99900296;;text;145212100;;;DRUM-KIT;;;;;;;;;;;;;;;;;;;;;;;;F;;;;;;;20.02.2026
145222310;;group;2001;;;Ink cartridge color;19-14-06-05;24-20-01-01;color;;;;;;;;2;32159020;;;;;;;;;;;;;;;;;;;20.02.2026
145222320;;group;2001;;;Ink cartridge photo;19-14-06-05;24-20-01-01;no color;;;;;;;;2;32159020;;;;;;;;;;;;;;;;;;;20.02.2026
145222330;;group;2001;;;Others;19-14-06-05;24-20-01-01;no color;;;;;;;;2;32159020;;;;;;;;;;;;;;;;;;;20.02.2026
99901497;;text;145263000;;;PRAEGEBAND;;;;;;;;;;;;;;;;;;;;;;;;F;;;;;;;20.02.2026
99901498;;text;;;;VINYL;;;;;;;;;;;;;;;;;;;;;;;;;;;;;;;20.02.2026
99901511;;text;;;;GLOSSYOPTIMIZER;;;;;;;;;;;;;;;;;;;;;;;;;;;;;;;20.02.2026
99901512;;text;;;;SATINIERT;;;;;;;;;;;;;;;;;;;;;;;;;;;;;;;20.02.2026
99901513;;text;;;;STRUKTURIERT;;;;;;;;;;;;;;;;;;;;;;;;;;;;;;;20.02.2026
99901514;;text;;;;AQUARELL;;;;;;;;;;;;;;;;;;;;;;;;;;;;;;;20.02.2026
99901531;;text;145251000;;;FOTOPACK;;;;;;;;;;;;;;;;;;;;;;;;F;;;;;;;20.02.2026
99901571;;text;145219100;;;SERVICE-KIT;;;;;;;;;;;;;;;;;;;;;;;;F;;;;;;;20.02.2026
99901572;;text;;;;OBEN;;;;;;;;;;;;;;;;;;;;;;;;;;;;;;;20.02.2026
99901573;;text;;;;UNTEN;;;;;;;;;;;;;;;;;;;;;;;;;;;;;;;20.02.2026
99901591;;text;145212400;;;SILIKONWALZE;;;;;;;;;;;;;;;;;;;;;;;;F;;;;;;;20.02.2026
99900113;;text;;;;/DEALER;;;;;;;;;;;;;;;;;;;;;;;;;;;;;;;20.02.2026
99900114;;text;;;;/DINGRP;;;;;;;;;;;;;;;;;;;;;;;;;;;;;;;20.02.2026
99900115;;text;;;;/DRUCKWERK;;;;;;;;;;;;;;;;;;;;;;;;;;;;;;;20.02.2026
99900116;;text;;;;/DTIME;;;;;;;;;;;;;;;;;;;;;;;;;;;;;;;20.02.2026
99900117;;text;;;;/ERASE;;;;;;;;;;;;;;;;;;;;;;;;;;;;;;;20.02.2026
99900118;;text;;;;/FITTING;;;;;;;;;;;;;;;;;;;;;;;;;;;;;;;20.02.2026
99900119;;text;;;;/FREESHIP;;;;;;;;;;;;;;;;;;;;;;;;;;;;;;;20.02.2026
99900120;;text;;;;/GANZWORT;;;;;;;;;;;;;;;;;;;;;;;;;;;;;;;20.02.2026
99900122;;text;;;;/GRINFO;;;;;;;;;;;;;;;;;;;;;;;;;;;;;;;20.02.2026
99900123;;text;;;;/GRPDIS;;;;;;;;;;;;;;;;;;;;;;;;;;;;;;;20.02.2026
99900124;;text;;;;/GRPE;;;;;;;;;;;;;;;;;;;;;;;;;;;;;;;20.02.2026
99900125;;text;;;;/GRUPPEN;;;;;;;;;;;;;;;;;;;;;;;;;;;;;;;20.02.2026
99900126;;text;;;;/HELP;;;;;;;;;;;;;;;;;;;;;;;;;;;;;;;20.02.2026
99900127;;text;;;;/HERSTELLER;;;;;;;;;;;;;;;;;;;;;;;;;;;;;;;20.02.2026
99900128;;text;;;;/INPUT;;;;;;;;;;;;;;;;;;;;;;;;;;;;;;;20.02.2026
99900129;;text;;;;/KATALOG;;;;;;;;;;;;;;;;;;;;;;;;;;;;;;;20.02.2026
99900130;;text;;;;/KOMPA;;;;;;;;;;;;;;;;;;;;;;;;;;;;;;;20.02.2026
99900131;;text;;;;/LIST;;;;;;;;;;;;;;;;;;;;;;;;;;;;;;;20.02.2026
99900132;;text;;;;/MANUAL;;;;;;;;;;;;;;;;;;;;;;;;;;;;;;;20.02.2026
99900133;;text;;;;/MASCHGRP;;;;;;;;;;;;;;;;;;;;;;;;;;;;;;;20.02.2026
99900134;;text;;;;/MEDIEN;;;;;;;;;;;;;;;;;;;;;;;;;;;;;;;20.02.2026
99900135;;text;;;;/MEMOEDIT;;;;;;;;;;;;;;;;;;;;;;;;;;;;;;;20.02.2026
99900136;;text;;;;/MENGE;;;;;;;;;;;;;;;;;;;;;;;;;;;;;;;20.02.2026
99900137;;text;;;;/MINORD;;;;;;;;;;;;;;;;;;;;;;;;;;;;;;;20.02.2026
99900138;;text;;;;/MODELLE;;;;;;;;;;;;;;;;;;;;;;;;;;;;;;;20.02.2026
99900139;;text;;;;/MODLIST;;;;;;;;;;;;;;;;;;;;;;;;;;;;;;;20.02.2026
99900142;;text;;;;/NETTO;;;;;;;;;;;;;;;;;;;;;;;;;;;;;;;20.02.2026
99900143;;text;;;;/NOGRP;;;;;;;;;;;;;;;;;;;;;;;;;;;;;;;20.02.2026
99900144;;text;;;;/OEMLIST;;;;;;;;;;;;;;;;;;;;;;;;;;;;;;;20.02.2026
99900145;;text;;;;/OEMNR;;;;;;;;;;;;;;;;;;;;;;;;;;;;;;;20.02.2026
99900146;;text;;;;/OPTIONS;;;;;;;;;;;;;;;;;;;;;;;;;;;;;;;20.02.2026
99900147;;text;;;;/ORDER;;;;;;;;;;;;;;;;;;;;;;;;;;;;;;;20.02.2026
99900148;;text;;;;/PRBRUT;;;;;;;;;;;;;;;;;;;;;;;;;;;;;;;20.02.2026
99900149;;text;;;;/PREIS;;;;;;;;;;;;;;;;;;;;;;;;;;;;;;;20.02.2026
99900150;;text;;;;/PRNET;;;;;;;;;;;;;;;;;;;;;;;;;;;;;;;20.02.2026
99900151;;text;;;;/FILE;;;;;;;;;;;;;;;;;;;;;;;;;;;;;;;20.02.2026
99900152;;text;;;;/REMARK;;;;;;;;;;;;;;;;;;;;;;;;;;;;;;;20.02.2026
99900153;;text;;;;/RESET;;;;;;;;;;;;;;;;;;;;;;;;;;;;;;;20.02.2026
99900154;;text;;;;/RTIME;;;;;;;;;;;;;;;;;;;;;;;;;;;;;;;20.02.2026
99900155;;text;;;;/SAVE;;;;;;;;;;;;;;;;;;;;;;;;;;;;;;;20.02.2026
99900156;;text;;;;/SEITEN;;;;;;;;;;;;;;;;;;;;;;;;;;;;;;;20.02.2026
99900158;;text;;;;/SHIPCOST;;;;;;;;;;;;;;;;;;;;;;;;;;;;;;;20.02.2026
99900159;;text;;;;/USER;;;;;;;;;;;;;;;;;;;;;;;;;;;;;;;20.02.2026
99900160;;text;;;;/SKIZSIZE;;;;;;;;;;;;;;;;;;;;;;;;;;;;;;;20.02.2026
99900161;;text;;;;/SKIZZE;;;;;;;;;;;;;;;;;;;;;;;;;;;;;;;20.02.2026
99900162;;text;;;;/SNEWMEM;;;;;;;;;;;;;;;;;;;;;;;;;;;;;;;20.02.2026
99900163;;text;;;;/SPRACHE;;;;;;;;;;;;;;;;;;;;;;;;;;;;;;;20.02.2026
99900164;;text;;;;/STORE;;;;;;;;;;;;;;;;;;;;;;;;;;;;;;;20.02.2026
99900165;;text;;;;/SEEK;;;;;;;;;;;;;;;;;;;;;;;;;;;;;;;20.02.2026
99900166;;text;;;;/SUCHERG;;;;;;;;;;;;;;;;;;;;;;;;;;;;;;;20.02.2026
99900168;;text;;;;/SUCHOPT;;;;;;;;;;;;;;;;;;;;;;;;;;;;;;;20.02.2026
99900169;;text;;;;/SUCHTEXT;;;;;;;;;;;;;;;;;;;;;;;;;;;;;;;20.02.2026
99900170;;text;;;;/SUCHTHEM;;;;;;;;;;;;;;;;;;;;;;;;;;;;;;;20.02.2026
99900171;;text;;;;/TAGE;;;;;;;;;;;;;;;;;;;;;;;;;;;;;;;20.02.2026
99900172;;text;;;;/EXIT;;;;;;;;;;;;;;;;;;;;;;;;;;;;;;;20.02.2026
99900439;;text;;;;PURPURROT;;;;;;;;;;;;;;;;;;;;;;;;;;;;;;;20.02.2026
99900440;;text;;;;REBUILD;;;;;;;;;;;;;;;;;;;;;;;;;;;;;;;20.02.2026
99900441;;text;;;;RECYCELT;;;;;;;;;;;;;;;;;;;;;;;;;;;;;;;20.02.2026
99900442;;text;;;;REFILL;;;;;;;;;;;;;;;;;;;;;;;;;;;;;;;20.02.2026
99900443;;text;;;;REFILLAUTOMAT;;;;;;;;;;;;;;;;;;;;;;;;;;;;;;;20.02.2026
99900444;;text;145231960;;;REFILLBOX;;;;;;;;;;;;;;;;;;;;;;;;F;;;;;;;20.02.2026
99900445;;text;145218100;;;REINIGUNGSEINHEIT;;;;;;;;;;;;;;;;;;;;;;;;F;;;;;;;20.02.2026
99900446;;text;145218200;;;REINIGUNGSFILTER;;;;;;;;;;;;;;;;;;;;;;;;F;;;;;;;20.02.2026
99900447;;text;145218300;;;REINIGUNGSFILZ;;;;;;;;;;;;;;;;;;;;;;;;F;;;;;;;20.02.2026
99900448;;text;145218400;;;REINIGUNGSKASSETTE;;;;;;;;;;;;;;;;;;;;;;;;F;;;;;;;20.02.2026
99900449;;text;145216000;;;RESTTONERBEHAELTER;;;;;;;;;;;;;;;;;;;;;;;;F;;;;;;;20.02.2026
99900450;;text;;;;ROLLE;;;;;;;;;;;;;;;;;;;;;;;;;;;;;;;20.02.2026
99900451;;text;;;;ROT;;;;;;;;;;;;;;;;;;;;;;;;;;;;;;;20.02.2026
99900452;;text;;;;RUNDE-ECKEN;;;;;;;;;;;;;;;;;;;;;;;;;;;;;;;20.02.2026
99900453;;text;;;;RWS;;;;;;;;;;;;;;;;;;;;;;;;;;;;;;;20.02.2026
99900454;;text;145229100;;;SCANKOPF;;;;;;;;;;;;;;;;;;;;;;;;F;;;;;;;20.02.2026
99900455;;text;;;;SCHUTZHUELLEN;;;;;;;;;;;;;;;;;;;;;;;;;;;;;;;20.02.2026
99900456;;text;;;;SCHWARZ;;;;;;;;;;;;;;;;;;;;;;;;;;;;;;;20.02.2026
99900457;;text;;;;SCHWARZER-KNOPF;;;;;;;;;;;;;;;;;;;;;;;;;;;;;;;20.02.2026
99900458;;text;;;;SCHWER;;;;;;;;;;;;;;;;;;;;;;;;;;;;;;;20.02.2026
99900459;;text;145231600;;;SEIDE;;;;;;;;;;;;;;;;;;;;;;;;F;;;;;;;20.02.2026
99900460;;text;;;;SEIDENMATT;;;;;;;;;;;;;;;;;;;;;;;;;;;;;;;20.02.2026
99900461;;text;;;;SEITEN;;;;;;;;;;;;;;;;;;;;;;;;;;;;;;;20.02.2026
99900462;;text;;;;SELBSTKLEBEND;;;;;;;;;;;;;;;;;;;;;;;;;;;;;;;20.02.2026
99900464;;text;;;;SHIELD;;;;;;;;;;;;;;;;;;;;;;;;;;;;;;;20.02.2026
99900465;;text;;;;SILBER;;;;;;;;;;;;;;;;;;;;;;;;;;;;;;;20.02.2026
99900467;;text;;;;SINGLE-SIDE;;;;;;;;;;;;;;;;;;;;;;;;;;;;;;;20.02.2026
99900468;;text;;;;SINGLE-SPOOL;;;;;;;;;;;;;;;;;;;;;;;;;;;;;;;20.02.2026
99900469;;text;;;;SINGLE-TRACK;;;;;;;;;;;;;;;;;;;;;;;;;;;;;;;20.02.2026
99900470;;text;145231200;;;SONDERTRAENK;;;;;;;;;;;;;;;;;;;;;;;;F;;;;;;;20.02.2026
99900471;;text;;;;SPALTEN;;;;;;;;;;;;;;;;;;;;;;;;;;;;;;;20.02.2026
99900472;;text;145266000;;;SPEICHER;;;;;;;;;;;;;;;;;;;;;;;;;;;;;;;20.02.2026
99900473;;text;;;;SPEZIAL-TINTE;;;;;;;;;;;;;;;;;;;;;;;;;;;;;;;20.02.2026
99900474;;text;145231950;;;STAHLDRUCKBAND;;;;;;;;;;;;;;;;;;;;;;;;F;;;;;;;20.02.2026
99900475;;text;;;;STAMP-LOOP;;;;;;;;;;;;;;;;;;;;;;;;;;;;;;;20.02.2026
99900476;;text;;;;STAUBFREI;;;;;;;;;;;;;;;;;;;;;;;;;;;;;;;20.02.2026
99900477;;text;145242000;;;SUBLIMATIONSPAPIER;;;;;;;;;;;;;;;;;;;;;;;;F;;;;;;;20.02.2026
99900478;;text;;;;TABLOID-EXTRA;;;;;;;;;;;;;;;;;;;;;;;;;;;;;;;20.02.2026
99900479;;text;;;;TENSION-REVERSE;;;;;;;;;;;;;;;;;;;;;;;;;;;;;;;20.02.2026
99900480;;text;;;;TEXT;;;;;;;;;;;;;;;;;;;;;;;;;;;;;;;20.02.2026
99900481;;text;145231930;;;THERMO-CARBONBAND;;;;;;;;;;;;;;;;;;;;;;;;F;;;;;;;20.02.2026
99900482;;text;145231940;;;THERMO-CARBON-ROLLE;;;;;;;;;;;;;;;;;;;;;;;;F;;;;;;;20.02.2026
99900483;;text;145240000;;;THERMO-TRANSFER;;;;;;;;;;;;;;;;;;;;;;;;F;;;;;;;20.02.2026
99900484;;text;145241000;;;THERMO-TRANSFER-BAND;;;;;;;;;;;;;;;;;;;;;;;;F;;;;;;;20.02.2026
99900485;;text;145242000;;;THERMO-TRANSFER-FILM;;;;;;;;;;;;;;;;;;;;;;;;F;;;;;;;20.02.2026
99900486;;text;145241000;;;THERMO-TRANSFER-KASSETTE;;;;;;;;;;;;;;;;;;;;;;;;F;;;;;;;20.02.2026
99900487;;text;145243000;;;THERMO-TRANSFER-MULTISTRIKE;;;;;;;;;;;;;;;;;;;;;;;;F;;;;;;;20.02.2026
99900488;;text;145244000;;;THERMO-TRANSFER-PAPIER;;;;;;;;;;;;;;;;;;;;;;;;F;;;;;;;20.02.2026
99900489;;text;145245000;;;THERMO-TRANSFER-ROLLE;;;;;;;;;;;;;;;;;;;;;;;;F;;;;;;;20.02.2026
99900490;;text;145246000;;;THERMO-TRANSFER-SEIDE;;;;;;;;;;;;;;;;;;;;;;;;F;;;;;;;20.02.2026
99900491;;text;;;;TINTE;;;;;;;;;;;;;;;;;;;;;;;;;;;;;;;20.02.2026
99900493;;text;145222600;;;TINTENPATRONE;;;;;;;;;;;;;;;;;;;;;;F;;;;;;;;;20.02.2026
99900494;;text;;;;TINTENSTIFT;;;;;;;;;;;;;;;;;;;;;;;;;;;;;;;20.02.2026
99900495;;text;145211600;;;TONER;;;;;;;;;;;;;;;;;;;;;;;;F;;;;;;;20.02.2026
99900496;;text;145211100;;;TONER-ENTWICKLEREINHEIT;;;;;;;;;;;;;;;;;;;;;;;;F;;;;;;;20.02.2026
99900497;;text;145219500;;;TONERFEINFILTER;;;;;;;;;;;;;;;;;;;;;;;;F;;;;;;;20.02.2026
99900499;;text;145211100;;;TONERKARTUSCHE;;;;;;;;;;;;;;;;;;;;;;F;;F;;;;;;;20.02.2026
99900500;;text;145211100;;;TONER-KIT;;;;;;;;;;;;;;;;;;;;;;;;F;;;;;;;20.02.2026
99900502;;text;145211100;;;TONER-TROMMELEINHEIT;;;;;;;;;;;;;;;;;;;;;;;;F;;;;;;;20.02.2026
99901831;;text;145211100;;;TONER-KIT SCHWARZ;;;;;;;;;;;;;;;;;;;;;;;;F;;;;;;;20.02.2026
99901851;;text;;;;/DONTSHOW;;;;;;;;;;;;;;;;;;;;;;;;;;;;;;;20.02.2026
99901852;;text;;;;/JA;;;;;;;;;;;;;;;;;;;;;;;;;;;;;;;20.02.2026
99901853;;text;;;;/NEIN;;;;;;;;;;;;;;;;;;;;;;;;;;;;;;;20.02.2026
99901871;;text;145261400;;;CUTTERBLADE;;;;;;;;;;;;;;;;;;;;;;F;;F;;;;;;;20.02.2026
99901891;;text;;;;/VEBLANK;;;;;;;;;;;;;;;;;;;;;;;;;;;;;;;20.02.2026
99901911;;text;;;;/REPLACES;;;;;;;;;;;;;;;;;;;;;;;;;;;;;;;20.02.2026
99901931;;text;;;;DOPPELPACK;;;;;;;;;;;;;;;;;;;;;;;;;;;;;;;20.02.2026
99901932;;text;;;;DREIERPACK;;;;;;;;;;;;;;;;;;;;;;;;;;;;;;;20.02.2026
99901951;;text;;;;MULTIPACK;;;;;;;;;;;;;;;;;;;;;;;;;;;;;;;20.02.2026
99901971;;text;;;;/FITSCHIP;;;;;;;;;;;;;;;;;;;;;;;;;;;;;;;20.02.2026
99901991;;text;145217100;;;FUSER CLEANING CARTRIDGE;;;;;;;;;;;;;;;;;;;;;;;;F;;;;;;;20.02.2026
99902011;;text;145211600;;;TONER-BAG;;;;;;;;;;;;;;;;;;;;;;;;F;;;;;;;20.02.2026
99902031;;text;;;;CUSTOMER;;;;;;;;;;;;;;;;;;;;;;;;;;;;;;;20.02.2026
99902032;;text;;;;ISNEW;;;;;;;;;;;;;;;;;;;;;;;;;;;;;;;20.02.2026
99902033;;text;;;;REMARK;;;;;;;;;;;;;;;;;;;;;;;;;;;;;;;20.02.2026
99900173;;text;;;;/TELEFAX;;;;;;;;;;;;;;;;;;;;;;;;;;;;;;;20.02.2026
99900174;;text;;;;/TELEFON;;;;;;;;;;;;;;;;;;;;;;;;;;;;;;;20.02.2026
99900175;;text;;;;/TEXT;;;;;;;;;;;;;;;;;;;;;;;;;;;;;;;20.02.2026
99900176;;text;;;;/PRINT;;;;;;;;;;;;;;;;;;;;;;;;;;;;;;;20.02.2026
99900177;;text;;;;/VEFORM;;;;;;;;;;;;;;;;;;;;;;;;;;;;;;;20.02.2026
99900178;;text;;;;/VERBMAT;;;;;;;;;;;;;;;;;;;;;;;;;;;;;;;20.02.2026
99900179;;text;;;;/WOERTER;;;;;;;;;;;;;;;;;;;;;;;;;;;;;;;20.02.2026
99900180;;text;;;;/ZAHLZIEL;;;;;;;;;;;;;;;;;;;;;;;;;;;;;;;20.02.2026
99901611;;text;;;;BUNDLE;;;;;;;;;;;;;;;;;;;;;;;;;;;;;;;20.02.2026
99901631;;text;;;;BLISTER_AM;;;;;;;;;;;;;;;;;;;;;;;;;;;;;;;20.02.2026
99901632;;text;;;;BLISTER_RF;;;;;;;;;;;;;;;;;;;;;;;;;;;;;;;20.02.2026
99901651;;text;;;;ADAPTER;;;;;;;;;;;;;;;;;;;;;;;;;;;;;;;20.02.2026
99901652;;text;;;;EASYCLICK;;;;;;;;;;;;;;;;;;;;;;;;;;;;;;;20.02.2026
99901671;;text;145231210;;;NYLONBAND SCHWARZ;;;;;;;;;;;;;;;;;;;;;;;;F;;;;;;;20.02.2026
99901672;;text;145231220;;;NYLONBAND SCHWARZ-ROT;;;;;;;;;;;;;;;;;;;;;;;;F;;;;;;;20.02.2026
99901673;;text;145231230;;;NYLONBAND VIOLETT;;;;;;;;;;;;;;;;;;;;;;;;F;;;;;;;20.02.2026
99901674;;text;145231240;;;NYLONBAND COLOR;;;;;;;;;;;;;;;;;;;;;;;;F;;;;;;;20.02.2026
99901691;;text;145232100;;;CORRECTABLE-BAND SCHWARZ;;;;;;;;;;;;;;;;;;;;;;;;F;;;;;;;20.02.2026
99901692;;text;145231250;;;NYLONBAND BLAU;;;;;;;;;;;;;;;;;;;;;;;;F;;;;;;;20.02.2026
99901711;;text;145211100;;;TONER SCHWARZ;;;;;;;;;;;;;;;;;;;;;;;;F;;;;;;;20.02.2026
99901712;;text;145211100;;;TONERKARTUSCHE SCHWARZ;;;;;;;;;;;;;;;;;;;;;;F;;F;;;;;;;20.02.2026
99901731;;text;145213100;;;DEVELOPER SCHWARZ;;;;;;;;;;;;;;;;;;;;;;;;F;;;;;;;20.02.2026
99901732;;text;145224130;;;DRUCKKOPF GRAU;;;;;;;;;;;;;;;;;;;;;;F;;;;;;;;;20.02.2026
99901733;;text;145222130;;;TINTENPATRONE GRAU;;;;;;;;;;;;;;;;;;;;;;F;;F;;;;;;;20.02.2026
99901734;;text;145222260;;;TINTENPATRONE GRUEN;;;;;;;;;;;;;;;;;;;;;;F;;F;;;;;;;20.02.2026
99901735;;text;145224900;;;DRUCKKOPF GRUEN;;;;;;;;;;;;;;;;;;;;;;F;;;;;;;;;20.02.2026
99901736;;text;145222120;;;TINTENPATRONE SCHWARZ MATT;;;;;;;;;;;;;;;;;;;;;;F;;F;;;;;;;20.02.2026
99901737;;text;145224120;;;DRUCKKOPF SCHWARZ MATT;;;;;;;;;;;;;;;;;;;;;;F;;;;;;;;;20.02.2026
99901738;;text;145231930;;;THERMO-CARBONBAND SCHWARZ;;;;;;;;;;;;;;;;;;;;;;;;F;;;;;;;20.02.2026
99901739;;text;145231930;;;THERMO-CARBONBAND BLAU;;;;;;;;;;;;;;;;;;;;;;;;F;;;;;;;20.02.2026
99901740;;text;;;;/MEHR;;;;;;;;;;;;;;;;;;;;;;;;;;;;;;;20.02.2026
99901751;;text;145224320;;;DRUCKKOPF FOTO;;;;;;;;;;;;;;;;;;;;;;F;;;;;;;;;20.02.2026
99901752;;text;145222150;;;TINTENPATRONE SCHWARZ HELL HELL;;;;;;;;;;;;;;;;;;;;;;F;;F;;;;;;;20.02.2026
99901753;;text;145222270;;;TINTENPATRONE ROT;;;;;;;;;;;;;;;;;;;;;;F;;F;;;;;;;20.02.2026
99901754;;text;145222280;;;TINTENPATRONE BLAU;;;;;;;;;;;;;;;;;;;;;;F;;F;;;;;;;20.02.2026
99901771;;text;145224900;;;DRUCKKOPF BLAU;;;;;;;;;;;;;;;;;;;;;;F;;;;;;;;;20.02.2026
99901772;;text;145224900;;;DRUCKKOPF ROT;;;;;;;;;;;;;;;;;;;;;;F;;;;;;;;;20.02.2026
99901773;;text;145222320;;;TINTENPATRONE FOTO;;;;;;;;;;;;;;;;;;;;;;F;;F;;;;;;;20.02.2026
99901791;;text;;;;SINGLE COLOR;;;;;;;;;;;;;;;;;;;;;;;;;;;;;;;20.02.2026
99901792;;text;;;;MULTI COLOR;;;;;;;;;;;;;;;;;;;;;;;;;;;;;;;20.02.2026
99901793;;text;145224220;;;DRUCKKOPF CYAN HELL;;;;;;;;;;;;;;;;;;;;;;F;;;;;;;;;20.02.2026
99901794;;text;145224240;;;DRUCKKOPF MAGENTA HELL;;;;;;;;;;;;;;;;;;;;;;F;;;;;;;;;20.02.2026
99901811;;text;145211200;;;TONER CYAN;;;;;;;;;;;;;;;;;;;;;;;;F;;;;;;;20.02.2026
99901812;;text;145211300;;;TONER MAGENTA;;;;;;;;;;;;;;;;;;;;;;;;F;;;;;;;20.02.2026
99901813;;text;145211400;;;TONER YELLOW;;;;;;;;;;;;;;;;;;;;;;F;;;;;;;;;20.02.2026
99901814;;text;145211400;;;TONERKARTUSCHE YELLOW;;;;;;;;;;;;;;;;;;;;;;F;;F;;;;;;;20.02.2026
99901815;;text;145211300;;;TONERKARTUSCHE MAGENTA;;;;;;;;;;;;;;;;;;;;;;F;;F;;;;;;;20.02.2026
99901816;;text;145211200;;;TONERKARTUSCHE CYAN;;;;;;;;;;;;;;;;;;;;;;F;;F;;;;;;;20.02.2026
99901817;;text;145211200;;;TONER-KIT CYAN;;;;;;;;;;;;;;;;;;;;;;;;F;;;;;;;20.02.2026
99901818;;text;145211300;;;TONER-KIT MAGENTA;;;;;;;;;;;;;;;;;;;;;;;;F;;;;;;;20.02.2026
99901819;;text;145211400;;;TONER-KIT YELLOW;;;;;;;;;;;;;;;;;;;;;;;;F;;;;;;;20.02.2026
50248639;;text;145222400;;;TINTENPATRONE MULTIPACK SCHWARZ+COLOR;;;;;;;;;;;;;;;;;;;;;;F;;;;;;;;;20.02.2026
145195000;;group;2001;;;<3D-DRUCKER>;19-14-01-90;19-02;no color;;;;;;;;9;84433210;;;;;;;;;;;;;;;;;;;20.02.2026
90000981;20000728;group;2009;;;712;;;;;;;;;;;;;;;;;;;;;;;;;;;;;;;20.02.2026
50343024;;text;145222130;;;TINTENPATRONE GRAU HELL;;;;;;;;;;;;;;;;;;;;;;F;;;;;;;;;20.02.2026
50181844;;text;145222400;;;TINTENPATRONE MULTIPACK BK,C,M,Y;;;;;;;;;;;;;;;;;;;;;;F;;;;;;;;;20.02.2026
50157546;20000886;group;2007;;;Home Copier Plus;;;;;;;;;;;2;;;;;;;;;;;;;;;;;;;;20.02.2026
50158596;20000499;group;2007;;;P;;;;;;;;;;;1;;;;;;;;;;;;;;;;;;;;20.02.2026
90001187;20000728;group;2009;;;768;;;;;;;;;;;;;;;;;;;;;;;;;;;;;;;20.02.2026
50159272;20000499;group;2007;;;V;;;;;;;;;;;1;;;;;;;;;;;;;;;;;;;;20.02.2026
50183507;20000264;item;145132000;;;Pixma MX 870 Series;;;;;;;;;;;870;;;;;;;;;;;;T;;;;;;;;20.02.2026
34001779;20001535;group;2007;;;PrimeLink;;;;;;;;;;;1;;;;;;;;;;;;;;;;;;;;20.02.2026
50155258;20000264;item;145132000;;;Pixma MP 620 Series;;;;;;;;;;;620;;;;;;;;;;;;T;;;;;;;;20.02.2026
34001073;20000499;group;2007;;;E;;;;;;;;;;;1;;;;;;;;;;;;;;;;;;;;20.02.2026
34001074;20000499;group;2007;;;H;;;;;;;;;;;1;;;;;;;;;;;;;;;;;;;;20.02.2026
90000964;20000593;group;2009;;;112;;;;;;;;;;;;;;;;;;;;;;;;;;;;;;;20.02.2026
90000965;20001484;group;2009;;;CK-5514;;;;;;;;;;;;;;;;;;;;;;;;;;;;;;;20.02.2026
90000966;20001453;group;2009;;;CK-5514;;;;;;;;;;;;;;;;;;;;;;;;;;;;;;;20.02.2026
50192516;;text;145221400;;;DRUCKKOPFPATRONE MULTIPACK BK,C,M,Y;;;;;;;;;;;;;;;;;;;;;;F;;;;;;;;;20.02.2026
50194607;20000886;group;2007;;;Interact;;;;;;;;;;;1;;;;;;;;;;;;;;;;;;;;20.02.2026
50173807;;text;145222400;;;TINTENPATRONE MULTIPACK C,M,Y;;;;;;;;;;;;;;;;;;;;;;F;;;;;;;;;20.02.2026
90001139;20000264;group;2009;;;053 H;;;;;;;;;;;;;;;;;;;;;;;;;;;;;;;20.02.2026
50170859;20000264;item;145123000;;;i-SENSYS MF 4000 Series;;;;;;;;;;;4000;;;;;;;;;;;;T;;;;;;;;20.02.2026
50184767;20000886;group;2007;;;Intuition;;;;;;;;;;;1;;;;;;;;;;;;;;;;;;;;20.02.2026
50173750;20000264;item;145131000;;;I 900 Series;;;;;;;;;;;900;;;;;;;;;;;;T;;;;;;;;20.02.2026
50158700;20000886;group;2007;;;CX;;;;;;;;;;;2;;;;;;;;;;;;;;;;;;;;20.02.2026
50181938;20000229;group;2007;;;MFC-J;;;;;;;;;;;1;;;;;;;;;;;;;;;;;;;;20.02.2026
50179324;;text;145193000;;;LAMINIERGERAET;;;;;;;;;;;;;;;;;;;;;;;;;;;;;;;20.02.2026
50180328;20000593;group;2007;;;SureColor;;;;;;;;;;;1;;;;;;;;;;;;;;;;;;;;20.02.2026
50171983;20000851;group;2007;;;Hero;;;;;;;;;;;1;;;;;;;;;;;;;;;;;;;;20.02.2026
50172868;;text;145222400;;;TINTENPATRONE MULTIPACK BK,C,M,Y,LC,LM;;;;;;;;;;;;;;;;;;;;;;F;;;;;;;;;20.02.2026
50193729;20000886;group;2007;;;Genesis;;;;;;;;;;;2;;;;;;;;;;;;;;;;;;;;20.02.2026
50177197;20000264;item;145132000;;;Pixma MP 450 Series;;;;;;;;;;;450;;;;;;;;;;;;T;;;;;;;;20.02.2026
50296302;;text;145263000;;;METALLPRAEGEBAND;;;;;;;;;;;;;;;;;;;;;;F;;;;;;;;;20.02.2026
99900297;;text;145212200;;;DRUM-UNIT;;;;;;;;;;;;;;;;;;;;;;;;F;;;;;;;20.02.2026
99900298;;text;;;;DUAL-TRACK;;;;;;;;;;;;;;;;;;;;;;;;;;;;;;;20.02.2026
99900299;;text;;;;DUNKEL;;;;;;;;;;;;;;;;;;;;;;;;;;;;;;;20.02.2026
99900300;;text;145231920;;;ELEKTRO-THERMAL-BAND;;;;;;;;;;;;;;;;;;;;;;;;F;;;;;;;20.02.2026
99900301;;text;;;;ENDORSER;;;;;;;;;;;;;;;;;;;;;;;;;;;;;;;20.02.2026
99900302;;text;145231970;;;ERASE-ROD;;;;;;;;;;;;;;;;;;;;;;;;F;;;;;;;20.02.2026
99900303;;text;145245000;;;ERSATZFILM;;;;;;;;;;;;;;;;;;;;;;;;F;;;;;;;20.02.2026
99900304;;text;145330000;;;ETIKETTEN;;;;;;;;;;;;;;;;;;;;;;;F;;;;;;;;20.02.2026
99900305;;text;;;;EXTENDED-LIFE;;;;;;;;;;;;;;;;;;;;;;;;;;;;;;;20.02.2026
99900306;;text;;;;EXTRA-LEISE;;;;;;;;;;;;;;;;;;;;;;;;;;;;;;;20.02.2026
99900307;;text;145231100;;;FARBBAND;;;;;;;;;;;;;;;;;;;;;;;;F;;;;;;;20.02.2026
99900308;;text;;;;FARBDRUCKER;;;;;;;;;;;;;;;;;;;;;;;;;;;;;;;20.02.2026
99900309;;text;;;;FARBE;;;;;;;;;;;;;;;;;;;;;;;;;;;;;;;20.02.2026
99900310;;text;145242000;;;FARBFOLIE;;;;;;;;;;;;;;;;;;;;;;;;F;;;;;;;20.02.2026
99900311;;text;145229200;;;FARBOPTION;;;;;;;;;;;;;;;;;;;;;;;;F;;;;;;;20.02.2026
99900312;;text;145231800;;;FARBROLLE;;;;;;;;;;;;;;;;;;;;;;;;F;;;;;;;20.02.2026
99900313;;text;;;;FARBTRAEGER;;;;;;;;;;;;;;;;;;;;;;;;;;;;;;;20.02.2026
99900316;;text;145262000;;;FAXPAPIERUHS;;;;;;;;;;;;;;;;;;;;;;;;F;;;;;;;20.02.2026
99900317;;text;;;;FEIN;;;;;;;;;;;;;;;;;;;;;;;;;;;;;;;20.02.2026
99900318;;text;145223000;;;FESTTINTE;;;;;;;;;;;;;;;;;;;;;;;;F;;;;;;;20.02.2026
99900319;;text;145233000;;;FILM;;;;;;;;;;;;;;;;;;;;;;;;F;;;;;;;20.02.2026
99900320;;text;;;;FILTER-KIT;;;;;;;;;;;;;;;;;;;;;;;;;;;;;;;20.02.2026
99900321;;text;145217300;;;FIXIEROEL;;;;;;;;;;;;;;;;;;;;;;;;F;;;;;;;20.02.2026
99900322;;text;;;;FLUORESZIEREND;;;;;;;;;;;;;;;;;;;;;;;;;;;;;;;20.02.2026
99900323;;text;;;;FOIL-END;;;;;;;;;;;;;;;;;;;;;;;;;;;;;;;20.02.2026
99900324;;text;;;;FOIL-REVERSE;;;;;;;;;;;;;;;;;;;;;;;;;;;;;;;20.02.2026
99900325;;text;;;;FOTO;;;;;;;;;;;;;;;;;;;;;;;;;;;;;;;20.02.2026
99900326;;text;145310000;;;FOTOKARTE;;;;;;;;;;;;;;;;;;;;;;;F;;;;;;;;20.02.2026
99900327;;text;145227000;;;FOTO-KIT;;;;;;;;;;;;;;;;;;;;;;;;F;;;;;;;20.02.2026
99900328;;text;145310000;;;FOTOPAPIER;;;;;;;;;;;;;;;;;;;;;;;F;;;;;;;;20.02.2026
99900329;;text;;;;FOTO-QUALITY;;;;;;;;;;;;;;;;;;;;;;;;;;;;;;;20.02.2026
99900330;;text;145330000;;;FOTOSTICKER;;;;;;;;;;;;;;;;;;;;;;;F;;;;;;;;20.02.2026
99900331;;text;145222320;;;FOTOTINTENPATRONE;;;;;;;;;;;;;;;;;;;;;;F;;F;;;;;;;20.02.2026
99900332;;text;;;;FUER;;;;;;;;;;;;;;;;;;;;;;;;;;;;;;;20.02.2026
99900333;;text;145217100;;;FUSER-KIT;;;;;;;;;;;;;;;;;;;;;;;;F;;;;;;;20.02.2026
99900334;;text;145217200;;;FUSER-ROLLER;;;;;;;;;;;;;;;;;;;;;;;;F;;;;;;;20.02.2026
99900335;;text;;;;GESCHWEISSTE-ROLLE;;;;;;;;;;;;;;;;;;;;;;;;;;;;;;;20.02.2026
99900336;;text;145310000;;;GESTRICHENES-PAPIER;;;;;;;;;;;;;;;;;;;;;;;F;;;;;;;;20.02.2026
99900337;;text;;;;GLAENZEND;;;;;;;;;;;;;;;;;;;;;;;;;;;;;;;20.02.2026
99900338;;text;;;;GLASKLAR;;;;;;;;;;;;;;;;;;;;;;;;;;;;;;;20.02.2026
99900339;;text;145320000;;;GLOSSYFILM;;;;;;;;;;;;;;;;;;;;;;;F;;;;;;;;20.02.2026
99900340;;text;145310000;;;GLOSSYFOTOPAPIER;;;;;;;;;;;;;;;;;;;;;;;F;;;;;;;;20.02.2026
99900341;;text;145310000;;;GLOSSY-FOTOPAPIER;;;;;;;;;;;;;;;;;;;;;;;F;;;;;;;;20.02.2026
99900342;;text;145310000;;;GLOSSYPAPIER;;;;;;;;;;;;;;;;;;;;;;;F;;;;;;;;20.02.2026
99900343;;text;;;;GM2;;;;;;;;;;;;;;;;;;;;;;;;;;;;;;;20.02.2026
99900344;;text;;;;GRAMM;;;;;;;;;;;;;;;;;;;;;;;;;;;;;;;20.02.2026
99900345;;text;;;;GROESSE;;;;;;;;;;;;;;;;;;;;;;;;;;;;;;;20.02.2026
99900346;;text;;;;GROSS;;;;;;;;;;;;;;;;;;;;;;;;;;;;;;;20.02.2026
99900347;;text;;;;GRUEN;;;;;;;;;;;;;;;;;;;;;;;;;;;;;;;20.02.2026
99900348;;text;145310000;;;GRUSSKARTEN;;;;;;;;;;;;;;;;;;;;;;;F;;;;;;;;20.02.2026
99900349;;text;;;;GUMMIZAHNRAEDER;;;;;;;;;;;;;;;;;;;;;;;;;;;;;;;20.02.2026
99900350;;text;;;;HEAVY-INKING;;;;;;;;;;;;;;;;;;;;;;;;;;;;;;;20.02.2026
99900351;;text;;;;HELL;;;;;;;;;;;;;;;;;;;;;;;;;;;;;;;20.02.2026
99900352;;text;;;;HIGH-CAPACITY;;;;;;;;;;;;;;;;;;;;;;;;;;;;;;;20.02.2026
99900353;;text;;;;HIGH-DENSITY;;;;;;;;;;;;;;;;;;;;;;;;;;;;;;;20.02.2026
99900354;;text;;;;HIGH-DENSITY-NACHTRAENKSYSTEM;;;;;;;;;;;;;;;;;;;;;;;;;;;;;;;20.02.2026
99900355;;text;;;;HIGH-YIELD;;;;;;;;;;;;;;;;;;;;;;;;;;;;;;;20.02.2026
99900356;;text;;;;HITZEBESTAENDIG;;;;;;;;;;;;;;;;;;;;;;;;;;;;;;;20.02.2026
99900357;;text;;;;HOHE-AUFLOESUNG;;;;;;;;;;;;;;;;;;;;;;;;;;;;;;;20.02.2026
99900358;;text;;;;HOLE-REVERSE;;;;;;;;;;;;;;;;;;;;;;;;;;;;;;;20.02.2026
99900359;;text;;;;INFRAROT-LESBAR;;;;;;;;;;;;;;;;;;;;;;;;;;;;;;;20.02.2026
99900360;;text;;;;INKING-KIT;;;;;;;;;;;;;;;;;;;;;;;;;;;;;;;20.02.2026
99900361;;text;145310000;;;INKJETPAPIER;;;;;;;;;;;;;;;;;;;;;;;F;;;;;;;;20.02.2026
99900362;;text;145310000;;;SPEZIALPAPIER;;;;;;;;;;;;;;;;;;;;;;;F;;;;;;;;20.02.2026
99900364;;text;145310000;;;JETPAPIER;;;;;;;;;;;;;;;;;;;;;;;F;;;;;;;;20.02.2026
50327448;;text;;;;FILTER;;;;;;;;;;;;;;;;;;;;;;;;;;;;;;;20.02.2026
50175850;20000886;group;2007;;;TS;;;;;;;;;;;1;;;;;;;;;;;;;;;;;;;;20.02.2026
50165084;20000264;item;145222110;4705 A 046;BCI-6 BK;Ink cartridge black twin pack;;;black;958;4127;;ISO/IEC 24711;;;;2;210;;;13;;;;;;;F;;F;;;;;;;20.02.2026
50150662;20000264;item;145142000;;;Laser Class 2000 Series;;;;;;;;;;;2000;;;;;;;;;;;;T;;;;;;;;20.02.2026
50149228;20000264;group;2007;;;Copymouse;;;;;;;;;;;2;;;;;;;;;;;;;;;;;;;;20.02.2026
90001295;20001289;group;2009;;;MX-230;;;;;;;;;;;;;;;;;;;;;;;;;;;;;;;20.02.2026
90001296;20001289;group;2009;;;MX-607;;;;;;;;;;;;;;;;;;;;;;;;;;;;;;;20.02.2026
50163981;20001240;group;2007;;;CJX;;;;;;;;;;;1;;;;;;;;;;;;;;;;;;;;20.02.2026
50164008;20000886;group;2007;;;Pro;;;;;;;;;;;1;;;;;;;;;;;;;;;;;;;;20.02.2026
90000918;20000728;group;2009;;;202A;;;;;;;;;;;;;;;;;;;;;;;;;;;;;;;20.02.2026
90001155;20001289;group;2009;;;ARC-16;;;;;;;;;;;;;;;;;;;;;;;;;;;;;;;20.02.2026
90001156;20001289;group;2009;;;AR-540;;;;;;;;;;;;;;;;;;;;;;;;;;;;;;;20.02.2026
90001137;20001453;group;2009;;;CK-8531;;;;;;;;;;;;;;;;;;;;;;;;;;;;;;;20.02.2026
34001360;20001214;group;2007;;;Sp;;;;;;;;;;;1;;;;;;;;;;;;;;;;;;;;20.02.2026
34001361;20001214;group;2007;;;SP C;;;;;;;;;;;1;;;;;;;;;;;;;;;;;;;;20.02.2026
34001362;20001214;group;2007;;;MP;;;;;;;;;;;1;;;;;;;;;;;;;;;;;;;;20.02.2026
34001363;20001214;group;2007;;;MP C;;;;;;;;;;;1;;;;;;;;;;;;;;;;;;;;20.02.2026
50187368;20000851;group;2007;;;Coloredge;;;;;;;;;;;1;;;;;;;;;;;;;;;;;;;;20.02.2026
50161396;;text;145222600;;;GELKARTUSCHE;;;;;;;;;;;;;;;;;;;;;;F;;;;;;;;;20.02.2026
50158107;20000264;item;145132000;;;Pixma MP 800 Series;;;;;;;;;;;800;;;;;;;;;;;;T;;;;;;;;20.02.2026
34000874;20000593;group;2007;;;EcoTank;;;;;;;;;;;1;;;;;;;;;;;;;;;;;;;;20.02.2026
50161411;20000264;item;145123000;;;i-SENSYS MF 4600 Series;;;;;;;;;;;4600;;;;;;;;;;;;T;;;;;;;;20.02.2026
50161143;20000264;item;145222400;0621 B 030;CLI-8 GP-501;Ink cartridge multi pack C,M,Y +GP-501 10X15cm 50 sheet;;3x13ml;cyan magenta yellow;1505;;;;;;;3;;;;;;;;;;;F;;F;;;;;;;20.02.2026
50193165;20000886;group;2007;;;Impact;;;;;;;;;;;2;;;;;;;;;;;;;;;;;;;;20.02.2026
50192861;20000593;group;2007;;;LabelWorks;;;;;;;;;;;2;;;;;;;;;;;;;;;;;;;;20.02.2026
90001076;20001453;group;2009;;;CK-8530;;;;;;;;;;;;;;;;;;;;;;;;;;;;;;;20.02.2026
50175981;20000886;group;2007;;;Platinum;;;;;;;;;;;1;;;;;;;;;;;;;;;;;;;;20.02.2026
50150322;20000886;group;2007;;;XS;;;;;;;;;;;1;;;;;;;;;;;;;;;;;;;;20.02.2026
50163196;20000728;group;2007;;;Digital Copier;;;;;;;;;;;2;;;;;;;;;;;;;;;;;;;;20.02.2026
50150889;20000886;group;2007;;;MX;;;;;;;;;;;1;;;;;;;;;;;;;;;;;;;;20.02.2026
99900000;;text;;;;*NONE;;;;;;;;;;;;;;;;;;;;;;;;;;;;;;;20.02.2026
99900001;;text;145171000;;;*BD;;;;;;;;;;;;;;;;;;;;;;;F;;;;;;;;20.02.2026
99900002;;text;145172000;;;*C;;;;;;;;;;;;;;;;;;;;;;;;;;;;;;;20.02.2026
99900003;;text;145133000;;;*FD;;;;;;;;;;;;;;;;;;;;;;;;;;;;;;;20.02.2026
99900004;;text;145112000;;;*FK;;;;;;;;;;;;;;;;;;;;;;;;;;;;;;;20.02.2026
99900005;;text;145122000;;;*FL;;;;;;;;;;;;;;;;;;;;;;;;;;;;;;;20.02.2026
99900006;;text;145131000;;;*IJ;;;;;;;;;;;;;;;;;;;;;;;;;;;;;;;20.02.2026
99900007;;text;145141000;;;*IJF;;;;;;;;;;;;;;;;;;;;;;;;;;;;;;;20.02.2026
99900008;;text;145113000;;;*K;;;;;;;;;;;;;;;;;;;;;;;;;;;;;;;20.02.2026
99900009;;text;145173000;;;*KS;;;;;;;;;;;;;;;;;;;;;;;;;;;;;;;20.02.2026
99900010;;text;145121000;;;*L;;;;;;;;;;;;;;;;;;;;;;;;;;;;;;;20.02.2026
99900011;;text;145142000;;;*LF;;;;;;;;;;;;;;;;;;;;;;;;;;;;;;;20.02.2026
99900012;;text;145174000;;;*MD;;;;;;;;;;;;;;;;;;;;;;;;;;;;;;;20.02.2026
99900013;;text;145132000;;;*MFI;;;;;;;;;;;;;;;;;;;;;;;;;;;;;;;20.02.2026
99900014;;text;145123000;;;*MFL;;;;;;;;;;;;;;;;;;;;;;;;;;;;;;;20.02.2026
99900015;;text;145191000;;;*MP;;;;;;;;;;;;;;;;;;;;;;;F;;;;;;;;20.02.2026
99900016;;text;145135000;;;*P;;;;;;;;;;;;;;;;;;;;;;;;;;;;;;;20.02.2026
99900017;;text;145180000;;;*T;;;;;;;;;;;;;;;;;;;;;;;;;;;;;;;20.02.2026
99900018;;text;145161000;;;*TD;;;;;;;;;;;;;;;;;;;;;;;;;;;;;;;20.02.2026
99900019;;text;145143000;;;*THF;;;;;;;;;;;;;;;;;;;;;;;;;;;;;;;20.02.2026
99900020;;text;145144000;;;*TT;;;;;;;;;;;;;;;;;;;;;;;;;;;;;;;20.02.2026
99900021;;text;145111000;;;*ZDK;;;;;;;;;;;;;;;;;;;;;;;;;;;;;;;20.02.2026
99900022;;text;145192000;;;*ZLB;;;;;;;;;;;;;;;;;;;;;;;;;;;;;;;20.02.2026
99900023;;text;145134000;;;*ZLCD;;;;;;;;;;;;;;;;;;;;;;;;;;;;;;;20.02.2026
99900024;;text;145163000;;;*ZLDP;;;;;;;;;;;;;;;;;;;;;;;;;;;;;;;20.02.2026
99900025;;text;145124000;;;*ZLFP;;;;;;;;;;;;;;;;;;;;;;;;;;;;;;;20.02.2026
99900026;;text;145114000;;;*ZLPC;;;;;;;;;;;;;;;;;;;;;;;;;;;;;;;20.02.2026
99900027;;text;145136000;;;*ZLPG;;;;;;;;;;;;;;;;;;;;;;;;;;;;;;;20.02.2026
99900100;;text;;;;/3MIN;;;;;;;;;;;;;;;;;;;;;;;;;;;;;;;20.02.2026
99900101;;text;;;;/ABSEND;;;;;;;;;;;;;;;;;;;;;;;;;;;;;;;20.02.2026
99900102;;text;;;;/ALLDAT;;;;;;;;;;;;;;;;;;;;;;;;;;;;;;;20.02.2026
99900365;;text;145252000;;;FOTOKARTUSCHE;;;;;;;;;;;;;;;;;;;;;;;;F;;;;;;;20.02.2026
99900366;;text;;;;KASSETTE;;;;;;;;;;;;;;;;;;;;;;;;;;;;;;;20.02.2026
99900367;;text;;;;KATALOG;;;;;;;;;;;;;;;;;;;;;;;;;;;;;;;20.02.2026
99900368;;text;;;;KLAR;;;;;;;;;;;;;;;;;;;;;;;;;;;;;;;20.02.2026
99900370;;text;145320000;;;KLEBEFOLIEN;;;;;;;;;;;;;;;;;;;;;;;F;;;;;;;;20.02.2026
99900371;;text;;;;KLEIN;;;;;;;;;;;;;;;;;;;;;;;;;;;;;;;20.02.2026
99900372;;text;;;;KOMPRIMIERT;;;;;;;;;;;;;;;;;;;;;;;;;;;;;;;20.02.2026
99900373;;text;145214300;;;LADE-CORONA;;;;;;;;;;;;;;;;;;;;;;;;F;;;;;;;20.02.2026
99900374;;text;145320000;;;LAMINAT;;;;;;;;;;;;;;;;;;;;;;;F;;;;;;;;20.02.2026
99900375;;text;145310000;;;LASERPAPIER;;;;;;;;;;;;;;;;;;;;;;;F;;;;;;;;20.02.2026
99900376;;text;;;;LEGAL-SIZE;;;;;;;;;;;;;;;;;;;;;;;;;;;;;;;20.02.2026
99900377;;text;;;;LEICHT;;;;;;;;;;;;;;;;;;;;;;;;;;;;;;;20.02.2026
99900378;;text;;;;LEPORELLO;;;;;;;;;;;;;;;;;;;;;;;;;;;;;;;20.02.2026
99900379;;text;;;;LETTER-SIZE;;;;;;;;;;;;;;;;;;;;;;;;;;;;;;;20.02.2026
99900380;;text;145232400;;;LIFT-OFF-CASSETTE;;;;;;;;;;;;;;;;;;;;;;;;F;;;;;;;20.02.2026
99900381;;text;145232500;;;LIFT-OFF-TAPE;;;;;;;;;;;;;;;;;;;;;;F;;F;;;;;;;20.02.2026
99900382;;text;145330000;;;LJ-ETIKETTEN;;;;;;;;;;;;;;;;;;;;;;;F;;;;;;;;20.02.2026
99900383;;text;;;;LONGLIFE;;;;;;;;;;;;;;;;;;;;;;;;;;;;;;;20.02.2026
99900384;;text;;;;MAGENTA;;;;;;;;;;;;;;;;;;;;;;;;;;;;;;;20.02.2026
99900385;;text;;;;MAGNETISCH;;;;;;;;;;;;;;;;;;;;;;;;;;;;;;;20.02.2026
99900386;;text;145219100;;;MAINTENANCE-KIT;;;;;;;;;;;;;;;;;;;;;;;;F;;;;;;;20.02.2026
99900389;;text;;;;MATT;;;;;;;;;;;;;;;;;;;;;;;;;;;;;;;20.02.2026
99900390;;text;;;;MEDIUM-INKING;;;;;;;;;;;;;;;;;;;;;;;;;;;;;;;20.02.2026
99900391;;text;;;;MESH-REVERSE;;;;;;;;;;;;;;;;;;;;;;;;;;;;;;;20.02.2026
99900392;;text;;;;METALL;;;;;;;;;;;;;;;;;;;;;;;;;;;;;;;20.02.2026
99900393;;text;;;;METALLSPULE;;;;;;;;;;;;;;;;;;;;;;;;;;;;;;;20.02.2026
99900394;;text;;;;MIKROPERFORIERT;;;;;;;;;;;;;;;;;;;;;;;;;;;;;;;20.02.2026
99900395;;text;145211100;;;MIKROTONER;;;;;;;;;;;;;;;;;;;;;;;;F;;;;;;;20.02.2026
99900396;;text;;;;MIT;;;;;;;;;;;;;;;;;;;;;;;;;;;;;;;20.02.2026
99900397;;text;;;;MITTEL;;;;;;;;;;;;;;;;;;;;;;;;;;;;;;;20.02.2026
99900398;;text;;;;MOBIUSROLLE;;;;;;;;;;;;;;;;;;;;;;;;;;;;;;;20.02.2026
99900399;;text;;;;MODELL;;;;;;;;;;;;;;;;;;;;;;;;;;;;;;;20.02.2026
99900400;;text;;;;MONOCHROM;;;;;;;;;;;;;;;;;;;;;;;;;;;;;;;20.02.2026
99900401;;text;145231400;;;MULTISTRIKE-BAND;;;;;;;;;;;;;;;;;;;;;;;;F;;;;;;;20.02.2026
99900402;;text;;;;MYLAR;;;;;;;;;;;;;;;;;;;;;;;;;;;;;;;20.02.2026
99900403;;text;;;;NACHFUELLBAR;;;;;;;;;;;;;;;;;;;;;;;;;;;;;;;20.02.2026
99900404;;text;145231200;;;NACHTRAENK;;;;;;;;;;;;;;;;;;;;;;;;F;;;;;;;20.02.2026
99900405;;text;;;;NAHTLOSE-ROLLE;;;;;;;;;;;;;;;;;;;;;;;;;;;;;;;20.02.2026
99900406;;text;;;;NEGATIV;;;;;;;;;;;;;;;;;;;;;;;;;;;;;;;20.02.2026
99900407;;text;;;;NEU;;;;;;;;;;;;;;;;;;;;;;;;;;;;;;;20.02.2026
99900408;;text;;;;NICHTMAGNETISCH;;;;;;;;;;;;;;;;;;;;;;;;;;;;;;;20.02.2026
99900409;;text;145269000;;;NIX;;;;;;;;;;;;;;;;;;;;;;F;;;;;;;;;20.02.2026
99900410;;text;;;;NON-CORRECT;;;;;;;;;;;;;;;;;;;;;;;;;;;;;;;20.02.2026
99900411;;text;;;;NORMALGEBRAUCH;;;;;;;;;;;;;;;;;;;;;;;;;;;;;;;20.02.2026
99900412;;text;145310000;;;NORMALPAPIER;;;;;;;;;;;;;;;;;;;;;;;F;;;;;;;;20.02.2026
99900413;;text;;;;NUR;;;;;;;;;;;;;;;;;;;;;;;;;;;;;;;20.02.2026
99900414;;text;145231260;;;NYLONBAND;;;;;;;;;;;;;;;;;;;;;;;;F;;;;;;;20.02.2026
99900415;;text;;;;OCR;;;;;;;;;;;;;;;;;;;;;;;;;;;;;;;20.02.2026
99900416;;text;;;;ODER;;;;;;;;;;;;;;;;;;;;;;;;;;;;;;;20.02.2026
99900417;;text;145217300;;;OELTRAEGERMANSCHETTE;;;;;;;;;;;;;;;;;;;;;;;;F;;;;;;;20.02.2026
34001095;20000886;group;2007;;;XC;;;;;;;;;;;1;;;;;;;;;;;;;;;;;;;;20.02.2026
145213000;;group;2001;;;Developer;19-14-06-04;24-20-06-05;no color;;;;;;;;;84439990;;;;;;;;;;;;;;;;;;;20.02.2026
145213100;;group;2001;;;Developer;19-14-06-04;24-20-06-05;no color;;;;;;;;2;84439990;;;;;;;;;;;;;;;;;;;20.02.2026
145213200;;group;2001;;;Developer unit;19-14-06-04;24-20-06-05;no color;;;;;;;;2;84439990;;;;;;;;;;;;;;;;;;;20.02.2026
145213300;;group;2001;;;Master;19-14-06-04;24-20-06-05;no color;;;;;;;;2;84439990;;;;;;;;;;;;;;;;;;;20.02.2026
145214000;;group;2001;;;Transfer;19-14-06-08;24-20-02-09;no color;;;;;;;;;84439990;;;;;;;;;;;;;;;;;;;20.02.2026
145214100;;group;2001;;;Transfer-kit;19-14-06-08;24-20-02-09;no color;;;;;;;;2;84439990;;;;;;;;;;;;;;;;;;;20.02.2026
145214200;;group;2001;;;Transfer-unit;19-14-06-08;24-20-02-09;no color;;;;;;;;2;84439990;;;;;;;;;;;;;;;;;;;20.02.2026
145214300;;group;2001;;;Transfer-corona;19-14-06-08;24-20-02-09;no color;;;;;;;;2;84439990;;;;;;;;;;;;;;;;;;;20.02.2026
145214400;;group;2001;;;Transfer roller;19-14-06-08;24-20-02-09;no color;;;;;;;;2;84439990;;;;;;;;;;;;;;;;;;;20.02.2026
145214500;;group;2001;;;Charger-Kit;19-14-06-08;24-20-02-09;no color;;;;;;;;2;84439990;;;;;;;;;;;;;;;;;;;20.02.2026
145215000;;group;2001;;;Coating-kit;19-14-06-90;24-20;no color;;;;;;;;2;84439990;;;;;;;;;;;;;;;;;;;20.02.2026
99900418;;text;145217300;;;OELTUCH;;;;;;;;;;;;;;;;;;;;;;;;F;;;;;;;20.02.2026
99900419;;text;;;;OHNE;;;;;;;;;;;;;;;;;;;;;;;;;;;;;;;20.02.2026
99900420;;text;145212100;;;OPC-KIT;;;;;;;;;;;;;;;;;;;;;;;;F;;;;;;;20.02.2026
99900421;;text;145212100;;;OPC-MAGAZIN;;;;;;;;;;;;;;;;;;;;;;;;F;;;;;;;20.02.2026
99900422;;text;;;;ORANGE;;;;;;;;;;;;;;;;;;;;;;;;;;;;;;;20.02.2026
99900423;;text;145219400;;;OZONFILTER;;;;;;;;;;;;;;;;;;;;;;;;F;;;;;;;20.02.2026
99900424;;text;145310000;;;PAPIER;;;;;;;;;;;;;;;;;;;;;;;F;;;;;;;;20.02.2026
99900425;;text;;;;PAPIERKASSETTE;;;;;;;;;;;;;;;;;;;;;;;;;;;;;;;20.02.2026
99900426;;text;;;;PAPIERTRAEGER;;;;;;;;;;;;;;;;;;;;;;;;;;;;;;;20.02.2026
99900428;;text;145310000;;;PAUSPAPIER-NATUR;;;;;;;;;;;;;;;;;;;;;;;F;;;;;;;;20.02.2026
99900429;;text;;;;PLAINPACK;;;;;;;;;;;;;;;;;;;;;;;;;;;;;;;20.02.2026
99900430;;text;;;;PLASTIK;;;;;;;;;;;;;;;;;;;;;;;;;;;;;;;20.02.2026
99900431;;text;;;;PLASTIKSPULE;;;;;;;;;;;;;;;;;;;;;;;;;;;;;;;20.02.2026
99900432;;text;;;;PLASTIKZAHNRAEDER;;;;;;;;;;;;;;;;;;;;;;;;;;;;;;;20.02.2026
99900433;;text;;;;PLOTTERSTIFT;;;;;;;;;;;;;;;;;;;;;;;;;;;;;;;20.02.2026
99900434;;text;145231700;;;POLYESTER;;;;;;;;;;;;;;;;;;;;;;;;F;;;;;;;20.02.2026
99901111;;text;;;;BLISTER;;;;;;;;;;;;;;;;;;;;;;;;;;;;;;;20.02.2026
99901112;;text;;;;BLISTERSECURITY;;;;;;;;;;;;;;;;;;;;;;;;;;;;;;;20.02.2026
99901131;;text;;;;/RELDR;;;;;;;;;;;;;;;;;;;;;;;;;;;;;;;20.02.2026
99901151;;text;;;;/NEWUP;;;;;;;;;;;;;;;;;;;;;;;;;;;;;;;20.02.2026
99901171;;text;;;;DRUCKKOPFREINIGER;;;;;;;;;;;;;;;;;;;;;;;;;;;;;;;20.02.2026
99901191;;text;145218500;;;REINIGUNGSROLLER;;;;;;;;;;;;;;;;;;;;;;;;F;;;;;;;20.02.2026
99901211;;text;145310000;;;GROSSFORMAT;;;;;;;;;;;;;;;;;;;;;;;F;;;;;;;;20.02.2026
99901212;;text;;;;LEINWAND;;;;;;;;;;;;;;;;;;;;;;;;;;;;;;;20.02.2026
99901213;;text;145320000;;;NORMALFORMAT;;;;;;;;;;;;;;;;;;;;;;;F;;;;;;;;20.02.2026
99901214;;text;145320000;;;KLEINFORMAT;;;;;;;;;;;;;;;;;;;;;;;F;;;;;;;;20.02.2026
99901231;;text;;;;REFILL-SYSTEM;;;;;;;;;;;;;;;;;;;;;;;;;;;;;;;20.02.2026
99901251;;text;;;;6FARB;;;;;;;;;;;;;;;;;;;;;;;;;;;;;;;20.02.2026
99901271;;text;;;;/BACK;;;;;;;;;;;;;;;;;;;;;;;;;;;;;;;20.02.2026
99901272;;text;;;;/FORWARD;;;;;;;;;;;;;;;;;;;;;;;;;;;;;;;20.02.2026
99901273;;text;;;;/FIRST;;;;;;;;;;;;;;;;;;;;;;;;;;;;;;;20.02.2026
99901274;;text;;;;/LAST;;;;;;;;;;;;;;;;;;;;;;;;;;;;;;;20.02.2026
99901275;;text;145215000;;;COATING-ROLL;;;;;;;;;;;;;;;;;;;;;;;;F;;;;;;;20.02.2026
99901291;;text;;;;VALUE-KIT;;;;;;;;;;;;;;;;;;;;;;;;;;;;;;;20.02.2026
99901311;;text;;;;/NEWART;;;;;;;;;;;;;;;;;;;;;;;;;;;;;;;20.02.2026
99901331;;text;;;;/ENTLIC;;;;;;;;;;;;;;;;;;;;;;;;;;;;;;;20.02.2026
99901332;;text;;;;/DEMO;;;;;;;;;;;;;;;;;;;;;;;;;;;;;;;20.02.2026
99901333;;text;;;;/LIC;;;;;;;;;;;;;;;;;;;;;;;;;;;;;;;20.02.2026
99901351;;text;145222110;;;TINTENPATRONE SCHWARZ;;;;;;;;;;;;;;;;;;;;;;F;;F;;;;;;;20.02.2026
99901352;;text;145222210;;;TINTENPATRONE CYAN;;;;;;;;;;;;;;;;;;;;;;F;;F;;;;;;;20.02.2026
99901353;;text;145222230;;;TINTENPATRONE MAGENTA;;;;;;;;;;;;;;;;;;;;;;F;;F;;;;;;;20.02.2026
99901354;;text;145222250;;;TINTENPATRONE YELLOW;;;;;;;;;;;;;;;;;;;;;;F;;F;;;;;;;20.02.2026
99901355;;text;145222310;;;TINTENPATRONE COLOR;;;;;;;;;;;;;;;;;;;;;;F;;F;;;;;;;20.02.2026
99901356;;text;145222220;;;TINTENPATRONE CYAN HELL;;;;;;;;;;;;;;;;;;;;;;F;;F;;;;;;;20.02.2026
99901357;;text;145222240;;;TINTENPATRONE MAGENTA HELL;;;;;;;;;;;;;;;;;;;;;;F;;F;;;;;;;20.02.2026
99901358;;text;145222140;;;TINTENPATRONE SCHWARZ HELL;;;;;;;;;;;;;;;;;;;;;;F;;F;;;;;;;20.02.2026
99901359;;text;145224310;;;DRUCKKOPF COLOR;;;;;;;;;;;;;;;;;;;;;;F;;;;;;;;;20.02.2026
99901360;;text;145224110;;;DRUCKKOPF SCHWARZ;;;;;;;;;;;;;;;;;;;;;;F;;;;;;;;;20.02.2026
90000970;20000728;group;2009;;;MLT-D708;;;;;;;;;;;;;;;;;;;;;;;;;;;;;;;20.02.2026
90000973;20000593;group;2009;;;T41P;;;;;;;;;;;;;;;;;;;;;;;;;;;;;;;20.02.2026
90000974;20000593;group;2009;;;T41W;;;;;;;;;;;;;;;;;;;;;;;;;;;;;;;20.02.2026
145216000;;group;2001;;;Toner waste box;19-14-91-02;24-20-06-06;no color;;;;;;;;2;84439990;;;;;;;;;;;;;;;;;;;20.02.2026
145217000;;group;2001;;;Fuser;19-14-06-03;24-20-02-14;no color;;;;;;;;;84439990;;;;;;;;;;;;;;;;;;;20.02.2026
145217100;;group;2001;;;Fuser kit;19-14-06-03;24-20-02-14;no color;;;;;;;;2;84439990;;;;;;;;;;;;;;;;;;;20.02.2026
145217200;;group;2001;;;Fuser roller;19-14-06-03;24-20-02-14;no color;;;;;;;;2;84439990;;;;;;;;;;;;;;;;;;;20.02.2026
145217300;;group;2001;;;Fuser oil;19-14-06-07;24-20-02-17;no color;;;;;;;;2;84439990;;;;;;;;;;;;;;;;;;;20.02.2026
145217400;;group;2001;;;Usage kit;19-14-06-03;24-20-02-14;no color;;;;;;;;2;84439990;;;;;;;;;;;;;;;;;;;20.02.2026
145218000;;group;2001;;;Cleaning;19-14-06-90;24-20;no color;;;;;;;;;84439990;;;;;;;;;;;;;;;;;;;20.02.2026
145218100;;group;2001;;;Cleaning-kit;19-14-91-02;24-20-06-06;no color;;;;;;;;2;84439990;;;;;;;;;;;;;;;;;;;20.02.2026
145218200;;group;2001;;;Cleaning filter;19-14-91-02;24-20-06-06;no color;;;;;;;;2;84439990;;;;;;;;;;;;;;;;;;;20.02.2026
145218300;;group;2001;;;Cleaning felt;19-14-06-90;24-20;no color;;;;;;;;2;84439990;;;;;;;;;;;;;;;;;;;20.02.2026
145218400;;group;2001;;;Cleaning cartridge;19-14-06-90;24-20;no color;;;;;;;;2;84439990;;;;;;;;;;;;;;;;;;;20.02.2026
145218500;;group;2001;;;Cleaning roller;19-14-91-02;24-20-06-06;no color;;;;;;;;2;84439990;;;;;;;;;;;;;;;;;;;20.02.2026
145219000;;group;2001;;;Others;19-14-06-90;24-20;no color;;;;;;;;;84439990;;;;;;;;;;;;;;;;;;;20.02.2026
145219100;;group;2001;;;Service-Kit;19-14-91-02;24-20-06-06;no color;;;;;;;;2;84439990;;;;;;;;;;;;;;;;;;;20.02.2026
145219200;;group;2001;;;Collector-unit;19-14-06-90;24-20;no color;;;;;;;;2;84439990;;;;;;;;;;;;;;;;;;;20.02.2026
145219300;;group;2001;;;Staples;17-12-03-04;24-20;no color;;;;;;;;2;84439990;;;;;;;;;;;;;;;;;;;20.02.2026
145219400;;group;2001;;;Ozon filter;19-14-91-02;24-20-06-06;no color;;;;;;;;2;84439990;;;;;;;;;;;;;;;;;;;20.02.2026
145219500;;group;2001;;;Tonerfilter;19-14-91-02;24-20-06-06;no color;;;;;;;;2;84439990;;;;;;;;;;;;;;;;;;;20.02.2026
145219600;;group;2001;;;Filter-kit;19-14-91-02;24-20-06-06;no color;;;;;;;;2;84439990;;;;;;;;;;;;;;;;;;;20.02.2026
145219700;;group;2001;;;Others;19-14-06-90;24-20;no color;;;;;;;;2;84439990;;;;;;;;;;;;;;;;;;;20.02.2026
145220000;;group;2001;;;InkJet;19-14-06-00;24-20-01-00;no color;;;;;;;;;84439990;;;;;;;;;;;;;;;;;;;20.02.2026
99900103;;text;;;;/ALLE;;;;;;;;;;;;;;;;;;;;;;;;;;;;;;;20.02.2026
99900104;;text;;;;/ARTBEZ;;;;;;;;;;;;;;;;;;;;;;;;;;;;;;;20.02.2026
99900105;;text;;;;/FUNC;;;;;;;;;;;;;;;;;;;;;;;;;;;;;;;20.02.2026
99900106;;text;;;;/ARTIKEL;;;;;;;;;;;;;;;;;;;;;;;;;;;;;;;20.02.2026
99900107;;text;;;;/ARTLIST;;;;;;;;;;;;;;;;;;;;;;;;;;;;;;;20.02.2026
99900108;;text;;;;/AUSWAEHL;;;;;;;;;;;;;;;;;;;;;;;;;;;;;;;20.02.2026
99900109;;text;;;;/AUSWAHL;;;;;;;;;;;;;;;;;;;;;;;;;;;;;;;20.02.2026
99900110;;text;;;;/BESTEL;;;;;;;;;;;;;;;;;;;;;;;;;;;;;;;20.02.2026
99900112;;text;;;;/CANCEL;;;;;;;;;;;;;;;;;;;;;;;;;;;;;;;20.02.2026
99901361;;text;145224210;;;DRUCKKOPF CYAN;;;;;;;;;;;;;;;;;;;;;;F;;;;;;;;;20.02.2026
99901362;;text;145224230;;;DRUCKKOPF MAGENTA;;;;;;;;;;;;;;;;;;;;;;F;;;;;;;;;20.02.2026
99901363;;text;145224250;;;DRUCKKOPF YELLOW;;;;;;;;;;;;;;;;;;;;;;F;;;;;;;;;20.02.2026
99901371;;text;;;;/CONTENT;;;;;;;;;;;;;;;;;;;;;;;;;;;;;;;20.02.2026
99901411;;text;;;;RUND;;;;;;;;;;;;;;;;;;;;;;;;;;;;;;;20.02.2026
99901431;;text;;;;/UPDCANTCHECK;;;;;;;;;;;;;;;;;;;;;;;;;;;;;;;20.02.2026
99901432;;text;;;;/UPDNOTAV;;;;;;;;;;;;;;;;;;;;;;;;;;;;;;;20.02.2026
99901433;;text;;;;/UPDAV;;;;;;;;;;;;;;;;;;;;;;;;;;;;;;;20.02.2026
99901435;;text;;;;/INSUP;;;;;;;;;;;;;;;;;;;;;;;;;;;;;;;20.02.2026
99901451;;text;;;;PHOSPHOR;;;;;;;;;;;;;;;;;;;;;;;;;;;;;;;20.02.2026
99901452;;text;145213300;;;MASTER;;;;;;;;;;;;;;;;;;;;;;;;F;;;;;;;20.02.2026
99901471;;text;;;;OLIVE;;;;;;;;;;;;;;;;;;;;;;;;;;;;;;;20.02.2026
99901472;;text;;;;TEAL;;;;;;;;;;;;;;;;;;;;;;;;;;;;;;;20.02.2026
99901473;;text;;;;BURGUNDY;;;;;;;;;;;;;;;;;;;;;;;;;;;;;;;20.02.2026
99901475;;text;;;;TEXTILBAND;;;;;;;;;;;;;;;;;;;;;;;;;;;;;;;20.02.2026
99901491;;text;;;;SEMIMATT;;;;;;;;;;;;;;;;;;;;;;;;;;;;;;;20.02.2026
99901492;;text;;;;BROSCHURE;;;;;;;;;;;;;;;;;;;;;;;;;;;;;;;20.02.2026
99901493;;text;;;;FAHNENSTOFF;;;;;;;;;;;;;;;;;;;;;;;;;;;;;;;20.02.2026
99901494;;text;;;;PROOFINGPAPIER;;;;;;;;;;;;;;;;;;;;;;;;;;;;;;;20.02.2026
99901495;;text;;;;PREMIUM;;;;;;;;;;;;;;;;;;;;;;;;;;;;;;;20.02.2026
99901496;;text;;;;SEMIGLOSS;;;;;;;;;;;;;;;;;;;;;;;;;;;;;;;20.02.2026
145221000;;group;2001;;;Printhead cartridge;19-14-06-05;24-20-01-01;no color;;;;;;;;;84439990;;;;;;;;;;;;;;;;;;;20.02.2026
145221100;;group;2001;;;Printhead cartridge black / gray;19-14-06-05;24-20-01-01;black gray;;;;;;;;2;84439990;;;;;;;;;;;;;;;;;;;20.02.2026
145221110;;group;2001;;;Printhead cartridge black;19-14-06-05;24-20-01-01;black;;;;;;;;2;84439990;;;;;;;;;;;;;;;;;;;20.02.2026
145221120;;group;2001;;;Printhead cartridge black matt;19-14-06-05;24-20-01-01;blackmatte;;;;;;;;2;84439990;;;;;;;;;;;;;;;;;;;20.02.2026
145221130;;group;2001;;;Printhead cartridge gray;19-14-06-05;24-20-01-01;gray;;;;;;;;2;84439990;;;;;;;;;;;;;;;;;;;20.02.2026
145221200;;group;2001;;;Printhead cartridge single color;19-14-06-05;24-20-01-01;no color;;;;;;;;2;84439990;;;;;;;;;;;;;;;;;;;20.02.2026
145221210;;group;2001;;;Printhead cartridge cyan;19-14-06-05;24-20-01-01;cyan;;;;;;;;2;84439990;;;;;;;;;;;;;;;;;;;20.02.2026
145221220;;group;2001;;;Printhead cartridge light cyan;19-14-06-05;24-20-01-01;photocyan;;;;;;;;2;84439990;;;;;;;;;;;;;;;;;;;20.02.2026
145221230;;group;2001;;;Printhead cartridge magenta;19-14-06-05;24-20-01-01;magenta;;;;;;;;2;84439990;;;;;;;;;;;;;;;;;;;20.02.2026
145221240;;group;2001;;;Printhead cartridge light magenta;19-14-06-05;24-20-01-01;photomagenta;;;;;;;;2;84439990;;;;;;;;;;;;;;;;;;;20.02.2026
145221250;;group;2001;;;Printhead cartridge yellow;19-14-06-05;24-20-01-01;yellow;;;;;;;;2;84439990;;;;;;;;;;;;;;;;;;;20.02.2026
145221260;;group;2001;;;Printhead cartridge green;19-14-06-05;24-20-01-01;green;;;;;;;;2;84439990;;;;;;;;;;;;;;;;;;;20.02.2026
145221270;;group;2001;;;Printhead cartridge red;19-14-06-05;24-20-01-01;red;;;;;;;;2;84439990;;;;;;;;;;;;;;;;;;;20.02.2026
145221280;;group;2001;;;Printhead cartridge blue;19-14-06-05;24-20-01-01;blue;;;;;;;;2;84439990;;;;;;;;;;;;;;;;;;;20.02.2026
145221290;;group;2001;;;Others;19-14-06-05;24-20-01-01;no color;;;;;;;;2;84439990;;;;;;;;;;;;;;;;;;;20.02.2026
145221300;;group;2001;;;Printhead cartridge multi color;19-14-06-05;24-20-01-01;no color;;;;;;;;2;84439990;;;;;;;;;;;;;;;;;;;20.02.2026
50152926;20000264;item;145123000;;;i-SENSYS MF 3200 Series;;;;;;;;;;;3200;;;;;;;;;;;;T;;;;;;;;20.02.2026
50148944;20001535;group;2007;;;ColorQube;;;;;;;;;;;1;;;;;;;;;;;;;;;;;;;;20.02.2026
50152464;20000264;item;145131000;;;Pixma IP 5200 Series;;;;;;;;;;;5200;;;;;;;;;;;;T;;;;;;;;20.02.2026
50152492;20000264;item;145222400;4709 A 018;BCI-6 PCPM;Ink cartridge multi pack LC,LM;;;photocyan photomagenta;958;;;ISO/IEC 24711;;;;2;280;;;13;;;;;;;F;;F;;;;;;;20.02.2026
34000856;20000264;group;2007;;;Maxify;;;;;;;;;;;1;;;;;;;;;;;;;;;;;;;;20.02.2026
50188276;20000264;item;145132000;;;Pixma MP 640 R;;;;;;;;;;;640;;;;;;;;;;;;F;;;;;;;;20.02.2026
50190501;20000728;group;2007;;;ThInkJet;;;;;;;;;;;2;;;;;;;;;;;;;;;;;;;;20.02.2026
50190684;20000264;item;145142000;;;Fax L 290 Series;;;;;;;;;;;290;;;;;;;;;;;;T;;;;;;;;20.02.2026
50190943;;text;;;;PROJECT;;;;;;;;;;;;;;;;;;;;;;;;;;;;;;;20.02.2026
50189372;20000264;item;145131000;;;Pixma IP 6200 Series;;;;;;;;;;;6200;;;;;;;;;;;;T;;;;;;;;20.02.2026
50191125;20000264;item;145131000;;;Pixma Pro 9000 Series;;;;;;;;;;;9000;;;;;;;;;;;;T;;;;;;;;20.02.2026
145590000;;group;2001;;;Others Spare parts;;;no color;;;;;;;;;;;;;;;;;;;;;;;;;;;;20.02.2026
50338795;;text;145333000;;;10X15;;;;;;;;;;;;;;;;;;;;;;F;F;F;F;F;;;;;20.02.2026
145265300;;group;2001;;;Stamp labels;;;no color;;;;;;;;;84439990;;;;;;;;;;;;;;;;;;;20.02.2026
50345016;;text;145265300;;;STEMPELETIKETTEN;;;;;;;;;;;;;;;;;;;;;;F;;;;;;;;;20.02.2026
145265200;;group;2001;;;Stamp ink;24-22-10-07;24-22-11-02;no color;;;;;;;;;84439990;;;;;;;;;;;;;;;;;;;20.02.2026
90000946;20000728;group;2009;;;624;;;;;;;;;;;;;;;;;;;;;;;;;;;;;;;20.02.2026
90000947;20000728;group;2009;;;636;;;;;;;;;;;;;;;;;;;;;;;;;;;;;;;20.02.2026
34002231;20001535;group;2007;;;B;;;;;;;;;;;1;;;;;;;;;;;;;;;;;;;;20.02.2026
34002232;20001535;group;2007;;;C;;;;;;;;;;;1;;;;;;;;;;;;;;;;;;;;20.02.2026
90001188;20001214;group;2009;;;SPC 220 E;;;;;;;;;;;;;;;;;;;;;;;;;;;;;;;20.02.2026
90001189;20001214;group;2009;;;SPC 811;;;;;;;;;;;;;;;;;;;;;;;;;;;;;;;20.02.2026
90001190;20001214;group;2009;;;SP C 435 A;;;;;;;;;;;;;;;;;;;;;;;;;;;;;;;20.02.2026
90001191;20001214;group;2009;;;SPC 340 E;;;;;;;;;;;;;;;;;;;;;;;;;;;;;;;20.02.2026
90001192;20001214;group;2009;;;SPC 730;;;;;;;;;;;;;;;;;;;;;;;;;;;;;;;20.02.2026
90001193;20001214;group;2009;;;SP C 840 A;;;;;;;;;;;;;;;;;;;;;;;;;;;;;;;20.02.2026
90001194;20001214;group;2009;;;SPC 310 HE;;;;;;;;;;;;;;;;;;;;;;;;;;;;;;;20.02.2026
90001195;20001214;group;2009;;;SPC 430 E;;;;;;;;;;;;;;;;;;;;;;;;;;;;;;;20.02.2026
34001604;20001214;group;2007;;;IM;;;;;;;;;;;1;;;;;;;;;;;;;;;;;;;;20.02.2026
90001288;20000264;group;2009;;;T 1006;;;;;;;;;;;;;;;;;;;;;;;;;;;;;;;20.02.2026
90001289;20000264;group;2009;;;T 1006 L;;;;;;;;;;;;;;;;;;;;;;;;;;;;;;;20.02.2026
90001290;20000264;group;2009;;;C-EXV 1007;;;;;;;;;;;;;;;;;;;;;;;;;;;;;;;20.02.2026
90000960;20000728;group;2009;;;821;;;;;;;;;;;;;;;;;;;;;;;;;;;;;;;20.02.2026
90001297;50096914;group;2009;;;CTL-A 2100;;;;;;;;;;;;;;;;;;;;;;;;;;;;;;;20.02.2026
90001204;20001214;group;2009;;;TYPE M 2;;;;;;;;;;;;;;;;;;;;;;;;;;;;;;;20.02.2026
90000978;20000593;group;2009;;;405 XL;;;;;;;;;;;;;;;;;;;;;;;;;;;;;;;20.02.2026
90000979;20000593;group;2009;;;405;;;;;;;;;;;;;;;;;;;;;;;;;;;;;;;20.02.2026
90001011;20001289;group;2009;;;MX-80;;;;;;;;;;;;;;;;;;;;;;;;;;;;;;;20.02.2026
90001001;20000593;group;2009;;;407;;;;;;;;;;;;;;;;;;;;;;;;;;;;;;;20.02.2026
90001036;20001164;group;2009;;;TN-329;;;;;;;;;;;;;;;;;;;;;;;;;;;;;;;20.02.2026
90000919;20000728;group;2009;;;658A;;;;;;;;;;;;;;;;;;;;;;;;;;;;;;;20.02.2026
90000920;20000728;group;2009;;;658X;;;;;;;;;;;;;;;;;;;;;;;;;;;;;;;20.02.2026
90000926;20001164;group;2009;;;TN-328;;;;;;;;;;;;;;;;;;;;;;;;;;;;;;;20.02.2026
50295613;20000264;item;145131000;;;Pixma IP 6300 Series;;;;;;;;;;;6300;;;;;;;;;;;;T;;;;;;;;20.02.2026
50207658;;text;;;;FLUORESZEND;;;;;;;;;;;;;;;;;;;;;;;;;;;;;;;20.02.2026
50224799;;text;;;;SCHRUMPFSCHLAUCH;;;;;;;;;;;;;;;;;;;;;;;;;;;;;;;20.02.2026
90000923;20000728;group;2009;;;912XL;;;;;;;;;;;;;;;;;;;;;;;;;;;;;;;20.02.2026
90001032;20000229;group;2009;;;LC-421;;;;;;;;;;;;;;;;;;;;;;;;;;;;;;;20.02.2026
90001033;20000728;group;2009;;;865;;;;;;;;;;;;;;;;;;;;;;;;;;;;;;;20.02.2026
90001034;20000728;group;2009;;;866;;;;;;;;;;;;;;;;;;;;;;;;;;;;;;;20.02.2026
90001035;20000728;group;2009;;;863;;;;;;;;;;;;;;;;;;;;;;;;;;;;;;;20.02.2026
90000914;20000264;group;2009;;;054;;;;;;;;;;;;;;;;;;;;;;;;;;;;;;;20.02.2026
90000915;20000264;group;2009;;;055;;;;;;;;;;;;;;;;;;;;;;;;;;;;;;;20.02.2026
90000916;20000264;group;2009;;;054 H;;;;;;;;;;;;;;;;;;;;;;;;;;;;;;;20.02.2026
90000917;20000264;group;2009;;;055 H;;;;;;;;;;;;;;;;;;;;;;;;;;;;;;;20.02.2026
90001301;20001289;group;2009;;;MXB-70;;;;;;;;;;;;;;;;;;;;;;;;;;;;;;;20.02.2026
90000953;20000728;group;2009;;;207A;;;;;;;;;;;;;;;;;;;;;;;;;;;;;;;20.02.2026
90000954;20000728;group;2009;;;216A;;;;;;;;;;;;;;;;;;;;;;;;;;;;;;;20.02.2026
90000955;20000264;group;2009;;;PFI-030;;;;;;;;;;;;;;;;;;;;;;;;;;;;;;;20.02.2026
90001300;20000593;group;2009;;;250XL;;;;;;;;;;;;;;;;;;;;;;;;;;;;;;;20.02.2026
90001050;20000593;group;2009;;;SJIC-42-P-;;;;;;;;;;;;;;;;;;;;;;;;;;;;;;;20.02.2026
34001054;20002389;group;2007;;;Docustation DSM;;;;;;;;;;;1;;;;;;;;;;;;;;;;;;;;20.02.2026
90001213;20001289;group;2009;;;DX-20;;;;;;;;;;;;;;;;;;;;;;;;;;;;;;;20.02.2026
50381243;;text;;;;REMANUFACTURABLE;;;;;;;;;;;;;;;;;;;;;;;;F;F;F;;;;;20.02.2026
50314499;;text;;;;WHITE_BOX;;;;;;;;;;;;;;;;;;;;;;;;F;F;F;;;;;20.02.2026
50326997;;text;;;;BULK;;;;;;;;;;;;;;;;;;;;;;;;F;F;F;;;;;20.02.2026
34002374;20002088;group;2007;;;VP;;;;;;;;;;;1;;;;;;;;;;;;;;;;;;;;20.02.2026
34002375;20002068;group;2007;;;Fax;;;;;;;;;;;1;;;;;;;;;;;;;;;;;;;;20.02.2026
34002376;20001099;group;2007;;;FX;;;;;;;;;;;1;;;;;;;;;;;;;;;;;;;;20.02.2026
34002377;50087100;group;2007;;;M;;;;;;;;;;;1;;;;;;;;;;;;;;;;;;;;20.02.2026
34002378;20000861;group;2007;;;D;;;;;;;;;;;1;;;;;;;;;;;;;;;;;;;;20.02.2026
34002380;20001768;group;2007;;;MFP;;;;;;;;;;;1;;;;;;;;;;;;;;;;;;;;20.02.2026
34002381;20000861;group;2007;;;GX;;;;;;;;;;;1;;;;;;;;;;;;;;;;;;;;20.02.2026
34002382;20002389;group;2007;;;T;;;;;;;;;;;1;;;;;;;;;;;;;;;;;;;;20.02.2026
34002383;50087100;group;2007;;;LJ;;;;;;;;;;;1;;;;;;;;;;;;;;;;;;;;20.02.2026
34002384;20001648;group;2007;;;IS;;;;;;;;;;;1;;;;;;;;;;;;;;;;;;;;20.02.2026
34002385;20000717;group;2007;;;IM;;;;;;;;;;;1;;;;;;;;;;;;;;;;;;;;20.02.2026
34002386;50197082;group;2007;;;Evo;;;;;;;;;;;1;;;;;;;;;;;;;;;;;;;;20.02.2026
34002389;20001383;group;2007;;;RE;;;;;;;;;;;1;;;;;;;;;;;;;;;;;;;;20.02.2026
34002390;20001080;group;2007;;;PR;;;;;;;;;;;1;;;;;;;;;;;;;;;;;;;;20.02.2026
34002391;20001214;group;2007;;;Ri;;;;;;;;;;;1;;;;;;;;;;;;;;;;;;;;20.02.2026
34002387;50426648;group;2007;;;Dry Minilab;;;;;;;;;;;1;;;;;;;;;;;;;;;;;;;;20.02.2026
34002388;20000207;group;2007;;;Alpha;;;;;;;;;;;1;;;;;;;;;;;;;;;;;;;;20.02.2026
34002093;20000984;group;2007;;;PA;;;;;;;;;;;1;;;;;;;;;;;;;;;;;;;;20.02.2026
50280737;20000264;item;145131000;;;Pixma IP 1100;;;;;;;;;;;1100;;;;;;;;;;;;T;;;;;;;;20.02.2026
50210052;20000264;item;145131000;;;Pixma IP 6320 D;;;;;;;;;;;6320;;;;;;;;;;;;F;;;;;;;;20.02.2026
50259095;20001109;item;145222110;4107411;P16;Ink cartridge black pigmented;;;black;1504;;;;;;;;593;;;27;;;;;;;T;;F;;;;;;;20.02.2026
90001223;20001434;group;2009;;;T-FC 727 E;;;;;;;;;;;;;;;;;;;;;;;;;;;;;;;20.02.2026
50241842;;text;145222210;;;TINTENTANK CYAN;;;;;;;;;;;;;;;;;;;;;;F;;;;;;;;;20.02.2026
50238527;;text;145222230;;;TINTENTANK MAGENTA;;;;;;;;;;;;;;;;;;;;;;F;;;;;;;;;20.02.2026
50223918;;text;145222110;;;TINTENTANK SCHWARZ;;;;;;;;;;;;;;;;;;;;;;F;;;;;;;;;20.02.2026
50250403;;text;145222250;;;TINTENTANK YELLOW;;;;;;;;;;;;;;;;;;;;;;F;;;;;;;;;20.02.2026
50265948;;text;145245000;;;THERMO-PAPIER-ROLLE;;;;;;;;;;;;;;;;;;;;;;F;;;;;;;;;20.02.2026
90000749;20001453;group;2009;;;CK-8513;;;;;;;;;;;;;;;;;;;;;;;;;;;;;;;20.02.2026
90000750;20001434;group;2009;;;T-FC 616 E;;;;;;;;;;;;;;;;;;;;;;;;;;;;;;;20.02.2026
90000751;20001453;group;2009;;;CK-8510;;;;;;;;;;;;;;;;;;;;;;;;;;;;;;;20.02.2026
90000752;20000728;group;2009;;;963XL;;;;;;;;;;;;;;;;;;;;;;;;;;;;;;;20.02.2026
90000753;20000728;group;2009;;;963;;;;;;;;;;;;;;;;;;;;;;;;;;;;;;;20.02.2026
90001235;20001214;group;2009;;;MPC 406;;;;;;;;;;;;;;;;;;;;;;;;;;;;;;;20.02.2026
90001236;20001214;group;2009;;;MP C3000;;;;;;;;;;;;;;;;;;;;;;;;;;;;;;;20.02.2026
90000929;20001164;group;2009;;;TNP-81;;;;;;;;;;;;;;;;;;;;;;;;;;;;;;;20.02.2026
90001230;20001214;group;2009;;;TYPE P C 375 H;;;;;;;;;;;;;;;;;;;;;;;;;;;;;;;20.02.2026
90001231;20000593;group;2009;;;SJIC-48-P-;;;;;;;;;;;;;;;;;;;;;;;;;;;;;;;20.02.2026
50386303;;text;;;;/LOGIN;;;;;;;;;;;;;;;;;;;;;;;;;;;;;;;20.02.2026
50430985;;text;;;;/LOGINBUTTON;;;;;;;;;;;;;;;;;;;;;;;;;;;;;;;20.02.2026
50383286;;text;;;;/DOMAINNOTACCEPTED;;;;;;;;;;;;;;;;;;;;;;;;;;;;;;;20.02.2026
50391525;;text;;;;/ONLYALTKINCLIENTS;;;;;;;;;;;;;;;;;;;;;;;;;;;;;;;20.02.2026
50216963;;text;;;;ANZAHL FOTOS;;;;;;;;;;;;;;;;;;;;;;;;;;;;;;;20.02.2026
50203916;;text;;;;FOTOS;;;;;;;;;;;;;;;;;;;;;;;;;;;;;;;20.02.2026
90001226;20000264;group;2009;;;CL-531;;;;;;;;;;;;;;;;;;;;;;;;;;;;;;;20.02.2026
34001373;20001535;group;2007;;;AltaLink;;;;;;;;;;;1;;;;;;;;;;;;;;;;;;;;20.02.2026
34001374;20001535;group;2007;;;VersaLink;;;;;;;;;;;1;;;;;;;;;;;;;;;;;;;;20.02.2026
50226968;;text;145268000;;;KUNSTHARZ;;;;;;;;;;;;;;;;;;;;;;F;;;;;;;;;20.02.2026
90000997;20000728;group;2009;;;MLT-D201;;;;;;;;;;;;;;;;;;;;;;;;;;;;;;;20.02.2026
50266230;;text;;;;3D KASSETTE PLA;;;;Polymaker;;;;;;;3;;;;;;;;;;;;;;;;;;;;20.02.2026
50203704;;text;;;;3D KASSETTE ABS;;;;Polymaker;;;;;;;3;;;;;;;;;;;;;;;;;;;;20.02.2026
50262698;;text;;;;3D KASSETTE NYLON;;;;Polymaker;;;;;;;3;;;;;;;;;;;;;;;;;;;;20.02.2026
50470172;20000264;item;145123000;;;imageCLASS MF 4600 Series;;;;;;;;;;;4600;;;;;;;;;;;;T;;;;;;;;20.02.2026
50273086;20001109;item;145222230;361714;C29;Ink cartridge magenta;;;magenta;1505;;;;;;;;981;;;13;;;;;;;T;;F;;;;;;;20.02.2026
50246119;20001109;item;145222110;359711;C26 C26;Ink cartridge black pigmented twin pack;;;black;1504;4258;;;;;;2;593;;;27;;;;;;;T;;F;;;;;;;20.02.2026
50260933;;text;145222400;;;TINTENPATRONE MULTIPACK 2XBK+1XC,M,Y;;;;;;;;;;;;;;;;;;;;;;F;;;;;;;;;20.02.2026
90001044;20000229;group;2009;;;LC-427;;;;;;;;;;;;;;;;;;;;;;;;;;;;;;;20.02.2026
50263043;20000264;item;145131000;;;Pixma IP 3600 Series;;;;;;;;;;;3600;;;;;;;;;;;;T;;;;;;;;20.02.2026
90001225;20000264;group;2009;;;PGI-530;;;;;;;;;;;;;;;;;;;;;;;;;;;;;;;20.02.2026
50284611;20000264;item;145131000;;;I 9900 Series;;;;;;;;;;;9900;;;;;;;;;;;;T;;;;;;;;20.02.2026
50230389;;text;;;;3D KASSETTE;;;;;;;;;;;;;;;;;;;;;;;;;;;;;;;20.02.2026
90001214;50096914;group;2009;;;CTL-300;;;;;;;;;;;;;;;;;;;;;;;;;;;;;;;20.02.2026
50203050;;text;145222220;;;CYAN HELL;;;;;;;;;;;;;;;;;;;;;;F;;;;;;;;;20.02.2026
50296228;;text;145222240;;;MAGENTA HELL;;;;;;;;;;;;;;;;;;;;;;F;;;;;;;;;20.02.2026
50248668;;text;145224110;;;DRUCKKOPF SCHWARZ FOTO;;;;;;;;;;;;;;;;;;;;;;F;;;;;;;;;20.02.2026
50253891;;text;;;;SPULE;;;;;;;;;;;;;;;;;;;;;;;;;;;;;;;20.02.2026
50292839;20000264;item;145131000;;;Pixma IP 1800 Series;;;;;;;;;;;1800;;;;;;;;;;;;T;;;;;;;;20.02.2026
34002195;20000229;group;2007;;;DCP-T;;;;;;;;;;;1;;;;;;;;;;;;;;;;;;;;20.02.2026
34002196;20000229;group;2007;;;DCP-J;;;;;;;;;;;1;;;;;;;;;;;;;;;;;;;;20.02.2026
34002197;20000229;group;2007;;;DCP-B;;;;;;;;;;;1;;;;;;;;;;;;;;;;;;;;20.02.2026
34002199;20000229;group;2007;;;MFC-L;;;;;;;;;;;1;;;;;;;;;;;;;;;;;;;;20.02.2026
34002200;20000229;group;2007;;;MFC-T;;;;;;;;;;;1;;;;;;;;;;;;;;;;;;;;20.02.2026
50412503;;text;;;;/CONFIRMNEWUSER;;;;;;;;;;;;;;;;;;;;;;;;;;;;;;;20.02.2026
50408102;;text;;;;/CONFIRMDELETEUSER;;;;;;;;;;;;;;;;;;;;;;;;;;;;;;;20.02.2026
50242008;;text;;;;MODELNUMBER;;;;;;;;;;;;;;;;;;;;;;;;;;;;;;;20.02.2026
90000928;20000264;group;2009;;;T04;;;;;;;;;;;;;;;;;;;;;;;;;;;;;;;20.02.2026
90001006;20001453;group;2009;;;CK-8516;;;;;;;;;;;;;;;;;;;;;;;;;;;;;;;20.02.2026
90001007;20001453;group;2009;;;CK-5515;;;;;;;;;;;;;;;;;;;;;;;;;;;;;;;20.02.2026
90001008;20001453;group;2009;;;CK-8515;;;;;;;;;;;;;;;;;;;;;;;;;;;;;;;20.02.2026
50399411;;text;;;;/ACCEPTEULA;;;;Clover;;;;;;;2;;;;;;;;;;;;;;;;;;;;20.02.2026
50338511;;text;;;;/MOREAVAILABLE;;;;;;;;;;;;;;;;;;;;;;;;;;;;;;;20.02.2026
50458189;;text;;;;/SHOWALL;;;;;;;;;;;;;;;;;;;;;;;;;;;;;;;20.02.2026
90001058;20000984;group;2009;;;TK-5430;;;;;;;;;;;;;;;;;;;;;;;;;;;;;;;20.02.2026
90001059;20000984;group;2009;;;TK-5440;;;;;;;;;;;;;;;;;;;;;;;;;;;;;;;20.02.2026
34001985;20000984;group;2007;;;MA;;;;;;;;;;;1;;;;;;;;;;;;;;;;;;;;20.02.2026
90001060;20000728;group;2009;;;869;;;;;;;;;;;;;;;;;;;;;;;;;;;;;;;20.02.2026
90001063;20001214;group;2009;;;TYPE 5501;;;;;;;;;;;;;;;;;;;;;;;;;;;;;;;20.02.2026
90001067;20000264;group;2009;;;069;;;;;;;;;;;;;;;;;;;;;;;;;;;;;;;20.02.2026
50433292;;text;;;;FAVCONFIGURE;;;;;;;;;;;;;;;;;;;;;;;;;;;;;;;20.02.2026
34002029;20000229;group;2007;;;PDR;;;;;;;;;;;1;;;;;;;;;;;;;;;;;;;;20.02.2026
145224000;;group;2001;;;Printhead;19-14-06-05;24-20-01-01;no color;;;;;;;;;84439990;;;;;;;;;;;;;;;;;;;20.02.2026
145225000;;group;2001;;;Ink bottle;19-14-06-05;24-20-01-01;no color;;;;;;;;;32159020;;;;;;;;;;;;;;;;;;;20.02.2026
145225100;;group;2001;;;Ink bottle black;19-14-06-05;24-20-01-01;black;;;;;;;;;32159020;;;;;;;;;;;;;;;;;;;20.02.2026
145225200;;group;2001;;;Ink bottle cyan;19-14-06-05;24-20-01-01;cyan;;;;;;;;;32159020;;;;;;;;;;;;;;;;;;;20.02.2026
145225300;;group;2001;;;Ink bottle light cyan;19-14-06-05;24-20-01-01;photocyan;;;;;;;;;32159020;;;;;;;;;;;;;;;;;;;20.02.2026
145225400;;group;2001;;;Ink bottle magenta;19-14-06-05;24-20-01-01;magenta;;;;;;;;;32159020;;;;;;;;;;;;;;;;;;;20.02.2026
145224100;;group;2001;;;Printhead black / gray;19-14-06-05;24-20-01-01;black gray;;;;;;;;;84439990;;;;;;;;;;;;;;;;;;;20.02.2026
90001158;20001164;group;2009;;;TN-227;;;;;;;;;;;;;;;;;;;;;;;;;;;;;;;20.02.2026
50475885;20000264;item;145123000;;;imageCLASS MF 4660 pl;;;;;;;;;;;4660;;;;;;;;;;;;F;;;;;;;;20.02.2026
145224200;;group;2001;;;Printhead single color;19-14-06-05;24-20-01-01;no color;;;;;;;;;84439990;;;;;;;;;;;;;;;;;;;20.02.2026
145224300;;group;2001;;;Printhead multi color;19-14-06-05;24-20-01-01;no color;;;;;;;;;84439990;;;;;;;;;;;;;;;;;;;20.02.2026
145224400;;group;2001;;;Printhead multi pack;19-14-06-05;24-20-01-01;no color;;;;;;;;;84439990;;;;;;;;;;;;;;;;;;;20.02.2026
145224900;;group;2001;;;Printhead Others;19-14-06-05;24-20-01-01;no color;;;;;;;;;84439990;;;;;;;;;;;;;;;;;;;20.02.2026
145224110;;group;2001;;;Printhead black;19-14-06-05;24-20-01-01;black;;;;;;;;;84439990;;;;;;;;;;;;;;;;;;;20.02.2026
145224120;;group;2001;;;Printhead black matt;19-14-06-05;24-20-01-01;blackmatte;;;;;;;;;84439990;;;;;;;;;;;;;;;;;;;20.02.2026
145224130;;group;2001;;;Printhead gray;19-14-06-05;24-20-01-01;gray;;;;;;;;;84439990;;;;;;;;;;;;;;;;;;;20.02.2026
145224210;;group;2001;;;Printhead cyan;19-14-06-05;24-20-01-01;cyan;;;;;;;;;84439990;;;;;;;;;;;;;;;;;;;20.02.2026
145224220;;group;2001;;;Printhead light cyan;19-14-06-05;24-20-01-01;photocyan;;;;;;;;;84439990;;;;;;;;;;;;;;;;;;;20.02.2026
145224230;;group;2001;;;Printhead magenta;19-14-06-05;24-20-01-01;magenta;;;;;;;;;84439990;;;;;;;;;;;;;;;;;;;20.02.2026
145224240;;group;2001;;;Printhead light magenta;19-14-06-05;24-20-01-01;photomagenta;;;;;;;;;84439990;;;;;;;;;;;;;;;;;;;20.02.2026
145224250;;group;2001;;;Printhead yellow;19-14-06-05;24-20-01-01;yellow;;;;;;;;;84439990;;;;;;;;;;;;;;;;;;;20.02.2026
145224310;;group;2001;;;Printhead color;19-14-06-05;24-20-01-01;color;;;;;;;;;84439990;;;;;;;;;;;;;;;;;;;20.02.2026
145224320;;group;2001;;;Printhead photo;19-14-06-05;24-20-01-01;no color;;;;;;;;;84439990;;;;;;;;;;;;;;;;;;;20.02.2026
145225500;;group;2001;;;Ink bottle light magenta;19-14-06-05;24-20-01-01;photomagenta;;;;;;;;;32159020;;;;;;;;;;;;;;;;;;;20.02.2026
145225900;;group;2001;;;Ink bottle Others;19-14-06-05;24-20-01-01;no color;;;;;;;;;32159020;;;;;;;;;;;;;;;;;;;20.02.2026
145225600;;group;2001;;;Ink bottle yellow;19-14-06-05;24-20-01-01;yellow;;;;;;;;;32159020;;;;;;;;;;;;;;;;;;;20.02.2026
50433602;;text;145225800;;;TINTENFLASCHE MULTIPACK;;;;;;;;;;;;;;;;;;;;;;F;;;;;;;;;20.02.2026
145225800;;group;2001;;;Ink bottle Multipack;19-14-06-05;24-20-01-01;no color;;;;;;;;;32159020;;;;;;;;;;;;;;;;;;;20.02.2026
90001219;20000984;group;2009;;;TK-8565;;;;;;;;;;;;;;;;;;;;;;;;;;;;;;;20.02.2026
90000935;20000513;group;2009;;;TNP-79;;;;;;;;;;;;;;;;;;;;;;;;;;;;;;;20.02.2026
90000936;20000513;group;2009;;;TN-328;;;;;;;;;;;;;;;;;;;;;;;;;;;;;;;20.02.2026
90000937;20000264;group;2009;;;059 H;;;;;;;;;;;;;;;;;;;;;;;;;;;;;;;20.02.2026
90000938;20001164;group;2009;;;TNP-80;;;;;;;;;;;;;;;;;;;;;;;;;;;;;;;20.02.2026
90000939;20001164;group;2009;;;TNP-79;;;;;;;;;;;;;;;;;;;;;;;;;;;;;;;20.02.2026
90000940;20000513;group;2009;;;TNP-80;;;;;;;;;;;;;;;;;;;;;;;;;;;;;;;20.02.2026
90000941;20000513;group;2009;;;TNP-81;;;;;;;;;;;;;;;;;;;;;;;;;;;;;;;20.02.2026
90000958;20000984;group;2009;;;TK-5315;;;;;;;;;;;;;;;;;;;;;;;;;;;;;;;20.02.2026
90001215;20000728;group;2009;;;925E;;;;;;;;;;;;;;;;;;;;;;;;;;;;;;;20.02.2026
90000967;20001164;group;2009;;;TN-626;;;;;;;;;;;;;;;;;;;;;;;;;;;;;;;20.02.2026
90000996;20000264;group;2009;;;CLI-65;;;;;;;;;;;;;;;;;;;;;;;;;;;;;;;20.02.2026
50375878;;text;;;;/TOOMANYREC;;;;;;;;;;;;;;;;;;;;;;;;;;;;;;;20.02.2026
34001915;20001289;group;2007;;;MX-B;;;;;;;;;;;1;;;;;;;;;;;;;;;;;;;;20.02.2026
34001916;20001289;group;2007;;;MX-C;;;;;;;;;;;1;;;;;;;;;;;;;;;;;;;;20.02.2026
34001917;20001289;group;2007;;;MX-M;;;;;;;;;;;1;;;;;;;;;;;;;;;;;;;;20.02.2026
90001065;20001214;group;2009;;;TYPE M C 250 H;;;;;;;;;;;;;;;;;;;;;;;;;;;;;;;20.02.2026
90001019;20000513;group;2009;;;TN-627;;;;;;;;;;;;;;;;;;;;;;;;;;;;;;;20.02.2026
90001029;20000593;group;2009;;;115;;;;;;;;;;;;;;;;;;;;;;;;;;;;;;;20.02.2026
90001039;50096914;group;2009;;;CTL-2000;;;;;;;;;;;;;;;;;;;;;;;;;;;;;;;20.02.2026
90001040;20000264;group;2009;;;CLI-501;;;;;;;;;;;;;;;;;;;;;;;;;;;;;;;20.02.2026
90001041;20000264;group;2009;;;CLI-531;;;;;;;;;;;;;;;;;;;;;;;;;;;;;;;20.02.2026
90001061;20000728;group;2009;;;975A;;;;;;;;;;;;;;;;;;;;;;;;;;;;;;;20.02.2026
90001062;20000728;group;2009;;;975X;;;;;;;;;;;;;;;;;;;;;;;;;;;;;;;20.02.2026
90001216;20000728;group;2009;;;925;;;;;;;;;;;;;;;;;;;;;;;;;;;;;;;20.02.2026
90001217;20000728;group;2009;;;924;;;;;;;;;;;;;;;;;;;;;;;;;;;;;;;20.02.2026
90001218;20000728;group;2009;;;924E;;;;;;;;;;;;;;;;;;;;;;;;;;;;;;;20.02.2026
90001220;20000728;group;2009;;;982A;;;;;;;;;;;;;;;;;;;;;;;;;;;;;;;20.02.2026
90001221;20000728;group;2009;;;982X;;;;;;;;;;;;;;;;;;;;;;;;;;;;;;;20.02.2026
90001000;20001164;group;2009;;;TN-217;;;;;;;;;;;;;;;;;;;;;;;;;;;;;;;20.02.2026
90001012;20001289;group;2009;;;MXC-51;;;;;;;;;;;;;;;;;;;;;;;;;;;;;;;20.02.2026
50387400;;text;145225900;;;TINTENFLASCHE;;;;;;;;;;;;;;;;;;;;;;F;;;;;;;;;20.02.2026
50425201;;text;145225200;;;TINTENFLASCHE CYAN;;;;;;;;;;;;;;;;;;;;;;F;;;;;;;;;20.02.2026
50426078;;text;145225400;;;TINTENFLASCHE MAGENTA;;;;;;;;;;;;;;;;;;;;;;F;;;;;;;;;20.02.2026
50358784;;text;145225600;;;TINTENFLASCHE YELLOW;;;;;;;;;;;;;;;;;;;;;;F;;;;;;;;;20.02.2026
50325401;;text;145225100;;;TINTENFLASCHE SCHWARZ;;;;;;;;;;;;;;;;;;;;;;F;;;;;;;;;20.02.2026
50474600;;text;145222400;;;TINTENFLASCHE MULTIPACK BK,C,M,Y;;;;;;;;;;;;;;;;;;;;;;F;;;;;;;;;20.02.2026
50357341;;text;145225100;;;TINTENFLASCHE SCHWARZ FOTO;;;;;;;;;;;;;;;;;;;;;;F;;;;;;;;;20.02.2026
50409405;;text;145225300;;;TINTENFLASCHE CYAN HELL;;;;;;;;;;;;;;;;;;;;;;F;;;;;;;;;20.02.2026
50363580;;text;145225500;;;TINTENFLASCHE MAGENTA HELL;;;;;;;;;;;;;;;;;;;;;;F;;;;;;;;;20.02.2026
90001234;20001214;group;2009;;;SP C 840 E;;;;;;;;;;;;;;;;;;;;;;;;;;;;;;;20.02.2026
90001243;20000984;group;2009;;;TK-5480;;;;;;;;;;;;;;;;;;;;;;;;;;;;;;;20.02.2026
90001244;20000984;group;2009;;;TK-5490;;;;;;;;;;;;;;;;;;;;;;;;;;;;;;;20.02.2026
90001245;20000984;group;2009;;;TK-5450;;;;;;;;;;;;;;;;;;;;;;;;;;;;;;;20.02.2026
50516214;;text;;;;/WELCOMETO;;;;;;;;;;;;;;;;;;;;;;;;;;;;;;;20.02.2026
34002351;20002628;group;2007;;;AM;;;;;;;;;;;1;;;;;;;;;;;;;;;;;;;;20.02.2026
34002352;20002628;group;2007;;;AP;;;;;;;;;;;1;;;;;;;;;;;;;;;;;;;;20.02.2026
90001233;20000593;group;2009;;;340XL;;;;;;;;;;;;;;;;;;;;;;;;;;;;;;;20.02.2026
50385271;;text;;;;/THANKYOU;;;;;;;;;;;;;;;;;;;;;;;;F;F;F;;;;;20.02.2026
50367256;;text;;;;/CHECKANDSEND;;;;;;;;;;;;;;;;;;;;;;;;F;F;F;;;;;20.02.2026
50390116;;text;;;;/RESETPWSENDEMAIL;;;;;;;;;;;;;;;;;;;;;;;;F;F;F;;;;;20.02.2026
50310488;;text;;;;/ERROR;;;;;;;;;;;;;;;;;;;;;;;;F;F;F;;;;;20.02.2026
50369623;;text;;;;/ALREADYREGISTERED;;;;;;;;;;;;;;;;;;;;;;;;F;F;F;;;;;20.02.2026
50342123;;text;;;;/WRONGPASSWORD;;;;;;;;;;;;;;;;;;;;;;;;F;F;F;;;;;20.02.2026
90000942;20000593;group;2009;;;T49H;;;;;;;;;;;;;;;;;;;;;;;;;;;;;;;20.02.2026
90000943;20000264;group;2009;;;T07;;;;;;;;;;;;;;;;;;;;;;;;;;;;;;;20.02.2026
90001281;20000264;group;2009;;;075;;;;;;;;;;;;;;;;;;;;;;;;;;;;;;;20.02.2026
90001283;20000264;group;2009;;;075H;;;;;;;;;;;;;;;;;;;;;;;;;;;;;;;20.02.2026
90001284;20001484;group;2009;;;PK-5026;;;;;;;;;;;;;;;;;;;;;;;;;;;;;;;20.02.2026
90001286;20001484;group;2009;;;PK-5027;;;;;;;;;;;;;;;;;;;;;;;;;;;;;;;20.02.2026
50386704;;text;;;;/COMPANY;;;;;;;;;;;;;;;;;;;;;;;;;;;;;;;20.02.2026
50360746;;text;;;;/CONTACTPERSON;;;;;;;;;;;;;;;;;;;;;;;;;;;;;;;20.02.2026
50363005;;text;;;;/PLZ;;;;;;;;;;;;;;;;;;;;;;;;;;;;;;;20.02.2026
50384689;;text;;;;/ORT;;;;;;;;;;;;;;;;;;;;;;;;;;;;;;;20.02.2026
50376994;;text;;;;/COUNTRY;;;;;;;;;;;;;;;;;;;;;;;;;;;;;;;20.02.2026
50315460;;text;;;;/TAXNRVAT;;;;;;;;;;;;;;;;;;;;;;;;;;;;;;;20.02.2026
50386654;;text;;;;/ACCEPTDATAPOLICY;;;;;;;;;;;;;;;;;;;;;;;;;;;;;;;20.02.2026
50391388;;text;;;;/IAMNOROBOT;;;;;;;;;;;;;;;;;;;;;;;;;;;;;;;20.02.2026
50318594;;text;;;;/ONLYCOMMERCIAL;;;;;;;;;;;;;;;;;;;;;;;;;;;;;;;20.02.2026
50394654;;text;;;;/RECEIVELINK;;;;;;;;;;;;;;;;;;;;;;;;;;;;;;;20.02.2026
50359367;;text;145137000;;;METERED;;;;;;;;;;;;;;;;;;;;;;;F;;;;;;;;20.02.2026
90000949;20000593;group;2009;;;SJIC-36-P;;;;;;;;;;;;;;;;;;;;;;;;;;;;;;;20.02.2026
90001232;20000264;group;2009;;;3001;;;;;;;;;;;;;;;;;;;;;;;;;;;;;;;20.02.2026
90000950;20001434;group;2009;;;T-FC 389;;;;;;;;;;;;;;;;;;;;;;;;;;;;;;;20.02.2026
90000720;20000593;group;2009;;;T40;;;;;;;;;;;;;;;;;;;;;;;;;;;;;;;20.02.2026
90000721;20000593;group;2009;;;24;;;;;;;;;;;;;;;;;;;;;;;;;;;;;;;20.02.2026
90000722;20000593;group;2009;;;125;;;;;;;;;;;;;;;;;;;;;;;;;;;;;;;20.02.2026
90000723;20000593;group;2009;;;98;;;;;;;;;;;;;;;;;;;;;;;;;;;;;;;20.02.2026
90000724;20000728;group;2009;;;913A;;;;;;;;;;;;;;;;;;;;;;;;;;;;;;;20.02.2026
90000725;20000728;group;2009;;;10;;;;;;;;;;;;;;;;;;;;;;;;;;;;;;;20.02.2026
90000726;20000728;group;2009;;;711;;;;;;;;;;;;;;;;;;;;;;;;;;;;;;;20.02.2026
90000727;20000728;group;2009;;;02;;;;;;;;;;;;;;;;;;;;;;;;;;;;;;;20.02.2026
90000728;20000728;group;2009;;;177;;;;;;;;;;;;;;;;;;;;;;;;;;;;;;;20.02.2026
90000729;20000728;group;2009;;;881;;;;;;;;;;;;;;;;;;;;;;;;;;;;;;;20.02.2026
90000730;20000728;group;2009;;;SC200;;;;;;;;;;;;;;;;;;;;;;;;;;;;;;;20.02.2026
90000731;20000728;group;2009;;;842A;;;;;;;;;;;;;;;;;;;;;;;;;;;;;;;20.02.2026
90000732;20000886;group;2009;;;108;;;;;;;;;;;;;;;;;;;;;;;;;;;;;;;20.02.2026
90000739;20000593;group;2009;;;78;;;;;;;;;;;;;;;;;;;;;;;;;;;;;;;20.02.2026
90000740;20000593;group;2009;;;16XL;;;;;;;;;;;;;;;;;;;;;;;;;;;;;;;20.02.2026
90000741;20000593;group;2009;;;68;;;;;;;;;;;;;;;;;;;;;;;;;;;;;;;20.02.2026
90000742;20000593;group;2009;;;103;;;;;;;;;;;;;;;;;;;;;;;;;;;;;;;20.02.2026
90000743;20000593;group;2009;;;16;;;;;;;;;;;;;;;;;;;;;;;;;;;;;;;20.02.2026
90000744;20000593;group;2009;;;77;;;;;;;;;;;;;;;;;;;;;;;;;;;;;;;20.02.2026
90000745;20000593;group;2009;;;27;;;;;;;;;;;;;;;;;;;;;;;;;;;;;;;20.02.2026
90000746;20000593;group;2009;;;202XL;;;;;;;;;;;;;;;;;;;;;;;;;;;;;;;20.02.2026
90000747;20000593;group;2009;;;273XL;;;;;;;;;;;;;;;;;;;;;;;;;;;;;;;20.02.2026
90000924;20000728;group;2009;;;415A;;;;;;;;;;;;;;;;;;;;;;;;;;;;;;;20.02.2026
90000925;20000728;group;2009;;;415X;;;;;;;;;;;;;;;;;;;;;;;;;;;;;;;20.02.2026
90000957;20000984;group;2009;;;TK-8735;;;;;;;;;;;;;;;;;;;;;;;;;;;;;;;20.02.2026
90000952;20000264;group;2009;;;CLI-481;;;;;;;;;;;;;;;;;;;;;;;;;;;;;;;20.02.2026
34001752;20000861;group;2007;;;IM;;;;;;;;;;;1;;;;;;;;;;;;;;;;;;;;20.02.2026
90000254;20000513;group;2009;;;TN-210;;;;;;;;;;;;;;;;;;;;;;;;;;;;;;;20.02.2026
90000255;20001164;group;2009;;;TN-623;;;;;;;;;;;;;;;;;;;;;;;;;;;;;;;20.02.2026
90000257;20001164;group;2009;;;TN-610;;;;;;;;;;;;;;;;;;;;;;;;;;;;;;;20.02.2026
90000258;20001164;group;2009;;;TN-611;;;;;;;;;;;;;;;;;;;;;;;;;;;;;;;20.02.2026
90000259;20001164;group;2009;;;TN-302;;;;;;;;;;;;;;;;;;;;;;;;;;;;;;;20.02.2026
90000260;20001164;group;2009;;;TN-312;;;;;;;;;;;;;;;;;;;;;;;;;;;;;;;20.02.2026
90000262;20000728;group;2009;;;CLX-R838;;;;;;;;;;;;;;;;;;;;;;;;;;;;;;;20.02.2026
90000263;20001164;group;2009;;;TN-216;;;;;;;;;;;;;;;;;;;;;;;;;;;;;;;20.02.2026
90000264;20000593;group;2009;;;LC-7;;;;;;;;;;;;;;;;;;;;;;;;;;;;;;;20.02.2026
90000265;20000984;group;2009;;;TK-8600;;;;;;;;;;;;;;;;;;;;;;;;;;;;;;;20.02.2026
90000266;20000513;group;2009;;;TN-610;;;;;;;;;;;;;;;;;;;;;;;;;;;;;;;20.02.2026
90000267;20000513;group;2009;;;TN-711;;;;;;;;;;;;;;;;;;;;;;;;;;;;;;;20.02.2026
90000268;20001434;group;2009;;;T-FC 30;;;;;;;;;;;;;;;;;;;;;;;;;;;;;;;20.02.2026
90000269;20001434;group;2009;;;T-FC 65;;;;;;;;;;;;;;;;;;;;;;;;;;;;;;;20.02.2026
90000270;20001164;group;2009;;;TN-321;;;;;;;;;;;;;;;;;;;;;;;;;;;;;;;20.02.2026
90000271;20000513;group;2009;;;TNP-22;;;;;;;;;;;;;;;;;;;;;;;;;;;;;;;20.02.2026
90000272;20002389;group;2009;;;CTC 411;;;;;;;;;;;;;;;;;;;;;;;;;;;;;;;20.02.2026
90000273;20000513;group;2009;;;TN-613;;;;;;;;;;;;;;;;;;;;;;;;;;;;;;;20.02.2026
90000274;20000513;group;2009;;;TN-612;;;;;;;;;;;;;;;;;;;;;;;;;;;;;;;20.02.2026
90000613;20000593;group;2009;;;88;;;;;;;;;;;;;;;;;;;;;;;;;;;;;;;20.02.2026
90000614;20000593;group;2009;;;33XL;;;;;;;;;;;;;;;;;;;;;;;;;;;;;;;20.02.2026
90000615;20000593;group;2009;;;102;;;;;;;;;;;;;;;;;;;;;;;;;;;;;;;20.02.2026
90000616;20000593;group;2009;;;35;;;;;;;;;;;;;;;;;;;;;;;;;;;;;;;20.02.2026
90000617;20000593;group;2009;;;34;;;;;;;;;;;;;;;;;;;;;;;;;;;;;;;20.02.2026
90000618;20000728;group;2009;;;788;;;;;;;;;;;;;;;;;;;;;;;;;;;;;;;20.02.2026
90000619;20000728;group;2009;;;88;;;;;;;;;;;;;;;;;;;;;;;;;;;;;;;20.02.2026
90000620;20000728;group;2009;;;920;;;;;;;;;;;;;;;;;;;;;;;;;;;;;;;20.02.2026
90000621;20000728;group;2009;;;564XL;;;;;;;;;;;;;;;;;;;;;;;;;;;;;;;20.02.2026
90000622;20000728;group;2009;;;LX610;;;;;;;;;;;;;;;;;;;;;;;;;;;;;;;20.02.2026
90000623;20000728;group;2009;;;903XL;;;;;;;;;;;;;;;;;;;;;;;;;;;;;;;20.02.2026
90000624;20000728;group;2009;;;891;;;;;;;;;;;;;;;;;;;;;;;;;;;;;;;20.02.2026
90000625;20000886;group;2009;;;108XL;;;;;;;;;;;;;;;;;;;;;;;;;;;;;;;20.02.2026
90000626;20000886;group;2009;;;150XLA;;;;;;;;;;;;;;;;;;;;;;;;;;;;;;;20.02.2026
90000631;20000593;group;2009;;;502XL;;;;;;;;;;;;;;;;;;;;;;;;;;;;;;;20.02.2026
90000632;20000593;group;2009;;;79;;;;;;;;;;;;;;;;;;;;;;;;;;;;;;;20.02.2026
90000633;20000593;group;2009;;;126;;;;;;;;;;;;;;;;;;;;;;;;;;;;;;;20.02.2026
90000634;20000593;group;2009;;;33;;;;;;;;;;;;;;;;;;;;;;;;;;;;;;;20.02.2026
90000635;20000593;group;2009;;;34XL;;;;;;;;;;;;;;;;;;;;;;;;;;;;;;;20.02.2026
90000636;20000728;group;2009;;;790;;;;;;;;;;;;;;;;;;;;;;;;;;;;;;;20.02.2026
90000637;20000728;group;2009;;;786;;;;;;;;;;;;;;;;;;;;;;;;;;;;;;;20.02.2026
90000638;20000728;group;2009;;;70;;;;;;;;;;;;;;;;;;;;;;;;;;;;;;;20.02.2026
90000639;20000728;group;2009;;;13;;;;;;;;;;;;;;;;;;;;;;;;;;;;;;;20.02.2026
90000640;20000728;group;2009;;;80;;;;;;;;;;;;;;;;;;;;;;;;;;;;;;;20.02.2026
90000641;20000728;group;2009;;;980;;;;;;;;;;;;;;;;;;;;;;;;;;;;;;;20.02.2026
90000642;20000728;group;2009;;;872;;;;;;;;;;;;;;;;;;;;;;;;;;;;;;;20.02.2026
90000643;20000886;group;2009;;;108XLA;;;;;;;;;;;;;;;;;;;;;;;;;;;;;;;20.02.2026
90000644;20001214;group;2009;;;TYPE 1;;;;;;;;;;;;;;;;;;;;;;;;;;;;;;;20.02.2026
90000652;20000593;group;2009;;;104;;;;;;;;;;;;;;;;;;;;;;;;;;;;;;;20.02.2026
90000653;20000593;group;2009;;;502;;;;;;;;;;;;;;;;;;;;;;;;;;;;;;;20.02.2026
90000654;20000593;group;2009;;;18;;;;;;;;;;;;;;;;;;;;;;;;;;;;;;;20.02.2026
90000655;20000593;group;2009;;;SJIC-30-P-;;;;;;;;;;;;;;;;;;;;;;;;;;;;;;;20.02.2026
90000656;20000593;group;2009;;;378XL;;;;;;;;;;;;;;;;;;;;;;;;;;;;;;;20.02.2026
90000657;20000593;group;2009;;;133;;;;;;;;;;;;;;;;;;;;;;;;;;;;;;;20.02.2026
90000658;20000728;group;2009;;;363;;;;;;;;;;;;;;;;;;;;;;;;;;;;;;;20.02.2026
90000659;20000728;group;2009;;;780;;;;;;;;;;;;;;;;;;;;;;;;;;;;;;;20.02.2026
90000660;20000728;group;2009;;;82;;;;;;;;;;;;;;;;;;;;;;;;;;;;;;;20.02.2026
90000661;20000728;group;2009;;;789;;;;;;;;;;;;;;;;;;;;;;;;;;;;;;;20.02.2026
90000662;20000728;group;2009;;;792;;;;;;;;;;;;;;;;;;;;;;;;;;;;;;;20.02.2026
90000663;20000728;group;2009;;;178XL;;;;;;;;;;;;;;;;;;;;;;;;;;;;;;;20.02.2026
90000664;20000728;group;2009;;;953;;;;;;;;;;;;;;;;;;;;;;;;;;;;;;;20.02.2026
90000665;20000728;group;2009;;;903;;;;;;;;;;;;;;;;;;;;;;;;;;;;;;;20.02.2026
90000666;20000728;group;2009;;;981A;;;;;;;;;;;;;;;;;;;;;;;;;;;;;;;20.02.2026
90000667;20000728;group;2009;;;831A;;;;;;;;;;;;;;;;;;;;;;;;;;;;;;;20.02.2026
90000668;20000886;group;2009;;;100A;;;;;;;;;;;;;;;;;;;;;;;;;;;;;;;20.02.2026
90000669;20001067;group;2009;;;IH955;;;;;;;;;;;;;;;;;;;;;;;;;;;;;;;20.02.2026
90000670;20001067;group;2009;;;IJC 224;;;;;;;;;;;;;;;;;;;;;;;;;;;;;;;20.02.2026
90000671;20001067;group;2009;;;IJC 255;;;;;;;;;;;;;;;;;;;;;;;;;;;;;;;20.02.2026
90000672;20001067;group;2009;;;IJC 256;;;;;;;;;;;;;;;;;;;;;;;;;;;;;;;20.02.2026
90000680;20000593;group;2009;;;69;;;;;;;;;;;;;;;;;;;;;;;;;;;;;;;20.02.2026
90000681;20000593;group;2009;;;79XL;;;;;;;;;;;;;;;;;;;;;;;;;;;;;;;20.02.2026
90000682;20000593;group;2009;;;26XL;;;;;;;;;;;;;;;;;;;;;;;;;;;;;;;20.02.2026
90000683;20000593;group;2009;;;378;;;;;;;;;;;;;;;;;;;;;;;;;;;;;;;20.02.2026
90000684;20000728;group;2009;;;920XL;;;;;;;;;;;;;;;;;;;;;;;;;;;;;;;20.02.2026
90000685;20000728;group;2009;;;364;;;;;;;;;;;;;;;;;;;;;;;;;;;;;;;20.02.2026
90000686;20000728;group;2009;;;88XL;;;;;;;;;;;;;;;;;;;;;;;;;;;;;;;20.02.2026
90000687;20000728;group;2009;;;72;;;;;;;;;;;;;;;;;;;;;;;;;;;;;;;20.02.2026
90000688;20000728;group;2009;;;940XL;;;;;;;;;;;;;;;;;;;;;;;;;;;;;;;20.02.2026
90000689;20000728;group;2009;;;871A;;;;;;;;;;;;;;;;;;;;;;;;;;;;;;;20.02.2026
90000690;20001067;group;2009;;;IJC 244;;;;;;;;;;;;;;;;;;;;;;;;;;;;;;;20.02.2026
90000691;20001067;group;2009;;;IJC 236;;;;;;;;;;;;;;;;;;;;;;;;;;;;;;;20.02.2026
90000699;20000593;group;2009;;;127;;;;;;;;;;;;;;;;;;;;;;;;;;;;;;;20.02.2026
90000700;20000593;group;2009;;;124;;;;;;;;;;;;;;;;;;;;;;;;;;;;;;;20.02.2026
90000701;20000593;group;2009;;;SJIC-26-P-;;;;;;;;;;;;;;;;;;;;;;;;;;;;;;;20.02.2026
90000702;20000593;group;2009;;;101;;;;;;;;;;;;;;;;;;;;;;;;;;;;;;;20.02.2026
90000703;20000728;group;2009;;;178;;;;;;;;;;;;;;;;;;;;;;;;;;;;;;;20.02.2026
90000704;20000728;group;2009;;;90;;;;;;;;;;;;;;;;;;;;;;;;;;;;;;;20.02.2026
90000705;20000728;group;2009;;;FB250;;;;;;;;;;;;;;;;;;;;;;;;;;;;;;;20.02.2026
90000706;20000886;group;2009;;;100XL;;;;;;;;;;;;;;;;;;;;;;;;;;;;;;;20.02.2026
90000707;20000886;group;2009;;;150XL;;;;;;;;;;;;;;;;;;;;;;;;;;;;;;;20.02.2026
90000717;20000593;group;2009;;;18XL;;;;;;;;;;;;;;;;;;;;;;;;;;;;;;;20.02.2026
90000718;20000593;group;2009;;;26;;;;;;;;;;;;;;;;;;;;;;;;;;;;;;;20.02.2026
90000719;20000593;group;2009;;;29XL;;;;;;;;;;;;;;;;;;;;;;;;;;;;;;;20.02.2026
90000310;20000984;group;2009;;;TK-8725;;;;;;;;;;;;;;;;;;;;;;;;;;;;;;;20.02.2026
90000311;20000984;group;2009;;;TK-875;;;;;;;;;;;;;;;;;;;;;;;;;;;;;;;20.02.2026
90000312;20000513;group;2009;;;TN-318;;;;;;;;;;;;;;;;;;;;;;;;;;;;;;;20.02.2026
90000313;20001164;group;2009;;;TN-512;;;;;;;;;;;;;;;;;;;;;;;;;;;;;;;20.02.2026
90000314;20000513;group;2009;;;TN-512;;;;;;;;;;;;;;;;;;;;;;;;;;;;;;;20.02.2026
90000315;20001164;group;2009;;;TN-617;;;;;;;;;;;;;;;;;;;;;;;;;;;;;;;20.02.2026
90000316;20000984;group;2009;;;TK-5160;;;;;;;;;;;;;;;;;;;;;;;;;;;;;;;20.02.2026
90000317;20001164;group;2009;;;TNP-49;;;;;;;;;;;;;;;;;;;;;;;;;;;;;;;20.02.2026
90000318;20000513;group;2009;;;TNP-50;;;;;;;;;;;;;;;;;;;;;;;;;;;;;;;20.02.2026
90000319;20001164;group;2009;;;TN-621;;;;;;;;;;;;;;;;;;;;;;;;;;;;;;;20.02.2026
90000320;20000984;group;2009;;;TK-5205;;;;;;;;;;;;;;;;;;;;;;;;;;;;;;;20.02.2026
90000321;20000984;group;2009;;;TK-5215;;;;;;;;;;;;;;;;;;;;;;;;;;;;;;;20.02.2026
90000322;20001164;group;2009;;;TN-713;;;;;;;;;;;;;;;;;;;;;;;;;;;;;;;20.02.2026
90000323;20000728;group;2009;;;MLT-D205;;;;;;;;;;;;;;;;;;;;;;;;;;;;;;;20.02.2026
90000324;20000984;group;2009;;;TK-540;;;;;;;;;;;;;;;;;;;;;;;;;;;;;;;20.02.2026
90000325;20000513;group;2009;;;TN-216;;;;;;;;;;;;;;;;;;;;;;;;;;;;;;;20.02.2026
90000326;20000984;group;2009;;;TK-880;;;;;;;;;;;;;;;;;;;;;;;;;;;;;;;20.02.2026
90000327;20001434;group;2009;;;T-FC 35;;;;;;;;;;;;;;;;;;;;;;;;;;;;;;;20.02.2026
90000328;20000728;group;2009;;;CLX-R8385;;;;;;;;;;;;;;;;;;;;;;;;;;;;;;;20.02.2026
90000329;20000984;group;2009;;;TK-5230;;;;;;;;;;;;;;;;;;;;;;;;;;;;;;;20.02.2026
90000330;20000984;group;2009;;;TK-510;;;;;;;;;;;;;;;;;;;;;;;;;;;;;;;20.02.2026
90000331;20001434;group;2009;;;T-FC 26;;;;;;;;;;;;;;;;;;;;;;;;;;;;;;;20.02.2026
90000332;20001164;group;2009;;;TN-614;;;;;;;;;;;;;;;;;;;;;;;;;;;;;;;20.02.2026
90000333;20001237;group;2009;;;TNR 397;;;;;;;;;;;;;;;;;;;;;;;;;;;;;;;20.02.2026
90000334;20001164;group;2009;;;TN-615;;;;;;;;;;;;;;;;;;;;;;;;;;;;;;;20.02.2026
90000335;20000593;group;2009;;;LC-3;;;;;;;;;;;;;;;;;;;;;;;;;;;;;;;20.02.2026
90000336;20001237;group;2009;;;TNR 396;;;;;;;;;;;;;;;;;;;;;;;;;;;;;;;20.02.2026
90000337;20000984;group;2009;;;TK-580;;;;;;;;;;;;;;;;;;;;;;;;;;;;;;;20.02.2026
90000338;20001164;group;2009;;;TNP-19;;;;;;;;;;;;;;;;;;;;;;;;;;;;;;;20.02.2026
90000339;20001164;group;2009;;;TNP-18;;;;;;;;;;;;;;;;;;;;;;;;;;;;;;;20.02.2026
90000340;20000984;group;2009;;;TK-5140;;;;;;;;;;;;;;;;;;;;;;;;;;;;;;;20.02.2026
90000341;20000984;group;2009;;;TK-8335;;;;;;;;;;;;;;;;;;;;;;;;;;;;;;;20.02.2026
90000342;20001434;group;2009;;;T-FC 556;;;;;;;;;;;;;;;;;;;;;;;;;;;;;;;20.02.2026
90000343;20000984;group;2009;;;TK-8525;;;;;;;;;;;;;;;;;;;;;;;;;;;;;;;20.02.2026
90000344;20001434;group;2009;;;T-FC 200;;;;;;;;;;;;;;;;;;;;;;;;;;;;;;;20.02.2026
90000345;20001434;group;2009;;;T-FC 338;;;;;;;;;;;;;;;;;;;;;;;;;;;;;;;20.02.2026
90000573;20000728;group;2009;;;364XL;;;;;;;;;;;;;;;;;;;;;;;;;;;;;;;20.02.2026
90000574;20000728;group;2009;;;564;;;;;;;;;;;;;;;;;;;;;;;;;;;;;;;20.02.2026
90000575;20000728;group;2009;;;953XL;;;;;;;;;;;;;;;;;;;;;;;;;;;;;;;20.02.2026
90000576;20000886;group;2009;;;100;;;;;;;;;;;;;;;;;;;;;;;;;;;;;;;20.02.2026
90000577;20000886;group;2009;;;150;;;;;;;;;;;;;;;;;;;;;;;;;;;;;;;20.02.2026
90000585;20000593;group;2009;;;24XL;;;;;;;;;;;;;;;;;;;;;;;;;;;;;;;20.02.2026
90000586;20000593;group;2009;;;664;;;;;;;;;;;;;;;;;;;;;;;;;;;;;;;20.02.2026
90000587;20000593;group;2009;;;17XL;;;;;;;;;;;;;;;;;;;;;;;;;;;;;;;20.02.2026
90000588;20000593;group;2009;;;202;;;;;;;;;;;;;;;;;;;;;;;;;;;;;;;20.02.2026
90000589;20000593;group;2009;;;81N;;;;;;;;;;;;;;;;;;;;;;;;;;;;;;;20.02.2026
90000590;20000593;group;2009;;;35XL;;;;;;;;;;;;;;;;;;;;;;;;;;;;;;;20.02.2026
90000591;20000728;group;2009;;;38;;;;;;;;;;;;;;;;;;;;;;;;;;;;;;;20.02.2026
90000592;20000728;group;2009;;;76;;;;;;;;;;;;;;;;;;;;;;;;;;;;;;;20.02.2026
90000593;20000728;group;2009;;;843A;;;;;;;;;;;;;;;;;;;;;;;;;;;;;;;20.02.2026
90000594;20000728;group;2009;;;981X;;;;;;;;;;;;;;;;;;;;;;;;;;;;;;;20.02.2026
90000595;20000728;group;2009;;;973X;;;;;;;;;;;;;;;;;;;;;;;;;;;;;;;20.02.2026
90000596;20000728;group;2009;;;882;;;;;;;;;;;;;;;;;;;;;;;;;;;;;;;20.02.2026
90000598;20000886;group;2009;;;100XLA;;;;;;;;;;;;;;;;;;;;;;;;;;;;;;;20.02.2026
90000599;20001067;group;2009;;;IJ2055;;;;;;;;;;;;;;;;;;;;;;;;;;;;;;;20.02.2026
90000610;20000593;group;2009;;;27XL;;;;;;;;;;;;;;;;;;;;;;;;;;;;;;;20.02.2026
90000611;20000593;group;2009;;;29;;;;;;;;;;;;;;;;;;;;;;;;;;;;;;;20.02.2026
90000275;20000984;group;2009;;;TK-5150;;;;;;;;;;;;;;;;;;;;;;;;;;;;;;;20.02.2026
90000276;20001434;group;2009;;;T-FC 505;;;;;;;;;;;;;;;;;;;;;;;;;;;;;;;20.02.2026
90000277;20000984;group;2009;;;TK-5280;;;;;;;;;;;;;;;;;;;;;;;;;;;;;;;20.02.2026
90000278;20000513;group;2009;;;TN-713;;;;;;;;;;;;;;;;;;;;;;;;;;;;;;;20.02.2026
90000279;20001164;group;2009;;;TN-318;;;;;;;;;;;;;;;;;;;;;;;;;;;;;;;20.02.2026
90000280;20000513;group;2009;;;TN-213;;;;;;;;;;;;;;;;;;;;;;;;;;;;;;;20.02.2026
90000281;20001434;group;2009;;;T-FC 55;;;;;;;;;;;;;;;;;;;;;;;;;;;;;;;20.02.2026
90000282;20001164;group;2009;;;TN-613;;;;;;;;;;;;;;;;;;;;;;;;;;;;;;;20.02.2026
90000283;20000984;group;2009;;;TK-150;;;;;;;;;;;;;;;;;;;;;;;;;;;;;;;20.02.2026
90000284;20000984;group;2009;;;TK-810;;;;;;;;;;;;;;;;;;;;;;;;;;;;;;;20.02.2026
90000285;20000513;group;2009;;;TN-214;;;;;;;;;;;;;;;;;;;;;;;;;;;;;;;20.02.2026
90000286;20000984;group;2009;;;TK-8315;;;;;;;;;;;;;;;;;;;;;;;;;;;;;;;20.02.2026
90000287;20000984;group;2009;;;TK-621;;;;;;;;;;;;;;;;;;;;;;;;;;;;;;;20.02.2026
90000288;20000984;group;2009;;;TK-5135;;;;;;;;;;;;;;;;;;;;;;;;;;;;;;;20.02.2026
90000289;20000984;group;2009;;;TK-622;;;;;;;;;;;;;;;;;;;;;;;;;;;;;;;20.02.2026
90000290;20001434;group;2009;;;T-FC 25;;;;;;;;;;;;;;;;;;;;;;;;;;;;;;;20.02.2026
90000291;20001164;group;2009;;;TNP-22;;;;;;;;;;;;;;;;;;;;;;;;;;;;;;;20.02.2026
90000292;20000984;group;2009;;;TK-8305;;;;;;;;;;;;;;;;;;;;;;;;;;;;;;;20.02.2026
90000293;20000984;group;2009;;;TK-8345;;;;;;;;;;;;;;;;;;;;;;;;;;;;;;;20.02.2026
90000294;20000984;group;2009;;;TK-8515;;;;;;;;;;;;;;;;;;;;;;;;;;;;;;;20.02.2026
90000295;20000728;group;2009;;;MLT-D307;;;;;;;;;;;;;;;;;;;;;;;;;;;;;;;20.02.2026
90000296;20000513;group;2009;;;TN-620;;;;;;;;;;;;;;;;;;;;;;;;;;;;;;;20.02.2026
90000297;20000984;group;2009;;;TK-8115;;;;;;;;;;;;;;;;;;;;;;;;;;;;;;;20.02.2026
90000298;20001164;group;2009;;;TN-314;;;;;;;;;;;;;;;;;;;;;;;;;;;;;;;20.02.2026
90000299;20001164;group;2009;;;TN-213;;;;;;;;;;;;;;;;;;;;;;;;;;;;;;;20.02.2026
90000300;20001164;group;2009;;;TN-310;;;;;;;;;;;;;;;;;;;;;;;;;;;;;;;20.02.2026
90000301;20001434;group;2009;;;T-FC 31;;;;;;;;;;;;;;;;;;;;;;;;;;;;;;;20.02.2026
90000304;20000984;group;2009;;;TK-82;;;;;;;;;;;;;;;;;;;;;;;;;;;;;;;20.02.2026
90000305;20000513;group;2009;;;TN-314;;;;;;;;;;;;;;;;;;;;;;;;;;;;;;;20.02.2026
90000306;20000984;group;2009;;;TK-830;;;;;;;;;;;;;;;;;;;;;;;;;;;;;;;20.02.2026
90000307;20001164;group;2009;;;TN-622;;;;;;;;;;;;;;;;;;;;;;;;;;;;;;;20.02.2026
90000308;20000984;group;2009;;;TK-500;;;;;;;;;;;;;;;;;;;;;;;;;;;;;;;20.02.2026
90000309;20001434;group;2009;;;T-3511;;;;;;;;;;;;;;;;;;;;;;;;;;;;;;;20.02.2026
90001013;20000728;group;2009;;;667;;;;;;;;;;;;;;;;;;;;;;;;;;;;;;;20.02.2026
90001037;20000984;group;2009;;;TK-8555;;;;;;;;;;;;;;;;;;;;;;;;;;;;;;;20.02.2026
90001038;20000984;group;2009;;;TK-8545;;;;;;;;;;;;;;;;;;;;;;;;;;;;;;;20.02.2026
90001005;20000593;group;2009;;;114;;;;;;;;;;;;;;;;;;;;;;;;;;;;;;;20.02.2026
90001069;50096914;group;2009;;;CTL-1100;;;;;;;;;;;;;;;;;;;;;;;;;;;;;;;20.02.2026
90001021;20001289;group;2009;;;MXB-42;;;;;;;;;;;;;;;;;;;;;;;;;;;;;;;20.02.2026
90001022;20000264;group;2009;;;T10L;;;;;;;;;;;;;;;;;;;;;;;;;;;;;;;20.02.2026
90001023;20000264;group;2009;;;T10;;;;;;;;;;;;;;;;;;;;;;;;;;;;;;;20.02.2026
90001162;20000264;group;2009;;;C-EXV 65;;;;;;;;;;;;;;;;;;;;;;;;;;;;;;;20.02.2026
90001132;20000728;group;2009;;;883;;;;;;;;;;;;;;;;;;;;;;;;;;;;;;;20.02.2026
90001133;20000264;group;2009;;;T11;;;;;;;;;;;;;;;;;;;;;;;;;;;;;;;20.02.2026
90001246;20000264;group;2009;;;T16;;;;;;;;;;;;;;;;;;;;;;;;;;;;;;;20.02.2026
90000932;20000593;group;2009;;;603;;;;;;;;;;;;;;;;;;;;;;;;;;;;;;;20.02.2026
90000933;20000593;group;2009;;;603XL;;;;;;;;;;;;;;;;;;;;;;;;;;;;;;;20.02.2026
90001079;20000229;group;2009;;;LC-462;;;;;;;;;;;;;;;;;;;;;;;;;;;;;;;20.02.2026
90001237;20001434;group;2009;;;T-FC 330 E;;;;;;;;;;;;;;;;;;;;;;;;;;;;;;;20.02.2026
90001083;20000264;group;2009;;;067;;;;;;;;;;;;;;;;;;;;;;;;;;;;;;;20.02.2026
90001130;20000264;group;2009;;;CL-576;;;;;;;;;;;;;;;;;;;;;;;;;;;;;;;20.02.2026
90001131;20000264;group;2009;;;PG-575;;;;;;;;;;;;;;;;;;;;;;;;;;;;;;;20.02.2026
34002111;20000728;group;2007;;;Smart Tank;;;;;;;;;;;1;;;;;;;;;;;;;;;;;;;;20.02.2026
90001020;20000513;group;2009;;;TN-227;;;;;;;;;;;;;;;;;;;;;;;;;;;;;;;20.02.2026
90001025;20000264;group;2009;;;PFI-340;;;;;;;;;;;;;;;;;;;;;;;;;;;;;;;20.02.2026
90001026;20000264;group;2009;;;PFI-740;;;;;;;;;;;;;;;;;;;;;;;;;;;;;;;20.02.2026
90000001;20002389;group;2009;;;DT125;;;;;;;;;;;;;;;;;;;;;;;;;;;;;;;20.02.2026
90000003;20002389;group;2009;;;DT3000;;;;;;;;;;;;;;;;;;;;;;;;;;;;;;;20.02.2026
90000004;20000920;group;2009;;;CL 160;;;;;;;;;;;;;;;;;;;;;;;;;;;;;;;20.02.2026
90000005;20000229;group;2009;;;LC-3213;;;;;;;;;;;;;;;;;;;;;;;;;;;;;;;20.02.2026
90000006;20000229;group;2009;;;TN-423;;;;;;;;;;;;;;;;;;;;;;;;;;;;;;;20.02.2026
90000007;20000229;group;2009;;;TN-421;;;;;;;;;;;;;;;;;;;;;;;;;;;;;;;20.02.2026
90000008;20000229;group;2009;;;LC-1220;;;;;;;;;;;;;;;;;;;;;;;;;;;;;;;20.02.2026
90000009;20000229;group;2009;;;TN-326;;;;;;;;;;;;;;;;;;;;;;;;;;;;;;;20.02.2026
90000010;20000229;group;2009;;;PR-1438;;;;;;;;;;;;;;;;;;;;;;;;;;;;;;;20.02.2026
90000011;20000229;group;2009;;;PR-1060;;;;;;;;;;;;;;;;;;;;;;;;;;;;;;;20.02.2026
90000012;20000229;group;2009;;;LC-970;;;;;;;;;;;;;;;;;;;;;;;;;;;;;;;20.02.2026
90000013;20000229;group;2009;;;TN-135;;;;;;;;;;;;;;;;;;;;;;;;;;;;;;;20.02.2026
90000014;20001237;group;2009;;;TNR 38;;;;;;;;;;;;;;;;;;;;;;;;;;;;;;;20.02.2026
90000015;20001237;group;2009;;;TN-R 378;;;;;;;;;;;;;;;;;;;;;;;;;;;;;;;20.02.2026
90000016;20001240;group;2009;;;CLX-R 838;;;;;;;;;;;;;;;;;;;;;;;;;;;;;;;20.02.2026
90000017;20001289;group;2009;;;DX-25;;;;;;;;;;;;;;;;;;;;;;;;;;;;;;;20.02.2026
90000018;20001289;group;2009;;;MX-62;;;;;;;;;;;;;;;;;;;;;;;;;;;;;;;20.02.2026
90000019;20001289;group;2009;;;MX-850;;;;;;;;;;;;;;;;;;;;;;;;;;;;;;;20.02.2026
90000020;20001289;group;2009;;;SF-234;;;;;;;;;;;;;;;;;;;;;;;;;;;;;;;20.02.2026
90000021;20001289;group;2009;;;SF-235;;;;;;;;;;;;;;;;;;;;;;;;;;;;;;;20.02.2026
90000022;20001289;group;2009;;;MX-70;;;;;;;;;;;;;;;;;;;;;;;;;;;;;;;20.02.2026
90000023;20001289;group;2009;;;AR-202;;;;;;;;;;;;;;;;;;;;;;;;;;;;;;;20.02.2026
90000024;20001289;group;2009;;;MXC-31;;;;;;;;;;;;;;;;;;;;;;;;;;;;;;;20.02.2026
90000025;20002389;group;2009;;;CT165;;;;;;;;;;;;;;;;;;;;;;;;;;;;;;;20.02.2026
90000026;20002389;group;2009;;;CT206;;;;;;;;;;;;;;;;;;;;;;;;;;;;;;;20.02.2026
90000027;20002389;group;2009;;;DT31;;;;;;;;;;;;;;;;;;;;;;;;;;;;;;;20.02.2026
90000028;20000229;group;2009;;;TN-900;;;;;;;;;;;;;;;;;;;;;;;;;;;;;;;20.02.2026
90000029;20000229;group;2009;;;LC-3217;;;;;;;;;;;;;;;;;;;;;;;;;;;;;;;20.02.2026
90000030;20000229;group;2009;;;TN-325;;;;;;;;;;;;;;;;;;;;;;;;;;;;;;;20.02.2026
90000031;20000229;group;2009;;;LC-3617;;;;;;;;;;;;;;;;;;;;;;;;;;;;;;;20.02.2026
90000032;20000229;group;2009;;;TN-230;;;;;;;;;;;;;;;;;;;;;;;;;;;;;;;20.02.2026
90000033;20000229;group;2009;;;LC-800;;;;;;;;;;;;;;;;;;;;;;;;;;;;;;;20.02.2026
90000034;20001240;group;2009;;;MLT-D 307;;;;;;;;;;;;;;;;;;;;;;;;;;;;;;;20.02.2026
90000035;20001240;group;2009;;;MLT-D 204;;;;;;;;;;;;;;;;;;;;;;;;;;;;;;;20.02.2026
90000036;20001289;group;2009;;;MX-60;;;;;;;;;;;;;;;;;;;;;;;;;;;;;;;20.02.2026
90000037;20001289;group;2009;;;DX-C 20;;;;;;;;;;;;;;;;;;;;;;;;;;;;;;;20.02.2026
90000038;20001289;group;2009;;;MX-410;;;;;;;;;;;;;;;;;;;;;;;;;;;;;;;20.02.2026
90000039;20001289;group;2009;;;SF-981;;;;;;;;;;;;;;;;;;;;;;;;;;;;;;;20.02.2026
90000040;20001289;group;2009;;;AR-150;;;;;;;;;;;;;;;;;;;;;;;;;;;;;;;20.02.2026
90000041;20001289;group;2009;;;SF-810;;;;;;;;;;;;;;;;;;;;;;;;;;;;;;;20.02.2026
90000042;20001289;group;2009;;;SF-770;;;;;;;;;;;;;;;;;;;;;;;;;;;;;;;20.02.2026
90000043;20001289;group;2009;;;SF-222;;;;;;;;;;;;;;;;;;;;;;;;;;;;;;;20.02.2026
90000044;20001289;group;2009;;;MX-18;;;;;;;;;;;;;;;;;;;;;;;;;;;;;;;20.02.2026
90000045;20001289;group;2009;;;ARC-33;;;;;;;;;;;;;;;;;;;;;;;;;;;;;;;20.02.2026
90000046;20001289;group;2009;;;SD-485;;;;;;;;;;;;;;;;;;;;;;;;;;;;;;;20.02.2026
90000047;20001289;group;2009;;;AJ-T 21;;;;;;;;;;;;;;;;;;;;;;;;;;;;;;;20.02.2026
90000048;20001289;group;2009;;;SF-730;;;;;;;;;;;;;;;;;;;;;;;;;;;;;;;20.02.2026
90000049;20002389;group;2009;;;CT114;;;;;;;;;;;;;;;;;;;;;;;;;;;;;;;20.02.2026
90000050;20002389;group;2009;;;DT432;;;;;;;;;;;;;;;;;;;;;;;;;;;;;;;20.02.2026
90000475;20000728;group;2009;;;126A;;;;;;;;;;;;;;;;;;;;;;;;;;;;;;;20.02.2026
90000476;20000728;group;2009;;;128A;;;;;;;;;;;;;;;;;;;;;;;;;;;;;;;20.02.2026
90000478;20000728;group;2009;;;508X;;;;;;;;;;;;;;;;;;;;;;;;;;;;;;;20.02.2026
90000479;20000728;group;2009;;;305A;;;;;;;;;;;;;;;;;;;;;;;;;;;;;;;20.02.2026
90000480;20000984;group;2009;;;TK-897;;;;;;;;;;;;;;;;;;;;;;;;;;;;;;;20.02.2026
90000481;20001484;group;2009;;;CK-8514;;;;;;;;;;;;;;;;;;;;;;;;;;;;;;;20.02.2026
90000486;20000728;group;2009;;;410A;;;;;;;;;;;;;;;;;;;;;;;;;;;;;;;20.02.2026
90000487;20001453;group;2009;;;CK-8512;;;;;;;;;;;;;;;;;;;;;;;;;;;;;;;20.02.2026
90000488;20001453;group;2009;;;CK-5510;;;;;;;;;;;;;;;;;;;;;;;;;;;;;;;20.02.2026
90000489;20001484;group;2009;;;CK-8520;;;;;;;;;;;;;;;;;;;;;;;;;;;;;;;20.02.2026
90000492;20001214;group;2009;;;MP C7500;;;;;;;;;;;;;;;;;;;;;;;;;;;;;;;20.02.2026
90000051;20002389;group;2009;;;CT31;;;;;;;;;;;;;;;;;;;;;;;;;;;;;;;20.02.2026
90000053;20002389;group;2009;;;CT113;;;;;;;;;;;;;;;;;;;;;;;;;;;;;;;20.02.2026
90000054;20000229;group;2009;;;LC-3239;;;;;;;;;;;;;;;;;;;;;;;;;;;;;;;20.02.2026
90000055;20000229;group;2009;;;LC-3219;;;;;;;;;;;;;;;;;;;;;;;;;;;;;;;20.02.2026
90000056;20000229;group;2009;;;LC-22;;;;;;;;;;;;;;;;;;;;;;;;;;;;;;;20.02.2026
90000057;20000229;group;2009;;;PR-1212;;;;;;;;;;;;;;;;;;;;;;;;;;;;;;;20.02.2026
90000058;20000229;group;2009;;;LC-125;;;;;;;;;;;;;;;;;;;;;;;;;;;;;;;20.02.2026
90000059;20000229;group;2009;;;LC-565;;;;;;;;;;;;;;;;;;;;;;;;;;;;;;;20.02.2026
90000060;20000229;group;2009;;;PR-4090;;;;;;;;;;;;;;;;;;;;;;;;;;;;;;;20.02.2026
90000061;20000229;group;2009;;;LC-121;;;;;;;;;;;;;;;;;;;;;;;;;;;;;;;20.02.2026
90000062;20000229;group;2009;;;LC-223;;;;;;;;;;;;;;;;;;;;;;;;;;;;;;;20.02.2026
90000063;20000229;group;2009;;;TN-321;;;;;;;;;;;;;;;;;;;;;;;;;;;;;;;20.02.2026
90000064;20000229;group;2009;;;TN-320;;;;;;;;;;;;;;;;;;;;;;;;;;;;;;;20.02.2026
90000065;20000229;group;2009;;;TN-01;;;;;;;;;;;;;;;;;;;;;;;;;;;;;;;20.02.2026
90000494;20001453;group;2009;;;CK-5018;;;;;;;;;;;;;;;;;;;;;;;;;;;;;;;20.02.2026
90000496;20001484;group;2009;;;PK-5012;;;;;;;;;;;;;;;;;;;;;;;;;;;;;;;20.02.2026
90000497;20000728;group;2009;;;641A;;;;;;;;;;;;;;;;;;;;;;;;;;;;;;;20.02.2026
90000500;20001214;group;2009;;;TYPE 110;;;;;;;;;;;;;;;;;;;;;;;;;;;;;;;20.02.2026
90000501;20001214;group;2009;;;TYPE L 1;;;;;;;;;;;;;;;;;;;;;;;;;;;;;;;20.02.2026
90000503;20001484;group;2009;;;PK-5019;;;;;;;;;;;;;;;;;;;;;;;;;;;;;;;20.02.2026
90000504;20001214;group;2009;;;TYPE 245;;;;;;;;;;;;;;;;;;;;;;;;;;;;;;;20.02.2026
90000505;20000746;group;2009;;;V3;;;;;;;;;;;;;;;;;;;;;;;;;;;;;;;20.02.2026
90000508;20000984;group;2009;;;TD 80;;;;;;;;;;;;;;;;;;;;;;;;;;;;;;;20.02.2026
90000509;20000728;group;2009;;;131A;;;;;;;;;;;;;;;;;;;;;;;;;;;;;;;20.02.2026
90000510;20001074;group;2009;;;TYPEC8;;;;;;;;;;;;;;;;;;;;;;;;;;;;;;;20.02.2026
90000511;20000728;group;2009;;;312A;;;;;;;;;;;;;;;;;;;;;;;;;;;;;;;20.02.2026
90000512;20001067;group;2009;;;G-TN 314;;;;;;;;;;;;;;;;;;;;;;;;;;;;;;;20.02.2026
90000513;20000728;group;2009;;;130A;;;;;;;;;;;;;;;;;;;;;;;;;;;;;;;20.02.2026
90000514;20000728;group;2009;;;304L;;;;;;;;;;;;;;;;;;;;;;;;;;;;;;;20.02.2026
90000516;20001214;group;2009;;;TYPE SP 352 E;;;;;;;;;;;;;;;;;;;;;;;;;;;;;;;20.02.2026
90000517;20001453;group;2009;;;CK-5511;;;;;;;;;;;;;;;;;;;;;;;;;;;;;;;20.02.2026
90000518;20000728;group;2009;;;657X;;;;;;;;;;;;;;;;;;;;;;;;;;;;;;;20.02.2026
90000519;20001453;group;2009;;;PK-5014;;;;;;;;;;;;;;;;;;;;;;;;;;;;;;;20.02.2026
90000520;20001484;group;2009;;;CK-5510;;;;;;;;;;;;;;;;;;;;;;;;;;;;;;;20.02.2026
90000522;20001214;group;2009;;;TYPE S 2;;;;;;;;;;;;;;;;;;;;;;;;;;;;;;;20.02.2026
90000523;20000861;group;2009;;;TYPE 145;;;;;;;;;;;;;;;;;;;;;;;;;;;;;;;20.02.2026
90000525;20001453;group;2009;;;PK-5012;;;;;;;;;;;;;;;;;;;;;;;;;;;;;;;20.02.2026
90000526;20001074;group;2009;;;TYPE C8;;;;;;;;;;;;;;;;;;;;;;;;;;;;;;;20.02.2026
90000527;20001214;group;2009;;;TYPE 140;;;;;;;;;;;;;;;;;;;;;;;;;;;;;;;20.02.2026
90000532;20000728;group;2009;;;826A;;;;;;;;;;;;;;;;;;;;;;;;;;;;;;;20.02.2026
90000533;20000728;group;2009;;;650A;;;;;;;;;;;;;;;;;;;;;;;;;;;;;;;20.02.2026
90000534;20001214;group;2009;;;MP C7501;;;;;;;;;;;;;;;;;;;;;;;;;;;;;;;20.02.2026
90000536;20000728;group;2009;;;651A;;;;;;;;;;;;;;;;;;;;;;;;;;;;;;;20.02.2026
90000537;20000728;group;2009;;;201A;;;;;;;;;;;;;;;;;;;;;;;;;;;;;;;20.02.2026
90000539;20000728;group;2009;;;305L;;;;;;;;;;;;;;;;;;;;;;;;;;;;;;;20.02.2026
90000540;20001453;group;2009;;;PK-5015;;;;;;;;;;;;;;;;;;;;;;;;;;;;;;;20.02.2026
90000541;20000984;group;2009;;;TK-592;;;;;;;;;;;;;;;;;;;;;;;;;;;;;;;20.02.2026
90000542;20000728;group;2009;;;203A;;;;;;;;;;;;;;;;;;;;;;;;;;;;;;;20.02.2026
90000543;20000728;group;2009;;;203X;;;;;;;;;;;;;;;;;;;;;;;;;;;;;;;20.02.2026
90000544;20001484;group;2009;;;PK-5015;;;;;;;;;;;;;;;;;;;;;;;;;;;;;;;20.02.2026
90000545;20000728;group;2009;;;655A;;;;;;;;;;;;;;;;;;;;;;;;;;;;;;;20.02.2026
90000546;20001453;group;2009;;;PK-5016;;;;;;;;;;;;;;;;;;;;;;;;;;;;;;;20.02.2026
90000547;20001214;group;2009;;;SPC360E;;;;;;;;;;;;;;;;;;;;;;;;;;;;;;;20.02.2026
90000548;20001484;group;2009;;;PK-5017;;;;;;;;;;;;;;;;;;;;;;;;;;;;;;;20.02.2026
90000550;20001214;group;2009;;;TYPE 306;;;;;;;;;;;;;;;;;;;;;;;;;;;;;;;20.02.2026
90000552;20000728;group;2009;;;822A;;;;;;;;;;;;;;;;;;;;;;;;;;;;;;;20.02.2026
90000553;20001214;group;2009;;;TYPE C 4500;;;;;;;;;;;;;;;;;;;;;;;;;;;;;;;20.02.2026
90000560;20001067;group;2009;;;P3;;;;;;;;;;;;;;;;;;;;;;;;;;;;;;;20.02.2026
90000561;20000728;group;2009;;;827A;;;;;;;;;;;;;;;;;;;;;;;;;;;;;;;20.02.2026
90000563;20001484;group;2009;;;CK-8510;;;;;;;;;;;;;;;;;;;;;;;;;;;;;;;20.02.2026
90000164;20000229;group;2009;;;PR-4040;;;;;;;;;;;;;;;;;;;;;;;;;;;;;;;20.02.2026
90000165;20000229;group;2009;;;LC-123;;;;;;;;;;;;;;;;;;;;;;;;;;;;;;;20.02.2026
90000166;20000229;group;2009;;;LC-563;;;;;;;;;;;;;;;;;;;;;;;;;;;;;;;20.02.2026
90000167;20000229;group;2009;;;LC-3233;;;;;;;;;;;;;;;;;;;;;;;;;;;;;;;20.02.2026
90000168;20000229;group;2009;;;LC-3033;;;;;;;;;;;;;;;;;;;;;;;;;;;;;;;20.02.2026
90000169;20000229;group;2009;;;LC-1240;;;;;;;;;;;;;;;;;;;;;;;;;;;;;;;20.02.2026
90000170;20000229;group;2009;;;TN-243;;;;;;;;;;;;;;;;;;;;;;;;;;;;;;;20.02.2026
90000171;20000229;group;2009;;;LC-9;;;;;;;;;;;;;;;;;;;;;;;;;;;;;;;20.02.2026
90000172;20000229;group;2009;;;LC-3619;;;;;;;;;;;;;;;;;;;;;;;;;;;;;;;20.02.2026
90000173;20000229;group;2009;;;LC-02;;;;;;;;;;;;;;;;;;;;;;;;;;;;;;;20.02.2026
90000174;20000229;group;2009;;;LC-01;;;;;;;;;;;;;;;;;;;;;;;;;;;;;;;20.02.2026
90000176;20001289;group;2009;;;AR-310;;;;;;;;;;;;;;;;;;;;;;;;;;;;;;;20.02.2026
90000177;20001289;group;2009;;;MXC-30;;;;;;;;;;;;;;;;;;;;;;;;;;;;;;;20.02.2026
90000178;20001289;group;2009;;;AR-810;;;;;;;;;;;;;;;;;;;;;;;;;;;;;;;20.02.2026
90000179;20001289;group;2009;;;MX-700;;;;;;;;;;;;;;;;;;;;;;;;;;;;;;;20.02.2026
90000066;20000229;group;2009;;;LC-1000;;;;;;;;;;;;;;;;;;;;;;;;;;;;;;;20.02.2026
90000067;20001289;group;2009;;;MX-27;;;;;;;;;;;;;;;;;;;;;;;;;;;;;;;20.02.2026
90000068;20001289;group;2009;;;ARC-80;;;;;;;;;;;;;;;;;;;;;;;;;;;;;;;20.02.2026
90000070;20002389;group;2009;;;DT38;;;;;;;;;;;;;;;;;;;;;;;;;;;;;;;20.02.2026
90000180;20001289;group;2009;;;ARC-26;;;;;;;;;;;;;;;;;;;;;;;;;;;;;;;20.02.2026
90000181;20001289;group;2009;;;SF-940;;;;;;;;;;;;;;;;;;;;;;;;;;;;;;;20.02.2026
90000182;20001289;group;2009;;;AR-532;;;;;;;;;;;;;;;;;;;;;;;;;;;;;;;20.02.2026
90000183;20001289;group;2009;;;AR-270;;;;;;;;;;;;;;;;;;;;;;;;;;;;;;;20.02.2026
90000184;20001289;group;2009;;;AJT20;;;;;;;;;;;;;;;;;;;;;;;;;;;;;;;20.02.2026
90000185;20000513;group;2009;;;TN-611;;;;;;;;;;;;;;;;;;;;;;;;;;;;;;;20.02.2026
90000186;20001164;group;2009;;;TN-212;;;;;;;;;;;;;;;;;;;;;;;;;;;;;;;20.02.2026
90000187;20001434;group;2009;;;T-281;;;;;;;;;;;;;;;;;;;;;;;;;;;;;;;20.02.2026
90000189;20000984;group;2009;;;TK-825;;;;;;;;;;;;;;;;;;;;;;;;;;;;;;;20.02.2026
90000190;20001164;group;2009;;;TN-510;;;;;;;;;;;;;;;;;;;;;;;;;;;;;;;20.02.2026
90000191;20001237;group;2009;;;TNR-367;;;;;;;;;;;;;;;;;;;;;;;;;;;;;;;20.02.2026
90000192;20001164;group;2009;;;TN-711;;;;;;;;;;;;;;;;;;;;;;;;;;;;;;;20.02.2026
90000193;20000513;group;2009;;;TN-616;;;;;;;;;;;;;;;;;;;;;;;;;;;;;;;20.02.2026
90000194;20000984;group;2009;;;TK-8505;;;;;;;;;;;;;;;;;;;;;;;;;;;;;;;20.02.2026
90000195;20000513;group;2009;;;TNP-48;;;;;;;;;;;;;;;;;;;;;;;;;;;;;;;20.02.2026
90000196;20000984;group;2009;;;TK-8325;;;;;;;;;;;;;;;;;;;;;;;;;;;;;;;20.02.2026
90000197;20000984;group;2009;;;TK-895;;;;;;;;;;;;;;;;;;;;;;;;;;;;;;;20.02.2026
90000198;20000593;group;2009;;;LC-2;;;;;;;;;;;;;;;;;;;;;;;;;;;;;;;20.02.2026
90000199;20001164;group;2009;;;TNP-51;;;;;;;;;;;;;;;;;;;;;;;;;;;;;;;20.02.2026
90000200;20001164;group;2009;;;TN-620;;;;;;;;;;;;;;;;;;;;;;;;;;;;;;;20.02.2026
90000201;20001434;group;2009;;;T-305;;;;;;;;;;;;;;;;;;;;;;;;;;;;;;;20.02.2026
90000202;20000513;group;2009;;;TNP-49;;;;;;;;;;;;;;;;;;;;;;;;;;;;;;;20.02.2026
90000203;20001164;group;2009;;;TN-324;;;;;;;;;;;;;;;;;;;;;;;;;;;;;;;20.02.2026
90000105;20001289;group;2009;;;SD-360;;;;;;;;;;;;;;;;;;;;;;;;;;;;;;;20.02.2026
90000106;20001289;group;2009;;;AR-330;;;;;;;;;;;;;;;;;;;;;;;;;;;;;;;20.02.2026
90000107;20001289;group;2009;;;AR-152;;;;;;;;;;;;;;;;;;;;;;;;;;;;;;;20.02.2026
90000109;20002389;group;2009;;;CT260;;;;;;;;;;;;;;;;;;;;;;;;;;;;;;;20.02.2026
90000110;20002389;group;2009;;;DT140;;;;;;;;;;;;;;;;;;;;;;;;;;;;;;;20.02.2026
90000111;20002389;group;2009;;;DT145;;;;;;;;;;;;;;;;;;;;;;;;;;;;;;;20.02.2026
90000112;20000229;group;2009;;;LC-1280;;;;;;;;;;;;;;;;;;;;;;;;;;;;;;;20.02.2026
90000113;20000229;group;2009;;;TN-329;;;;;;;;;;;;;;;;;;;;;;;;;;;;;;;20.02.2026
90000114;20000229;group;2009;;;LC-3035;;;;;;;;;;;;;;;;;;;;;;;;;;;;;;;20.02.2026
90000115;20000229;group;2009;;;PR-1850;;;;;;;;;;;;;;;;;;;;;;;;;;;;;;;20.02.2026
90000116;20000229;group;2009;;;LC-900;;;;;;;;;;;;;;;;;;;;;;;;;;;;;;;20.02.2026
90000117;20000229;group;2009;;;TN-04;;;;;;;;;;;;;;;;;;;;;;;;;;;;;;;20.02.2026
90000118;20000229;group;2009;;;LC-04;;;;;;;;;;;;;;;;;;;;;;;;;;;;;;;20.02.2026
90000119;20000229;group;2009;;;TN-12;;;;;;;;;;;;;;;;;;;;;;;;;;;;;;;20.02.2026
90000120;20000229;group;2009;;;TN-03;;;;;;;;;;;;;;;;;;;;;;;;;;;;;;;20.02.2026
90000121;20000229;group;2009;;;LC-600;;;;;;;;;;;;;;;;;;;;;;;;;;;;;;;20.02.2026
50447952;;text;;;;EXTRA HIGH-CAPACITY;;;;;;;;;;;;;;;;;;;;;;;;;;;;;;;20.02.2026
90000987;20001164;group;2009;;;TN-715;;;;;;;;;;;;;;;;;;;;;;;;;;;;;;;20.02.2026
90000122;20000229;group;2009;;;TN-02;;;;;;;;;;;;;;;;;;;;;;;;;;;;;;;20.02.2026
90000123;20000229;group;2009;;;TN-247;;;;;;;;;;;;;;;;;;;;;;;;;;;;;;;20.02.2026
90000124;20001237;group;2009;;;TN-R 384;;;;;;;;;;;;;;;;;;;;;;;;;;;;;;;20.02.2026
90000125;20001240;group;2009;;;MLT-D 203;;;;;;;;;;;;;;;;;;;;;;;;;;;;;;;20.02.2026
90000126;20001289;group;2009;;;MX-560;;;;;;;;;;;;;;;;;;;;;;;;;;;;;;;20.02.2026
90000127;20001289;group;2009;;;MX-51;;;;;;;;;;;;;;;;;;;;;;;;;;;;;;;20.02.2026
90000128;20001289;group;2009;;;SF-880;;;;;;;;;;;;;;;;;;;;;;;;;;;;;;;20.02.2026
90000129;20001289;group;2009;;;AR-620;;;;;;;;;;;;;;;;;;;;;;;;;;;;;;;20.02.2026
90000130;20001289;group;2009;;;SF-830;;;;;;;;;;;;;;;;;;;;;;;;;;;;;;;20.02.2026
90000131;20001289;group;2009;;;SF-226;;;;;;;;;;;;;;;;;;;;;;;;;;;;;;;20.02.2026
90000132;20001289;group;2009;;;SF-230;;;;;;;;;;;;;;;;;;;;;;;;;;;;;;;20.02.2026
90000133;20002389;group;2009;;;CT116;;;;;;;;;;;;;;;;;;;;;;;;;;;;;;;20.02.2026
90000134;20002389;group;2009;;;CT112;;;;;;;;;;;;;;;;;;;;;;;;;;;;;;;20.02.2026
90000135;20002389;group;2009;;;CD107;;;;;;;;;;;;;;;;;;;;;;;;;;;;;;;20.02.2026
90000136;20002389;group;2009;;;DT445;;;;;;;;;;;;;;;;;;;;;;;;;;;;;;;20.02.2026
90000138;20000229;group;2009;;;TN-910;;;;;;;;;;;;;;;;;;;;;;;;;;;;;;;20.02.2026
90000139;20000229;group;2009;;;PR-2020;;;;;;;;;;;;;;;;;;;;;;;;;;;;;;;20.02.2026
90000140;20000229;group;2009;;;PR-3458;;;;;;;;;;;;;;;;;;;;;;;;;;;;;;;20.02.2026
90000141;20000229;group;2009;;;PR-3030;;;;;;;;;;;;;;;;;;;;;;;;;;;;;;;20.02.2026
90000994;20000728;group;2009;;;991A;;;;;;;;;;;;;;;;;;;;;;;;;;;;;;;20.02.2026
90000995;20000728;group;2009;;;991X;;;;;;;;;;;;;;;;;;;;;;;;;;;;;;;20.02.2026
90000564;20000728;group;2009;;;201X;;;;;;;;;;;;;;;;;;;;;;;;;;;;;;;20.02.2026
90000565;20000984;group;2009;;;TK-562;;;;;;;;;;;;;;;;;;;;;;;;;;;;;;;20.02.2026
90000566;20001484;group;2009;;;CK-5512;;;;;;;;;;;;;;;;;;;;;;;;;;;;;;;20.02.2026
90000569;20000728;group;2009;;;656X;;;;;;;;;;;;;;;;;;;;;;;;;;;;;;;20.02.2026
90000571;20001453;group;2009;;;CK-8511;;;;;;;;;;;;;;;;;;;;;;;;;;;;;;;20.02.2026
90000572;20001214;group;2009;;;SPC360HE;;;;;;;;;;;;;;;;;;;;;;;;;;;;;;;20.02.2026
90000984;20000513;group;2009;;;TN-626;;;;;;;;;;;;;;;;;;;;;;;;;;;;;;;20.02.2026
90000985;20000728;group;2009;;;212A;;;;;;;;;;;;;;;;;;;;;;;;;;;;;;;20.02.2026
90000986;20000728;group;2009;;;212X;;;;;;;;;;;;;;;;;;;;;;;;;;;;;;;20.02.2026
90000417;20001453;group;2009;;;CK-8514;;;;;;;;;;;;;;;;;;;;;;;;;;;;;;;20.02.2026
90000419;20001214;group;2009;;;TYPE 165;;;;;;;;;;;;;;;;;;;;;;;;;;;;;;;20.02.2026
90000421;20001214;group;2009;;;TYPE 204;;;;;;;;;;;;;;;;;;;;;;;;;;;;;;;20.02.2026
90000424;20001214;group;2009;;;TYPE 125;;;;;;;;;;;;;;;;;;;;;;;;;;;;;;;20.02.2026
90000425;20000728;group;2009;;;642A;;;;;;;;;;;;;;;;;;;;;;;;;;;;;;;20.02.2026
90000427;20001453;group;2009;;;CK-5513;;;;;;;;;;;;;;;;;;;;;;;;;;;;;;;20.02.2026
90000431;20001067;group;2009;;;G-TN 210;;;;;;;;;;;;;;;;;;;;;;;;;;;;;;;20.02.2026
90000433;20001484;group;2009;;;CK-8511;;;;;;;;;;;;;;;;;;;;;;;;;;;;;;;20.02.2026
90000437;20001484;group;2009;;;PK-5011;;;;;;;;;;;;;;;;;;;;;;;;;;;;;;;20.02.2026
90000439;20000728;group;2009;;;644A;;;;;;;;;;;;;;;;;;;;;;;;;;;;;;;20.02.2026
90000440;20000861;group;2009;;;P1;;;;;;;;;;;;;;;;;;;;;;;;;;;;;;;20.02.2026
90000445;20000728;group;2009;;;645A;;;;;;;;;;;;;;;;;;;;;;;;;;;;;;;20.02.2026
90000447;20000728;group;2009;;;122A;;;;;;;;;;;;;;;;;;;;;;;;;;;;;;;20.02.2026
90000448;20000728;group;2009;;;124A;;;;;;;;;;;;;;;;;;;;;;;;;;;;;;;20.02.2026
90000449;20001214;group;2009;;;TYPE P 2;;;;;;;;;;;;;;;;;;;;;;;;;;;;;;;20.02.2026
90000450;20000886;group;2009;;;702H;;;;;;;;;;;;;;;;;;;;;;;;;;;;;;;20.02.2026
90000451;20000886;group;2009;;;802X;;;;;;;;;;;;;;;;;;;;;;;;;;;;;;;20.02.2026
90000452;20001214;group;2009;;;MP C400;;;;;;;;;;;;;;;;;;;;;;;;;;;;;;;20.02.2026
90000453;20000886;group;2009;;;802S;;;;;;;;;;;;;;;;;;;;;;;;;;;;;;;20.02.2026
90000455;20000728;group;2009;;;508A;;;;;;;;;;;;;;;;;;;;;;;;;;;;;;;20.02.2026
90000457;20001484;group;2009;;;CK-8512;;;;;;;;;;;;;;;;;;;;;;;;;;;;;;;20.02.2026
90000458;20001484;group;2009;;;CK-8513;;;;;;;;;;;;;;;;;;;;;;;;;;;;;;;20.02.2026
90000459;20001484;group;2009;;;CK-5513;;;;;;;;;;;;;;;;;;;;;;;;;;;;;;;20.02.2026
90000460;20001484;group;2009;;;PK-5016;;;;;;;;;;;;;;;;;;;;;;;;;;;;;;;20.02.2026
90000461;20001453;group;2009;;;CK-8520;;;;;;;;;;;;;;;;;;;;;;;;;;;;;;;20.02.2026
90000462;20001214;group;2009;;;SPC360X;;;;;;;;;;;;;;;;;;;;;;;;;;;;;;;20.02.2026
90000463;20001214;group;2009;;;TYPE 260;;;;;;;;;;;;;;;;;;;;;;;;;;;;;;;20.02.2026
90000466;20000784;group;2009;;;TYPE XXXI/1;;;;;;;;;;;;;;;;;;;;;;;;;;;;;;;20.02.2026
90000467;20001214;group;2009;;;TYPE T 2;;;;;;;;;;;;;;;;;;;;;;;;;;;;;;;20.02.2026
90000471;20001453;group;2009;;;PK-5013;;;;;;;;;;;;;;;;;;;;;;;;;;;;;;;20.02.2026
90000472;20000728;group;2009;;;507A;;;;;;;;;;;;;;;;;;;;;;;;;;;;;;;20.02.2026
90000142;20000229;group;2009;;;LC-3235;;;;;;;;;;;;;;;;;;;;;;;;;;;;;;;20.02.2026
90000143;20000229;group;2009;;;TN-328;;;;;;;;;;;;;;;;;;;;;;;;;;;;;;;20.02.2026
90000144;20000229;group;2009;;;LC-700;;;;;;;;;;;;;;;;;;;;;;;;;;;;;;;20.02.2026
90000145;20000229;group;2009;;;TN-11;;;;;;;;;;;;;;;;;;;;;;;;;;;;;;;20.02.2026
90000146;20000229;group;2009;;;TN-130;;;;;;;;;;;;;;;;;;;;;;;;;;;;;;;20.02.2026
90000147;20001240;group;2009;;;MLT-D 205;;;;;;;;;;;;;;;;;;;;;;;;;;;;;;;20.02.2026
90000148;20001240;group;2009;;;CLX-R 8385;;;;;;;;;;;;;;;;;;;;;;;;;;;;;;;20.02.2026
90000149;20001289;group;2009;;;MX-312;;;;;;;;;;;;;;;;;;;;;;;;;;;;;;;20.02.2026
90000150;20001289;group;2009;;;MX-510;;;;;;;;;;;;;;;;;;;;;;;;;;;;;;;20.02.2026
90000151;20001289;group;2009;;;SD-365;;;;;;;;;;;;;;;;;;;;;;;;;;;;;;;20.02.2026
90000152;20001289;group;2009;;;SF-216;;;;;;;;;;;;;;;;;;;;;;;;;;;;;;;20.02.2026
90000153;20001289;group;2009;;;AR-450;;;;;;;;;;;;;;;;;;;;;;;;;;;;;;;20.02.2026
90000154;20001289;group;2009;;;MXC-38;;;;;;;;;;;;;;;;;;;;;;;;;;;;;;;20.02.2026
90000155;20001289;group;2009;;;ARC-25;;;;;;;;;;;;;;;;;;;;;;;;;;;;;;;20.02.2026
90000156;20001289;group;2009;;;AR-400;;;;;;;;;;;;;;;;;;;;;;;;;;;;;;;20.02.2026
90000157;20001289;group;2009;;;MX-31;;;;;;;;;;;;;;;;;;;;;;;;;;;;;;;20.02.2026
90000158;20001289;group;2009;;;DX-C 38;;;;;;;;;;;;;;;;;;;;;;;;;;;;;;;20.02.2026
90000159;20001289;group;2009;;;AR-500;;;;;;;;;;;;;;;;;;;;;;;;;;;;;;;20.02.2026
90000160;20002389;group;2009;;;DT60;;;;;;;;;;;;;;;;;;;;;;;;;;;;;;;20.02.2026
90000161;20000229;group;2009;;;LC-221;;;;;;;;;;;;;;;;;;;;;;;;;;;;;;;20.02.2026
90000162;20000229;group;2009;;;LC-985;;;;;;;;;;;;;;;;;;;;;;;;;;;;;;;20.02.2026
90000163;20000229;group;2009;;;TN-241;;;;;;;;;;;;;;;;;;;;;;;;;;;;;;;20.02.2026
90000204;20000728;group;2009;;;MLT-D204;;;;;;;;;;;;;;;;;;;;;;;;;;;;;;;20.02.2026
90000205;20001164;group;2009;;;TN-313;;;;;;;;;;;;;;;;;;;;;;;;;;;;;;;20.02.2026
90000206;20001434;group;2009;;;T-FC 22;;;;;;;;;;;;;;;;;;;;;;;;;;;;;;;20.02.2026
90000209;20000984;group;2009;;;TK-855;;;;;;;;;;;;;;;;;;;;;;;;;;;;;;;20.02.2026
90000210;20000984;group;2009;;;TK-865;;;;;;;;;;;;;;;;;;;;;;;;;;;;;;;20.02.2026
90000211;20000984;group;2009;;;TK-520;;;;;;;;;;;;;;;;;;;;;;;;;;;;;;;20.02.2026
90000212;20001214;group;2009;;;DT1500;;;;;;;;;;;;;;;;;;;;;;;;;;;;;;;20.02.2026
90000213;20001164;group;2009;;;TN-501;;;;;;;;;;;;;;;;;;;;;;;;;;;;;;;20.02.2026
90000214;20000513;group;2009;;;TN-310;;;;;;;;;;;;;;;;;;;;;;;;;;;;;;;20.02.2026
90000215;20000984;group;2009;;;TK-8705;;;;;;;;;;;;;;;;;;;;;;;;;;;;;;;20.02.2026
90000216;20000593;group;2009;;;LC-6;;;;;;;;;;;;;;;;;;;;;;;;;;;;;;;20.02.2026
90000217;20000593;group;2009;;;LC-5;;;;;;;;;;;;;;;;;;;;;;;;;;;;;;;20.02.2026
90000218;20000513;group;2009;;;TN-313;;;;;;;;;;;;;;;;;;;;;;;;;;;;;;;20.02.2026
90000219;20001237;group;2009;;;TNR-385;;;;;;;;;;;;;;;;;;;;;;;;;;;;;;;20.02.2026
90000220;20001164;group;2009;;;TNP-48;;;;;;;;;;;;;;;;;;;;;;;;;;;;;;;20.02.2026
90000221;20000513;group;2009;;;TNP-51;;;;;;;;;;;;;;;;;;;;;;;;;;;;;;;20.02.2026
90000222;20001164;group;2009;;;TNP-50;;;;;;;;;;;;;;;;;;;;;;;;;;;;;;;20.02.2026
90000223;20000513;group;2009;;;TN-619;;;;;;;;;;;;;;;;;;;;;;;;;;;;;;;20.02.2026
90000224;20000513;group;2009;;;TN-514;;;;;;;;;;;;;;;;;;;;;;;;;;;;;;;20.02.2026
90000225;20001164;group;2009;;;TN-514;;;;;;;;;;;;;;;;;;;;;;;;;;;;;;;20.02.2026
90000226;20000984;group;2009;;;TK-5270;;;;;;;;;;;;;;;;;;;;;;;;;;;;;;;20.02.2026
90000227;20001434;group;2009;;;T-FC 210;;;;;;;;;;;;;;;;;;;;;;;;;;;;;;;20.02.2026
90000228;20001434;group;2009;;;T-FC 28;;;;;;;;;;;;;;;;;;;;;;;;;;;;;;;20.02.2026
90000229;20000984;group;2009;;;TK-560;;;;;;;;;;;;;;;;;;;;;;;;;;;;;;;20.02.2026
90000231;20001164;group;2009;;;TN-210;;;;;;;;;;;;;;;;;;;;;;;;;;;;;;;20.02.2026
90000233;20000984;group;2009;;;TK-5305;;;;;;;;;;;;;;;;;;;;;;;;;;;;;;;20.02.2026
90000234;20001237;group;2009;;;TNR 388;;;;;;;;;;;;;;;;;;;;;;;;;;;;;;;20.02.2026
90000235;20001434;group;2009;;;T-FC 415;;;;;;;;;;;;;;;;;;;;;;;;;;;;;;;20.02.2026
90000236;20000984;group;2009;;;TK-800;;;;;;;;;;;;;;;;;;;;;;;;;;;;;;;20.02.2026
90000238;20000984;group;2009;;;TK-820;;;;;;;;;;;;;;;;;;;;;;;;;;;;;;;20.02.2026
90000239;20000984;group;2009;;;TK-815;;;;;;;;;;;;;;;;;;;;;;;;;;;;;;;20.02.2026
90000240;20000513;group;2009;;;TN-615;;;;;;;;;;;;;;;;;;;;;;;;;;;;;;;20.02.2026
90000242;20000513;group;2009;;;TNP-27;;;;;;;;;;;;;;;;;;;;;;;;;;;;;;;20.02.2026
90000243;20001164;group;2009;;;TN-616;;;;;;;;;;;;;;;;;;;;;;;;;;;;;;;20.02.2026
90000244;20000513;group;2009;;;TN-321;;;;;;;;;;;;;;;;;;;;;;;;;;;;;;;20.02.2026
90000245;20001434;group;2009;;;T-FC 20;;;;;;;;;;;;;;;;;;;;;;;;;;;;;;;20.02.2026
90000246;20000984;group;2009;;;TK-8800;;;;;;;;;;;;;;;;;;;;;;;;;;;;;;;20.02.2026
90000247;20000513;group;2009;;;TN-324;;;;;;;;;;;;;;;;;;;;;;;;;;;;;;;20.02.2026
90000248;20000513;group;2009;;;TN-221;;;;;;;;;;;;;;;;;;;;;;;;;;;;;;;20.02.2026
90000249;20000728;group;2009;;;MLT-D203;;;;;;;;;;;;;;;;;;;;;;;;;;;;;;;20.02.2026
90000250;20000728;group;2009;;;CLT-R607;;;;;;;;;;;;;;;;;;;;;;;;;;;;;;;20.02.2026
90000251;20000984;group;2009;;;TK-5290;;;;;;;;;;;;;;;;;;;;;;;;;;;;;;;20.02.2026
90000252;20000984;group;2009;;;TK-570;;;;;;;;;;;;;;;;;;;;;;;;;;;;;;;20.02.2026
90000253;20000984;group;2009;;;TK-550;;;;;;;;;;;;;;;;;;;;;;;;;;;;;;;20.02.2026
90000071;20000229;group;2009;;;TN-426;;;;;;;;;;;;;;;;;;;;;;;;;;;;;;;20.02.2026
90000072;20000229;group;2009;;;LC-1100;;;;;;;;;;;;;;;;;;;;;;;;;;;;;;;20.02.2026
90000073;20000229;group;2009;;;TN-242;;;;;;;;;;;;;;;;;;;;;;;;;;;;;;;20.02.2026
90000075;20000229;group;2009;;;LC-12;;;;;;;;;;;;;;;;;;;;;;;;;;;;;;;20.02.2026
90000076;20000229;group;2009;;;LC-980;;;;;;;;;;;;;;;;;;;;;;;;;;;;;;;20.02.2026
90000077;20001240;group;2009;;;CLT-R 607;;;;;;;;;;;;;;;;;;;;;;;;;;;;;;;20.02.2026
90000078;20001289;group;2009;;;MX-36;;;;;;;;;;;;;;;;;;;;;;;;;;;;;;;20.02.2026
90000079;20001289;group;2009;;;MX-450;;;;;;;;;;;;;;;;;;;;;;;;;;;;;;;20.02.2026
90000080;20001289;group;2009;;;AR-200;;;;;;;;;;;;;;;;;;;;;;;;;;;;;;;20.02.2026
90000081;20001289;group;2009;;;SD-275;;;;;;;;;;;;;;;;;;;;;;;;;;;;;;;20.02.2026
90000082;20001289;group;2009;;;SF-240;;;;;;;;;;;;;;;;;;;;;;;;;;;;;;;20.02.2026
90000083;20001289;group;2009;;;ARC-15;;;;;;;;;;;;;;;;;;;;;;;;;;;;;;;20.02.2026
90000084;20001289;group;2009;;;SF-780;;;;;;;;;;;;;;;;;;;;;;;;;;;;;;;20.02.2026
90000085;20002389;group;2009;;;DT75;;;;;;;;;;;;;;;;;;;;;;;;;;;;;;;20.02.2026
90000086;20002389;group;2009;;;DT338;;;;;;;;;;;;;;;;;;;;;;;;;;;;;;;20.02.2026
90000087;20002389;group;2009;;;CT115;;;;;;;;;;;;;;;;;;;;;;;;;;;;;;;20.02.2026
90000088;20002389;group;2009;;;DT4500;;;;;;;;;;;;;;;;;;;;;;;;;;;;;;;20.02.2026
90000089;20002389;group;2009;;;CT306;;;;;;;;;;;;;;;;;;;;;;;;;;;;;;;20.02.2026
90000091;20000229;group;2009;;;LC-3237;;;;;;;;;;;;;;;;;;;;;;;;;;;;;;;20.02.2026
90000092;20000229;group;2009;;;PR-2770;;;;;;;;;;;;;;;;;;;;;;;;;;;;;;;20.02.2026
90000093;20000229;group;2009;;;LC-3211;;;;;;;;;;;;;;;;;;;;;;;;;;;;;;;20.02.2026
90000094;20000229;group;2009;;;PR-2260;;;;;;;;;;;;;;;;;;;;;;;;;;;;;;;20.02.2026
90000095;20000229;group;2009;;;LC-50;;;;;;;;;;;;;;;;;;;;;;;;;;;;;;;20.02.2026
90000096;20001240;group;2009;;;CLP-500;;;;;;;;;;;;;;;;;;;;;;;;;;;;;;;20.02.2026
90000097;20001240;group;2009;;;CLP-510;;;;;;;;;;;;;;;;;;;;;;;;;;;;;;;20.02.2026
90000098;20001289;group;2009;;;MX-61;;;;;;;;;;;;;;;;;;;;;;;;;;;;;;;20.02.2026
90000099;20001289;group;2009;;;MX-620;;;;;;;;;;;;;;;;;;;;;;;;;;;;;;;20.02.2026
90000100;20001289;group;2009;;;MX-75;;;;;;;;;;;;;;;;;;;;;;;;;;;;;;;20.02.2026
90000101;20001289;group;2009;;;MX-23;;;;;;;;;;;;;;;;;;;;;;;;;;;;;;;20.02.2026
90000102;20001289;group;2009;;;SF-970;;;;;;;;;;;;;;;;;;;;;;;;;;;;;;;20.02.2026
90000103;20001289;group;2009;;;ARC-20;;;;;;;;;;;;;;;;;;;;;;;;;;;;;;;20.02.2026
90000104;20001289;group;2009;;;SF-214;;;;;;;;;;;;;;;;;;;;;;;;;;;;;;;20.02.2026
90000944;20000728;group;2009;;;659A;;;;;;;;;;;;;;;;;;;;;;;;;;;;;;;20.02.2026
90000945;20000728;group;2009;;;659X;;;;;;;;;;;;;;;;;;;;;;;;;;;;;;;20.02.2026
90000393;20000728;group;2009;;;121A;;;;;;;;;;;;;;;;;;;;;;;;;;;;;;;20.02.2026
90000399;20000728;group;2009;;;307A;;;;;;;;;;;;;;;;;;;;;;;;;;;;;;;20.02.2026
90000401;20000886;group;2009;;;802H;;;;;;;;;;;;;;;;;;;;;;;;;;;;;;;20.02.2026
90000402;20001484;group;2009;;;CK-5511;;;;;;;;;;;;;;;;;;;;;;;;;;;;;;;20.02.2026
90000403;20000886;group;2009;;;702;;;;;;;;;;;;;;;;;;;;;;;;;;;;;;;20.02.2026
90000406;20001067;group;2009;;;P2;;;;;;;;;;;;;;;;;;;;;;;;;;;;;;;20.02.2026
90000407;20000886;group;2009;;;702X;;;;;;;;;;;;;;;;;;;;;;;;;;;;;;;20.02.2026
90000410;20001214;group;2009;;;TYPE MPC 305 E;;;;;;;;;;;;;;;;;;;;;;;;;;;;;;;20.02.2026
90000411;20001067;group;2009;;;G-TN611;;;;;;;;;;;;;;;;;;;;;;;;;;;;;;;20.02.2026
90000412;20000728;group;2009;;;410X;;;;;;;;;;;;;;;;;;;;;;;;;;;;;;;20.02.2026
90000415;20001484;group;2009;;;PK-5014;;;;;;;;;;;;;;;;;;;;;;;;;;;;;;;20.02.2026
90000968;20000728;group;2009;;;305XL;;;;;;;;;;;;;;;;;;;;;;;;;;;;;;;20.02.2026
90000969;20000728;group;2009;;;305;;;;;;;;;;;;;;;;;;;;;;;;;;;;;;;20.02.2026
90000346;20001164;group;2009;;;TN-214;;;;;;;;;;;;;;;;;;;;;;;;;;;;;;;20.02.2026
90000347;20001164;group;2009;;;TN-612;;;;;;;;;;;;;;;;;;;;;;;;;;;;;;;20.02.2026
90000348;20000513;group;2009;;;TN-312;;;;;;;;;;;;;;;;;;;;;;;;;;;;;;;20.02.2026
90000349;20001164;group;2009;;;TN-619;;;;;;;;;;;;;;;;;;;;;;;;;;;;;;;20.02.2026
90000350;20000984;group;2009;;;TK-805;;;;;;;;;;;;;;;;;;;;;;;;;;;;;;;20.02.2026
90000351;20000984;group;2009;;;TK-5240;;;;;;;;;;;;;;;;;;;;;;;;;;;;;;;20.02.2026
90000352;20000984;group;2009;;;TK-5220;;;;;;;;;;;;;;;;;;;;;;;;;;;;;;;20.02.2026
90000353;20001164;group;2009;;;TN-319;;;;;;;;;;;;;;;;;;;;;;;;;;;;;;;20.02.2026
90000354;20001164;group;2009;;;TN-221;;;;;;;;;;;;;;;;;;;;;;;;;;;;;;;20.02.2026
90000355;20001434;group;2009;;;T-FC 34;;;;;;;;;;;;;;;;;;;;;;;;;;;;;;;20.02.2026
90000356;20001434;group;2009;;;T-FC 50;;;;;;;;;;;;;;;;;;;;;;;;;;;;;;;20.02.2026
90000357;20001164;group;2009;;;TNP-27;;;;;;;;;;;;;;;;;;;;;;;;;;;;;;;20.02.2026
90000358;20000984;group;2009;;;TK-590;;;;;;;;;;;;;;;;;;;;;;;;;;;;;;;20.02.2026
90000359;20000513;group;2009;;;TN-319;;;;;;;;;;;;;;;;;;;;;;;;;;;;;;;20.02.2026
90000360;20001434;group;2009;;;T-FC 75;;;;;;;;;;;;;;;;;;;;;;;;;;;;;;;20.02.2026
90000361;20000984;group;2009;;;TK-5195;;;;;;;;;;;;;;;;;;;;;;;;;;;;;;;20.02.2026
90000363;20000728;group;2009;;;643A;;;;;;;;;;;;;;;;;;;;;;;;;;;;;;;20.02.2026
90000364;20001214;group;2009;;;TYPE 206;;;;;;;;;;;;;;;;;;;;;;;;;;;;;;;20.02.2026
90000365;20001214;group;2009;;;TYPE K 1;;;;;;;;;;;;;;;;;;;;;;;;;;;;;;;20.02.2026
90000367;20000728;group;2009;;;304A;;;;;;;;;;;;;;;;;;;;;;;;;;;;;;;20.02.2026
90000369;20000728;group;2009;;;504A;;;;;;;;;;;;;;;;;;;;;;;;;;;;;;;20.02.2026
90000370;20000728;group;2009;;;125A;;;;;;;;;;;;;;;;;;;;;;;;;;;;;;;20.02.2026
90000372;20001453;group;2009;;;PK-5019;;;;;;;;;;;;;;;;;;;;;;;;;;;;;;;20.02.2026
90000373;20001214;group;2009;;;TYPE R 2;;;;;;;;;;;;;;;;;;;;;;;;;;;;;;;20.02.2026
90000375;20001214;group;2009;;;TYPE 5502 E;;;;;;;;;;;;;;;;;;;;;;;;;;;;;;;20.02.2026
145265100;;group;2001;;;Stamp;21-13-05-01;;no color;;;;;;;;;84439990;;;;;;;;;;;;;;;;;;;20.02.2026
90000378;20000886;group;2009;;;802;;;;;;;;;;;;;;;;;;;;;;;;;;;;;;;20.02.2026
90000380;20000728;group;2009;;;205A;;;;;;;;;;;;;;;;;;;;;;;;;;;;;;;20.02.2026
90000381;20001067;group;2009;;;C2;;;;;;;;;;;;;;;;;;;;;;;;;;;;;;;20.02.2026
90000382;20001453;group;2009;;;CK-5512;;;;;;;;;;;;;;;;;;;;;;;;;;;;;;;20.02.2026
90000383;20001484;group;2009;;;CK-8515;;;;;;;;;;;;;;;;;;;;;;;;;;;;;;;20.02.2026
90000384;20001453;group;2009;;;PK-5011;;;;;;;;;;;;;;;;;;;;;;;;;;;;;;;20.02.2026
90000386;20000984;group;2009;;;TD 81;;;;;;;;;;;;;;;;;;;;;;;;;;;;;;;20.02.2026
90000387;20001453;group;2009;;;PK-5017;;;;;;;;;;;;;;;;;;;;;;;;;;;;;;;20.02.2026
90000388;20001484;group;2009;;;PK-5018;;;;;;;;;;;;;;;;;;;;;;;;;;;;;;;20.02.2026
90000389;20000728;group;2009;;;314A;;;;;;;;;;;;;;;;;;;;;;;;;;;;;;;20.02.2026
90000391;20001484;group;2009;;;PK-5013;;;;;;;;;;;;;;;;;;;;;;;;;;;;;;;20.02.2026
34001904;20001607;group;2007;;;Disc Publisher;;;;;;;;;;;1;;;;;;;;;;;;;;;;;;;;20.02.2026
34001905;20001607;group;2007;;;LX;;;;;;;;;;;1;;;;;;;;;;;;;;;;;;;;20.02.2026
90000956;20000984;group;2009;;;TK-5345;;;;;;;;;;;;;;;;;;;;;;;;;;;;;;;20.02.2026
34002311;20001218;group;2007;;;VersaArt;;;;;;;;;;;1;;;;;;;;;;;;;;;;;;;;20.02.2026
34002309;20001218;group;2007;;;TrueVIS;;;;;;;;;;;1;;;;;;;;;;;;;;;;;;;;20.02.2026
34002310;20001218;group;2007;;;Soljet;;;;;;;;;;;1;;;;;;;;;;;;;;;;;;;;20.02.2026
34002312;20001218;group;2007;;;VersaCAMM;;;;;;;;;;;1;;;;;;;;;;;;;;;;;;;;20.02.2026
34002313;20001218;group;2007;;;VersaUV;;;;;;;;;;;1;;;;;;;;;;;;;;;;;;;;20.02.2026
34002314;20001218;group;2007;;;Hi-Fi Jet;;;;;;;;;;;1;;;;;;;;;;;;;;;;;;;;20.02.2026
50350742;;text;;;;/SETNEWPASSWORD;;;;;;;;;;;;;;;;;;;;;;;;;;;;;;;20.02.2026
50367488;;text;;;;/CONFIRMPASSWORD;;;;;;;;;;;;;;;;;;;;;;;;;;;;;;;20.02.2026
90001081;20000264;group;2009;;;067H;;;;;;;;;;;;;;;;;;;;;;;;;;;;;;;20.02.2026
90001082;20001434;group;2009;;;T-FC 425 E;;;;;;;;;;;;;;;;;;;;;;;;;;;;;;;20.02.2026
90000998;20000728;group;2009;;;MLT-D309;;;;;;;;;;;;;;;;;;;;;;;;;;;;;;;20.02.2026
34001697;20002389;group;2007;;;R;;;;;;;;;;;1;;;;;;;;;;;;;;;;;;;;20.02.2026
34001698;20002389;group;2007;;;GLS;;;;;;;;;;;1;;;;;;;;;;;;;;;;;;;;20.02.2026
34001699;20002389;group;2007;;;GLX;;;;;;;;;;;1;;;;;;;;;;;;;;;;;;;;20.02.2026
34001700;20002389;group;2007;;;Printstation;;;;;;;;;;;1;;;;;;;;;;;;;;;;;;;;20.02.2026
34001667;20000593;group;2007;;;SureLab;;;;;;;;;;;1;;;;;;;;;;;;;;;;;;;;20.02.2026
90000959;20000593;group;2009;;;113;;;;;;;;;;;;;;;;;;;;;;;;;;;;;;;20.02.2026
34001678;20000728;group;2007;;;Neverstop;;;;;;;;;;;1;;;;;;;;;;;;;;;;;;;;20.02.2026
90001168;20000593;group;2009;;;T05A;;;;;;;;;;;;;;;;;;;;;;;;;;;;;;;20.02.2026
34001742;20000593;group;2007;;;Discproducer;;;;;;;;;;;1;;;;;;;;;;;;;;;;;;;;20.02.2026
90001046;20000728;group;2009;;;832;;;;;;;;;;;;;;;;;;;;;;;;;;;;;;;20.02.2026
90001045;20001214;group;2009;;;IM C530;;;;;;;;;;;;;;;;;;;;;;;;;;;;;;;20.02.2026
90001030;20000229;group;2009;;;TN-245;;;;;;;;;;;;;;;;;;;;;;;;;;;;;;;20.02.2026
90001031;20000229;group;2009;;;TN-246;;;;;;;;;;;;;;;;;;;;;;;;;;;;;;;20.02.2026
90001166;20000264;group;2009;;;CL-586;;;;;;;;;;;;;;;;;;;;;;;;;;;;;;;20.02.2026
90001167;20000264;group;2009;;;PG-585;;;;;;;;;;;;;;;;;;;;;;;;;;;;;;;20.02.2026
90001136;20000229;group;2009;;;LC-127;;;;;;;;;;;;;;;;;;;;;;;;;;;;;;;20.02.2026
90001068;20000264;group;2009;;;T12;;;;;;;;;;;;;;;;;;;;;;;;;;;;;;;20.02.2026
90001077;20000728;group;2009;;;870;;;;;;;;;;;;;;;;;;;;;;;;;;;;;;;20.02.2026
90001278;20001484;group;2009;;;PK-5025;;;;;;;;;;;;;;;;;;;;;;;;;;;;;;;20.02.2026
90001072;20000593;group;2009;;;604XL;;;;;;;;;;;;;;;;;;;;;;;;;;;;;;;20.02.2026
90001073;20000593;group;2009;;;604;;;;;;;;;;;;;;;;;;;;;;;;;;;;;;;20.02.2026
90001084;20000728;group;2009;;;47;;;;;;;;;;;;;;;;;;;;;;;;;;;;;;;20.02.2026
90001157;20000229;group;2009;;;TN-824;;;;;;;;;;;;;;;;;;;;;;;;;;;;;;;20.02.2026
90001027;20001484;group;2009;;;CK-8530;;;;;;;;;;;;;;;;;;;;;;;;;;;;;;;20.02.2026
90001028;20001484;group;2009;;;CK-8531;;;;;;;;;;;;;;;;;;;;;;;;;;;;;;;20.02.2026
90001057;20000229;group;2009;;;LC-428;;;;;;;;;;;;;;;;;;;;;;;;;;;;;;;20.02.2026
90001043;20000728;group;2009;;;867;;;;;;;;;;;;;;;;;;;;;;;;;;;;;;;20.02.2026
90001055;20000593;group;2009;;;408;;;;;;;;;;;;;;;;;;;;;;;;;;;;;;;20.02.2026
90001056;20000593;group;2009;;;408L;;;;;;;;;;;;;;;;;;;;;;;;;;;;;;;20.02.2026
90001302;20000229;group;2009;;;LC-3259;;;;;;;;;;;;;;;;;;;;;;;;;;;;;;;20.02.2026
90001051;20001484;group;2009;;;CK-8532;;;;;;;;;;;;;;;;;;;;;;;;;;;;;;;20.02.2026
90001053;20001484;group;2009;;;CK-8533;;;;;;;;;;;;;;;;;;;;;;;;;;;;;;;20.02.2026
90001054;20001453;group;2009;;;CK-8532;;;;;;;;;;;;;;;;;;;;;;;;;;;;;;;20.02.2026
34002364;50188386;group;2007;;;FD;;;;;;;;;;;1;;;;;;;;;;;;;;;;;;;;20.02.2026
34002365;20001237;group;2007;;;MFD;;;;;;;;;;;1;;;;;;;;;;;;;;;;;;;;20.02.2026
34002366;20001074;group;2007;;;Pro;;;;;;;;;;;1;;;;;;;;;;;;;;;;;;;;20.02.2026
34002367;20001289;group;2007;;;BP-C;;;;;;;;;;;1;;;;;;;;;;;;;;;;;;;;20.02.2026
34002368;20001289;group;2007;;;BP-B;;;;;;;;;;;1;;;;;;;;;;;;;;;;;;;;20.02.2026
34002369;20001289;group;2007;;;BP;;;;;;;;;;;1;;;;;;;;;;;;;;;;;;;;20.02.2026
34002370;20001535;group;2007;;;Versant;;;;;;;;;;;1;;;;;;;;;;;;;;;;;;;;20.02.2026
34002371;20001535;group;2007;;;Nuvera;;;;;;;;;;;1;;;;;;;;;;;;;;;;;;;;20.02.2026
34002361;20000229;group;2007;;;PT-N;;;;;;;;;;;1;;;;;;;;;;;;;;;;;;;;20.02.2026
34002396;20002308;group;2007;;;CJV;;;;;;;;;;;1;;;;;;;;;;;;;;;;;;;;20.02.2026
34002397;20002308;group;2007;;;JV;;;;;;;;;;;1;;;;;;;;;;;;;;;;;;;;20.02.2026
34002398;20002308;group;2007;;;JFX;;;;;;;;;;;1;;;;;;;;;;;;;;;;;;;;20.02.2026
90001171;20000984;group;2009;;;TK-5415;;;;;;;;;;;;;;;;;;;;;;;;;;;;;;;20.02.2026
90001172;20000984;group;2009;;;TK-5390;;;;;;;;;;;;;;;;;;;;;;;;;;;;;;;20.02.2026
50419634;;text;145222600;;;TINTENPATRONE CHROMA OPTIMIZER;;;;;;;;;;;;;;;;;;;;;;F;;;;;;;;;20.02.2026
90001173;20000728;group;2009;;;738;;;;;;;;;;;;;;;;;;;;;;;;;;;;;;;20.02.2026
90001074;20000593;group;2009;;;503;;;;;;;;;;;;;;;;;;;;;;;;;;;;;;;20.02.2026
90001075;20000593;group;2009;;;503XL;;;;;;;;;;;;;;;;;;;;;;;;;;;;;;;20.02.2026
90001121;20000264;group;2009;;;CL-511;;;;;;;;;;;;;;;;;;;;;;;;;;;;;;;20.02.2026
90001122;20000264;group;2009;;;PG-37;;;;;;;;;;;;;;;;;;;;;;;;;;;;;;;20.02.2026
90001123;20000264;group;2009;;;NPG-9;;;;;;;;;;;;;;;;;;;;;;;;;;;;;;;20.02.2026
90001124;20000264;group;2009;;;NPG-4;;;;;;;;;;;;;;;;;;;;;;;;;;;;;;;20.02.2026
90001125;20000264;group;2009;;;PG-510;;;;;;;;;;;;;;;;;;;;;;;;;;;;;;;20.02.2026
90001126;20000264;group;2009;;;NPG-7;;;;;;;;;;;;;;;;;;;;;;;;;;;;;;;20.02.2026
90001127;20000264;group;2009;;;NPG-10;;;;;;;;;;;;;;;;;;;;;;;;;;;;;;;20.02.2026
90001128;20000264;group;2009;;;CL-541;;;;;;;;;;;;;;;;;;;;;;;;;;;;;;;20.02.2026
90001129;20000264;group;2009;;;CL-561;;;;;;;;;;;;;;;;;;;;;;;;;;;;;;;20.02.2026
90001085;20000264;group;2009;;;PG-540;;;;;;;;;;;;;;;;;;;;;;;;;;;;;;;20.02.2026
90001086;20000264;group;2009;;;PGI-550;;;;;;;;;;;;;;;;;;;;;;;;;;;;;;;20.02.2026
90001003;20000984;group;2009;;;TK-8375;;;;;;;;;;;;;;;;;;;;;;;;;;;;;;;20.02.2026
90001004;20000984;group;2009;;;TK-8365;;;;;;;;;;;;;;;;;;;;;;;;;;;;;;;20.02.2026
90001087;20000264;group;2009;;;PGI-29;;;;;;;;;;;;;;;;;;;;;;;;;;;;;;;20.02.2026
90001088;20000264;group;2009;;;PGI-72;;;;;;;;;;;;;;;;;;;;;;;;;;;;;;;20.02.2026
90001089;20000264;group;2009;;;PG-560;;;;;;;;;;;;;;;;;;;;;;;;;;;;;;;20.02.2026
90001090;20000264;group;2009;;;PGI-570;;;;;;;;;;;;;;;;;;;;;;;;;;;;;;;20.02.2026
90001091;20000264;group;2009;;;PGI-7500;;;;;;;;;;;;;;;;;;;;;;;;;;;;;;;20.02.2026
90001092;20000264;group;2009;;;NPG-1;;;;;;;;;;;;;;;;;;;;;;;;;;;;;;;20.02.2026
90001093;20000264;group;2009;;;PG-545;;;;;;;;;;;;;;;;;;;;;;;;;;;;;;;20.02.2026
90001094;20000264;group;2009;;;PGI-580;;;;;;;;;;;;;;;;;;;;;;;;;;;;;;;20.02.2026
90001095;20000264;group;2009;;;PGI-9;;;;;;;;;;;;;;;;;;;;;;;;;;;;;;;20.02.2026
90001096;20000264;group;2009;;;NPG-5;;;;;;;;;;;;;;;;;;;;;;;;;;;;;;;20.02.2026
90001097;20000728;group;2009;;;MLT-D111;;;;;;;;;;;;;;;;;;;;;;;;;;;;;;;20.02.2026
90001098;20000728;group;2009;;;ML-D3470;;;;;;;;;;;;;;;;;;;;;;;;;;;;;;;20.02.2026
90001099;20001434;group;2009;;;T-3850;;;;;;;;;;;;;;;;;;;;;;;;;;;;;;;20.02.2026
90001100;20000728;group;2009;;;CLT-M506;;;;;;;;;;;;;;;;;;;;;;;;;;;;;;;20.02.2026
90001102;20000728;group;2009;;;CLT-K506;;;;;;;;;;;;;;;;;;;;;;;;;;;;;;;20.02.2026
90001103;20000728;group;2009;;;CLT-C506;;;;;;;;;;;;;;;;;;;;;;;;;;;;;;;20.02.2026
90001104;20000728;group;2009;;;CLT-Y506;;;;;;;;;;;;;;;;;;;;;;;;;;;;;;;20.02.2026
90001105;20000728;group;2009;;;MLT-D101;;;;;;;;;;;;;;;;;;;;;;;;;;;;;;;20.02.2026
90001106;20000728;group;2009;;;MLT-D304;;;;;;;;;;;;;;;;;;;;;;;;;;;;;;;20.02.2026
90001107;20000264;group;2009;;;CLI-36;;;;;;;;;;;;;;;;;;;;;;;;;;;;;;;20.02.2026
90001108;20000728;group;2009;;;CLT-Y603;;;;;;;;;;;;;;;;;;;;;;;;;;;;;;;20.02.2026
90001109;20000728;group;2009;;;CLT-C603;;;;;;;;;;;;;;;;;;;;;;;;;;;;;;;20.02.2026
90001110;20000264;group;2009;;;PG-46;;;;;;;;;;;;;;;;;;;;;;;;;;;;;;;20.02.2026
90001111;20000264;group;2009;;;PGI-520;;;;;;;;;;;;;;;;;;;;;;;;;;;;;;;20.02.2026
90001112;20000264;group;2009;;;NPG-13;;;;;;;;;;;;;;;;;;;;;;;;;;;;;;;20.02.2026
90001113;20000264;group;2009;;;PGI-5;;;;;;;;;;;;;;;;;;;;;;;;;;;;;;;20.02.2026
90001114;20000264;group;2009;;;NPG-11;;;;;;;;;;;;;;;;;;;;;;;;;;;;;;;20.02.2026
90001115;20000264;group;2009;;;CL-41;;;;;;;;;;;;;;;;;;;;;;;;;;;;;;;20.02.2026
90001116;20000264;group;2009;;;PG-40;;;;;;;;;;;;;;;;;;;;;;;;;;;;;;;20.02.2026
90001117;20000264;group;2009;;;PG-512;;;;;;;;;;;;;;;;;;;;;;;;;;;;;;;20.02.2026
90001118;20000264;group;2009;;;PGI-525;;;;;;;;;;;;;;;;;;;;;;;;;;;;;;;20.02.2026
90001119;20000264;group;2009;;;PGI-35;;;;;;;;;;;;;;;;;;;;;;;;;;;;;;;20.02.2026
90001120;20000264;group;2009;;;CL-546;;;;;;;;;;;;;;;;;;;;;;;;;;;;;;;20.02.2026
90001138;20000593;group;2009;;;107;;;;;;;;;;;;;;;;;;;;;;;;;;;;;;;20.02.2026
34002114;20001453;group;2007;;;P;;;;;;;;;;;1;;;;;;;;;;;;;;;;;;;;20.02.2026
50316724;;text;;;;NICHT KLEBEND;;;;;;;;;;;;;;;;;;;;;;;;;;;;;;;20.02.2026
34002141;20002488;group;2007;;;Rhino;;;;;;;;;;;1;;;;;;;;;;;;;;;;;;;;20.02.2026
34001992;20001214;group;2007;;;P;;;;;;;;;;;1;;;;;;;;;;;;;;;;;;;;20.02.2026
34001993;20001214;group;2007;;;PC;;;;;;;;;;;1;;;;;;;;;;;;;;;;;;;;20.02.2026
34002447;20000264;group;2007;;;imageFORCE;;;;;;;;;;;1;;;;;;;;;;;;;;;;;;;;20.02.2026
90001165;20000984;group;2009;;;TK-5405;;;;;;;;;;;;;;;;;;;;;;;;;;;;;;;20.02.2026
90001169;20000229;group;2009;;;TN-248;;;;;;;;;;;;;;;;;;;;;;;;;;;;;;;20.02.2026
90001170;20000229;group;2009;;;TN-249;;;;;;;;;;;;;;;;;;;;;;;;;;;;;;;20.02.2026
90001163;20000984;group;2009;;;TK-5370;;;;;;;;;;;;;;;;;;;;;;;;;;;;;;;20.02.2026
90001164;20000984;group;2009;;;TK-5380;;;;;;;;;;;;;;;;;;;;;;;;;;;;;;;20.02.2026
90001160;20001289;group;2009;;;MXC-52;;;;;;;;;;;;;;;;;;;;;;;;;;;;;;;20.02.2026
145228000;;group;2001;;;Etikettes;;;no color;;;;;;;;;84439990;;;;;;;;;;;;;;;;;;;20.02.2026
90001159;20000264;group;2009;;;C-EXV 64;;;;;;;;;;;;;;;;;;;;;;;;;;;;;;;20.02.2026
50463104;;text;;;;ONLYOEMSUPPLIES;;;;;;;;;;;;;;;;;;;;;;;;;;;;;;;20.02.2026
90001177;20001484;group;2009;;;CK-5517;;;;;;;;;;;;;;;;;;;;;;;;;;;;;;;20.02.2026
90001178;20001434;group;2009;;;T-FC 339 E-;;;;;;;;;;;;;;;;;;;;;;;;;;;;;;;20.02.2026
90001179;20001484;group;2009;;;CK-5516;;;;;;;;;;;;;;;;;;;;;;;;;;;;;;;20.02.2026
90001180;20001484;group;2009;;;PK-5021;;;;;;;;;;;;;;;;;;;;;;;;;;;;;;;20.02.2026
90001182;20001484;group;2009;;;PK-5020;;;;;;;;;;;;;;;;;;;;;;;;;;;;;;;20.02.2026
90001263;20000728;group;2009;;;225A;;;;;;;;;;;;;;;;;;;;;;;;;;;;;;;20.02.2026
90001248;20000229;group;2009;;;LC-527;;;;;;;;;;;;;;;;;;;;;;;;;;;;;;;20.02.2026
90001249;20000229;group;2009;;;LC-521;;;;;;;;;;;;;;;;;;;;;;;;;;;;;;;20.02.2026
90001250;20000593;group;2009;;;SJI-C-55;;;;;;;;;;;;;;;;;;;;;;;;;;;;;;;20.02.2026
90001293;20000229;group;2009;;;LC-528;;;;;;;;;;;;;;;;;;;;;;;;;;;;;;;20.02.2026
90001174;20000229;group;2009;;;TN-252;;;;;;;;;;;;;;;;;;;;;;;;;;;;;;;20.02.2026
90001252;20000984;group;2009;;;TK-8625;;;;;;;;;;;;;;;;;;;;;;;;;;;;;;;20.02.2026
90001253;20000984;group;2009;;;TK-8465;;;;;;;;;;;;;;;;;;;;;;;;;;;;;;;20.02.2026
90001254;20000984;group;2009;;;TK-8595;;;;;;;;;;;;;;;;;;;;;;;;;;;;;;;20.02.2026
90001255;20000984;group;2009;;;TK-8455;;;;;;;;;;;;;;;;;;;;;;;;;;;;;;;20.02.2026
90001256;20000984;group;2009;;;TK-8585;;;;;;;;;;;;;;;;;;;;;;;;;;;;;;;20.02.2026
90001257;20000984;group;2009;;;TK-8615;;;;;;;;;;;;;;;;;;;;;;;;;;;;;;;20.02.2026
90001258;20000984;group;2009;;;TK-8605;;;;;;;;;;;;;;;;;;;;;;;;;;;;;;;20.02.2026
90001259;20000984;group;2009;;;IK-7115;;;;;;;;;;;;;;;;;;;;;;;;;;;;;;;20.02.2026
90001260;20000984;group;2009;;;IK-7125;;;;;;;;;;;;;;;;;;;;;;;;;;;;;;;20.02.2026
90001291;20000229;group;2009;;;TN-627;;;;;;;;;;;;;;;;;;;;;;;;;;;;;;;20.02.2026
90001292;20000229;group;2009;;;TN-625;;;;;;;;;;;;;;;;;;;;;;;;;;;;;;;20.02.2026
90001261;20000264;group;2009;;;C-EXV 1001;;;;;;;;;;;;;;;;;;;;;;;;;;;;;;;20.02.2026
90001262;20000593;group;2009;;;T13M1;;;;;;;;;;;;;;;;;;;;;;;;;;;;;;;20.02.2026
90001134;20000513;group;2009;;;TN-715;;;;;;;;;;;;;;;;;;;;;;;;;;;;;;;20.02.2026
50444331;;text;;;;ULTRA HIGH-CAPACITY;;;;;;;;;;;;;;;;;;;;;;;;;;;;;;;20.02.2026
50495000;;text;;;;ZOLLTARIFNUMMER;;;;;;;;;;;;6000;;;;;;;;;;;;;;;;;;;20.02.2026
90001280;20000264;group;2009;;;PG-595;;;;;;;;;;;;;;;;;;;;;;;;;;;;;;;20.02.2026
50559433;;text;145228000;;;INKJET ETIKETTENROLLE;;;;;;;;;;;;;;;;;;;;;;F;;;;;;;;;20.02.2026
50324247;;text;145228000;;;INKJET ETIKETTEN;;;;;;;;;;;;;;;;;;;;;;F;;F;;;;;;;20.02.2026
90001264;20001484;group;2009;;;CK-8540;;;;;;;;;;;;;;;;;;;;;;;;;;;;;;;20.02.2026
90001265;20001484;group;2009;;;CK-8543;;;;;;;;;;;;;;;;;;;;;;;;;;;;;;;20.02.2026
90001266;20001484;group;2009;;;CK-8546;;;;;;;;;;;;;;;;;;;;;;;;;;;;;;;20.02.2026
90001267;20001484;group;2009;;;CK-8542;;;;;;;;;;;;;;;;;;;;;;;;;;;;;;;20.02.2026
90001269;20001484;group;2009;;;CK-8541;;;;;;;;;;;;;;;;;;;;;;;;;;;;;;;20.02.2026
90001273;20001484;group;2009;;;CK-8544;;;;;;;;;;;;;;;;;;;;;;;;;;;;;;;20.02.2026
90001274;20001484;group;2009;;;CK-8545;;;;;;;;;;;;;;;;;;;;;;;;;;;;;;;20.02.2026
50352078;;text;;;;/NOSTORE;;;;;;;;;;;;;;;;;;;;;;;;;;;;;;;20.02.2026
90001151;20000264;group;2009;;;040H;;;;;;;;;;;;;;;;;;;;;;;;;;;;;;;20.02.2026
90001142;20000728;group;2009;;;220A;;;;;;;;;;;;;;;;;;;;;;;;;;;;;;;20.02.2026
90001143;20000728;group;2009;;;213A;;;;;;;;;;;;;;;;;;;;;;;;;;;;;;;20.02.2026
90001144;20000728;group;2009;;;213X;;;;;;;;;;;;;;;;;;;;;;;;;;;;;;;20.02.2026
90001145;20000728;group;2009;;;217Z;;;;;;;;;;;;;;;;;;;;;;;;;;;;;;;20.02.2026
90001146;20000728;group;2009;;;230A;;;;;;;;;;;;;;;;;;;;;;;;;;;;;;;20.02.2026
90001147;20000728;group;2009;;;230X;;;;;;;;;;;;;;;;;;;;;;;;;;;;;;;20.02.2026
90001148;20000728;group;2009;;;210A;;;;;;;;;;;;;;;;;;;;;;;;;;;;;;;20.02.2026
90001149;20000728;group;2009;;;210X;;;;;;;;;;;;;;;;;;;;;;;;;;;;;;;20.02.2026
90001150;20000728;group;2009;;;220X;;;;;;;;;;;;;;;;;;;;;;;;;;;;;;;20.02.2026
90001047;20000229;group;2009;;;LC-422;;;;;;;;;;;;;;;;;;;;;;;;;;;;;;;20.02.2026
90001135;20000264;group;2009;;;PFI-050;;;;;;;;;;;;;;;;;;;;;;;;;;;;;;;20.02.2026
90001140;20001164;group;2009;;;TNP-93;;;;;;;;;;;;;;;;;;;;;;;;;;;;;;;20.02.2026
90001141;20001164;group;2009;;;TNP-92;;;;;;;;;;;;;;;;;;;;;;;;;;;;;;;20.02.2026
90001078;20000229;group;2009;;;TN-821;;;;;;;;;;;;;;;;;;;;;;;;;;;;;;;20.02.2026
90001152;20000593;group;2009;;;T48L;;;;;;;;;;;;;;;;;;;;;;;;;;;;;;;20.02.2026
90001153;20001434;group;2009;;;T-FC 220 E;;;;;;;;;;;;;;;;;;;;;;;;;;;;;;;20.02.2026
50351409;;text;;;;PRESSF11POS;;;;;;;;;;;;;;;;;;;;;;;;;;;;;;;20.02.2026
34001879;50096914;group;2007;;;M;;;;;;;;;;;1;;;;;;;;;;;;;;;;;;;;20.02.2026
34001880;50096914;group;2007;;;BP;;;;;;;;;;;1;;;;;;;;;;;;;;;;;;;;20.02.2026
34001881;50096914;group;2007;;;L;;;;;;;;;;;1;;;;;;;;;;;;;;;;;;;;20.02.2026
